==20681== NVPROF is profiling process 20681, command: ./threadFenceReduction 0
==20681== Some kernel(s) will be replayed on device 0 in order to collect all events/metrics.
==20681== Profiling application: ./threadFenceReduction 0
==20681== Profiling result:
==20681== Metric result:
"Device","Kernel","Invocations","Metric Name","Metric Description","Min","Max","Avg"
"GeForce GTX 1080 Ti (0)","void reduceMultiPass<unsigned int=128, bool=1>(float const *, float*, unsigned int)",1,"inst_per_warp","Instructions per warp",929.000000,929.000000,929.000000
"GeForce GTX 1080 Ti (0)","void reduceMultiPass<unsigned int=128, bool=1>(float const *, float*, unsigned int)",1,"branch_efficiency","Branch Efficiency",100.000000%,100.000000%,100.000000%
"GeForce GTX 1080 Ti (0)","void reduceMultiPass<unsigned int=128, bool=1>(float const *, float*, unsigned int)",1,"warp_execution_efficiency","Warp Execution Efficiency",99.869520%,99.869520%,99.869520%
"GeForce GTX 1080 Ti (0)","void reduceMultiPass<unsigned int=128, bool=1>(float const *, float*, unsigned int)",1,"warp_nonpred_execution_efficiency","Warp Non-Predicated Execution Efficiency",99.411329%,99.411329%,99.411329%
"GeForce GTX 1080 Ti (0)","void reduceMultiPass<unsigned int=128, bool=1>(float const *, float*, unsigned int)",1,"inst_replay_overhead","Instruction Replay Overhead",0.002153,0.002153,0.002153
"GeForce GTX 1080 Ti (0)","void reduceMultiPass<unsigned int=128, bool=1>(float const *, float*, unsigned int)",1,"shared_load_transactions_per_request","Shared Memory Load Transactions Per Request",0.818182,0.818182,0.818182
"GeForce GTX 1080 Ti (0)","void reduceMultiPass<unsigned int=128, bool=1>(float const *, float*, unsigned int)",1,"shared_store_transactions_per_request","Shared Memory Store Transactions Per Request",0.857143,0.857143,0.857143
"GeForce GTX 1080 Ti (0)","void reduceMultiPass<unsigned int=128, bool=1>(float const *, float*, unsigned int)",1,"local_load_transactions_per_request","Local Memory Load Transactions Per Request",0.000000,0.000000,0.000000
"GeForce GTX 1080 Ti (0)","void reduceMultiPass<unsigned int=128, bool=1>(float const *, float*, unsigned int)",1,"local_store_transactions_per_request","Local Memory Store Transactions Per Request",0.000000,0.000000,0.000000
"GeForce GTX 1080 Ti (0)","void reduceMultiPass<unsigned int=128, bool=1>(float const *, float*, unsigned int)",1,"gld_transactions_per_request","Global Load Transactions Per Request",8.000000,8.000000,8.000000
"GeForce GTX 1080 Ti (0)","void reduceMultiPass<unsigned int=128, bool=1>(float const *, float*, unsigned int)",1,"gst_transactions_per_request","Global Store Transactions Per Request",1.000000,1.000000,1.000000
"GeForce GTX 1080 Ti (0)","void reduceMultiPass<unsigned int=128, bool=1>(float const *, float*, unsigned int)",1,"shared_store_transactions","Shared Store Transactions",768,768,768
"GeForce GTX 1080 Ti (0)","void reduceMultiPass<unsigned int=128, bool=1>(float const *, float*, unsigned int)",1,"shared_load_transactions","Shared Load Transactions",576,576,576
"GeForce GTX 1080 Ti (0)","void reduceMultiPass<unsigned int=128, bool=1>(float const *, float*, unsigned int)",1,"local_load_transactions","Local Load Transactions",0,0,0
"GeForce GTX 1080 Ti (0)","void reduceMultiPass<unsigned int=128, bool=1>(float const *, float*, unsigned int)",1,"local_store_transactions","Local Store Transactions",0,0,0
"GeForce GTX 1080 Ti (0)","void reduceMultiPass<unsigned int=128, bool=1>(float const *, float*, unsigned int)",1,"gld_transactions","Global Load Transactions",262144,262144,262144
"GeForce GTX 1080 Ti (0)","void reduceMultiPass<unsigned int=128, bool=1>(float const *, float*, unsigned int)",1,"gst_transactions","Global Store Transactions",64,64,64
"GeForce GTX 1080 Ti (0)","void reduceMultiPass<unsigned int=128, bool=1>(float const *, float*, unsigned int)",1,"sysmem_read_transactions","System Memory Read Transactions",0,0,0
"GeForce GTX 1080 Ti (0)","void reduceMultiPass<unsigned int=128, bool=1>(float const *, float*, unsigned int)",1,"sysmem_write_transactions","System Memory Write Transactions",5,5,5
"GeForce GTX 1080 Ti (0)","void reduceMultiPass<unsigned int=128, bool=1>(float const *, float*, unsigned int)",1,"l2_read_transactions","L2 Read Transactions",131408,131408,131408
"GeForce GTX 1080 Ti (0)","void reduceMultiPass<unsigned int=128, bool=1>(float const *, float*, unsigned int)",1,"l2_write_transactions","L2 Write Transactions",77,77,77
"GeForce GTX 1080 Ti (0)","void reduceMultiPass<unsigned int=128, bool=1>(float const *, float*, unsigned int)",1,"global_hit_rate","Global Hit Rate",50.000000%,50.000000%,50.000000%
"GeForce GTX 1080 Ti (0)","void reduceMultiPass<unsigned int=128, bool=1>(float const *, float*, unsigned int)",1,"local_hit_rate","Local Hit Rate",0.000000%,0.000000%,0.000000%
"GeForce GTX 1080 Ti (0)","void reduceMultiPass<unsigned int=128, bool=1>(float const *, float*, unsigned int)",1,"gld_requested_throughput","Requested Global Load Throughput",148.707553GB/s,148.707553GB/s,148.707069GB/s
"GeForce GTX 1080 Ti (0)","void reduceMultiPass<unsigned int=128, bool=1>(float const *, float*, unsigned int)",1,"gst_requested_throughput","Requested Global Store Throughput",9.294222MB/s,9.294222MB/s,8.583069MB/s
"GeForce GTX 1080 Ti (0)","void reduceMultiPass<unsigned int=128, bool=1>(float const *, float*, unsigned int)",1,"gld_throughput","Global Load Throughput",148.707553GB/s,148.707553GB/s,148.707069GB/s
"GeForce GTX 1080 Ti (0)","void reduceMultiPass<unsigned int=128, bool=1>(float const *, float*, unsigned int)",1,"gst_throughput","Global Store Throughput",74.353776MB/s,74.353776MB/s,73.432922MB/s
"GeForce GTX 1080 Ti (0)","void reduceMultiPass<unsigned int=128, bool=1>(float const *, float*, unsigned int)",1,"local_memory_overhead","Local Memory Overhead",0.000000%,0.000000%,0.000000%
"GeForce GTX 1080 Ti (0)","void reduceMultiPass<unsigned int=128, bool=1>(float const *, float*, unsigned int)",1,"tex_cache_hit_rate","Unified Cache Hit Rate",49.987796%,49.987796%,49.987796%
"GeForce GTX 1080 Ti (0)","void reduceMultiPass<unsigned int=128, bool=1>(float const *, float*, unsigned int)",1,"l2_tex_read_hit_rate","L2 Hit Rate (Texture Reads)",0.140381%,0.140381%,0.140381%
"GeForce GTX 1080 Ti (0)","void reduceMultiPass<unsigned int=128, bool=1>(float const *, float*, unsigned int)",1,"l2_tex_write_hit_rate","L2 Hit Rate (Texture Writes)",96.875000%,96.875000%,96.875000%
"GeForce GTX 1080 Ti (0)","void reduceMultiPass<unsigned int=128, bool=1>(float const *, float*, unsigned int)",1,"tex_cache_throughput","Unified Cache Throughput",148.707553GB/s,148.707553GB/s,148.707069GB/s
"GeForce GTX 1080 Ti (0)","void reduceMultiPass<unsigned int=128, bool=1>(float const *, float*, unsigned int)",1,"l2_tex_read_throughput","L2 Throughput (Texture Reads)",148.707553GB/s,148.707553GB/s,148.707069GB/s
"GeForce GTX 1080 Ti (0)","void reduceMultiPass<unsigned int=128, bool=1>(float const *, float*, unsigned int)",1,"l2_tex_write_throughput","L2 Throughput (Texture Writes)",74.353776MB/s,74.353776MB/s,73.432922MB/s
"GeForce GTX 1080 Ti (0)","void reduceMultiPass<unsigned int=128, bool=1>(float const *, float*, unsigned int)",1,"l2_read_throughput","L2 Throughput (Reads)",149.088761GB/s,149.088761GB/s,149.087980GB/s
"GeForce GTX 1080 Ti (0)","void reduceMultiPass<unsigned int=128, bool=1>(float const *, float*, unsigned int)",1,"l2_write_throughput","L2 Throughput (Writes)",89.456887MB/s,89.456887MB/s,88.691711MB/s
"GeForce GTX 1080 Ti (0)","void reduceMultiPass<unsigned int=128, bool=1>(float const *, float*, unsigned int)",1,"sysmem_read_throughput","System Memory Read Throughput",0.000000B/s,0.000000B/s,0.000000B/s
"GeForce GTX 1080 Ti (0)","void reduceMultiPass<unsigned int=128, bool=1>(float const *, float*, unsigned int)",1,"sysmem_write_throughput","System Memory Write Throughput",5.808888MB/s,5.808888MB/s,5.722046MB/s
"GeForce GTX 1080 Ti (0)","void reduceMultiPass<unsigned int=128, bool=1>(float const *, float*, unsigned int)",1,"local_load_throughput","Local Memory Load Throughput",0.000000B/s,0.000000B/s,0.000000B/s
"GeForce GTX 1080 Ti (0)","void reduceMultiPass<unsigned int=128, bool=1>(float const *, float*, unsigned int)",1,"local_store_throughput","Local Memory Store Throughput",0.000000B/s,0.000000B/s,0.000000B/s
"GeForce GTX 1080 Ti (0)","void reduceMultiPass<unsigned int=128, bool=1>(float const *, float*, unsigned int)",1,"shared_load_throughput","Shared Memory Load Throughput",2.614000GB/s,2.614000GB/s,2.613291GB/s
"GeForce GTX 1080 Ti (0)","void reduceMultiPass<unsigned int=128, bool=1>(float const *, float*, unsigned int)",1,"shared_store_throughput","Shared Memory Store Throughput",3.485333GB/s,3.485333GB/s,3.485009GB/s
"GeForce GTX 1080 Ti (0)","void reduceMultiPass<unsigned int=128, bool=1>(float const *, float*, unsigned int)",1,"gld_efficiency","Global Memory Load Efficiency",100.000000%,100.000000%,100.000000%
"GeForce GTX 1080 Ti (0)","void reduceMultiPass<unsigned int=128, bool=1>(float const *, float*, unsigned int)",1,"gst_efficiency","Global Memory Store Efficiency",12.500000%,12.500000%,12.500000%
"GeForce GTX 1080 Ti (0)","void reduceMultiPass<unsigned int=128, bool=1>(float const *, float*, unsigned int)",1,"tex_cache_transactions","Unified Cache Transactions",131072,131072,131072
"GeForce GTX 1080 Ti (0)","void reduceMultiPass<unsigned int=128, bool=1>(float const *, float*, unsigned int)",1,"flop_count_dp","Floating Point Operations(Double Precision)",0,0,0
"GeForce GTX 1080 Ti (0)","void reduceMultiPass<unsigned int=128, bool=1>(float const *, float*, unsigned int)",1,"flop_count_dp_add","Floating Point Operations(Double Precision Add)",0,0,0
"GeForce GTX 1080 Ti (0)","void reduceMultiPass<unsigned int=128, bool=1>(float const *, float*, unsigned int)",1,"flop_count_dp_fma","Floating Point Operations(Double Precision FMA)",0,0,0
"GeForce GTX 1080 Ti (0)","void reduceMultiPass<unsigned int=128, bool=1>(float const *, float*, unsigned int)",1,"flop_count_dp_mul","Floating Point Operations(Double Precision Mul)",0,0,0
"GeForce GTX 1080 Ti (0)","void reduceMultiPass<unsigned int=128, bool=1>(float const *, float*, unsigned int)",1,"flop_count_sp","Floating Point Operations(Single Precision)",1064960,1064960,1064960
"GeForce GTX 1080 Ti (0)","void reduceMultiPass<unsigned int=128, bool=1>(float const *, float*, unsigned int)",1,"flop_count_sp_add","Floating Point Operations(Single Precision Add)",1064960,1064960,1064960
"GeForce GTX 1080 Ti (0)","void reduceMultiPass<unsigned int=128, bool=1>(float const *, float*, unsigned int)",1,"flop_count_sp_fma","Floating Point Operations(Single Precision FMA)",0,0,0
"GeForce GTX 1080 Ti (0)","void reduceMultiPass<unsigned int=128, bool=1>(float const *, float*, unsigned int)",1,"flop_count_sp_mul","Floating Point Operation(Single Precision Mul)",0,0,0
"GeForce GTX 1080 Ti (0)","void reduceMultiPass<unsigned int=128, bool=1>(float const *, float*, unsigned int)",1,"flop_count_sp_special","Floating Point Operations(Single Precision Special)",0,0,0
"GeForce GTX 1080 Ti (0)","void reduceMultiPass<unsigned int=128, bool=1>(float const *, float*, unsigned int)",1,"inst_executed","Instructions Executed",237824,237824,237824
"GeForce GTX 1080 Ti (0)","void reduceMultiPass<unsigned int=128, bool=1>(float const *, float*, unsigned int)",1,"inst_issued","Instructions Issued",238336,238336,238336
"GeForce GTX 1080 Ti (0)","void reduceMultiPass<unsigned int=128, bool=1>(float const *, float*, unsigned int)",1,"sysmem_utilization","System Memory Utilization","Low (1)","Low (1)","Low (1)"
"GeForce GTX 1080 Ti (0)","void reduceMultiPass<unsigned int=128, bool=1>(float const *, float*, unsigned int)",1,"stall_inst_fetch","Issue Stall Reasons (Instructions Fetch)",2.827984%,2.827984%,2.827984%
"GeForce GTX 1080 Ti (0)","void reduceMultiPass<unsigned int=128, bool=1>(float const *, float*, unsigned int)",1,"stall_exec_dependency","Issue Stall Reasons (Execution Dependency)",6.021972%,6.021972%,6.021972%
"GeForce GTX 1080 Ti (0)","void reduceMultiPass<unsigned int=128, bool=1>(float const *, float*, unsigned int)",1,"stall_memory_dependency","Issue Stall Reasons (Data Request)",87.139572%,87.139572%,87.139572%
"GeForce GTX 1080 Ti (0)","void reduceMultiPass<unsigned int=128, bool=1>(float const *, float*, unsigned int)",1,"stall_texture","Issue Stall Reasons (Texture)",0.000000%,0.000000%,0.000000%
"GeForce GTX 1080 Ti (0)","void reduceMultiPass<unsigned int=128, bool=1>(float const *, float*, unsigned int)",1,"stall_sync","Issue Stall Reasons (Synchronization)",1.639205%,1.639205%,1.639205%
"GeForce GTX 1080 Ti (0)","void reduceMultiPass<unsigned int=128, bool=1>(float const *, float*, unsigned int)",1,"stall_other","Issue Stall Reasons (Other)",1.022427%,1.022427%,1.022427%
"GeForce GTX 1080 Ti (0)","void reduceMultiPass<unsigned int=128, bool=1>(float const *, float*, unsigned int)",1,"stall_constant_memory_dependency","Issue Stall Reasons (Immediate constant)",1.226899%,1.226899%,1.226899%
"GeForce GTX 1080 Ti (0)","void reduceMultiPass<unsigned int=128, bool=1>(float const *, float*, unsigned int)",1,"stall_pipe_busy","Issue Stall Reasons (Pipe Busy)",0.036424%,0.036424%,0.036424%
"GeForce GTX 1080 Ti (0)","void reduceMultiPass<unsigned int=128, bool=1>(float const *, float*, unsigned int)",1,"shared_efficiency","Shared Memory Efficiency",95.386905%,95.386905%,95.386905%
"GeForce GTX 1080 Ti (0)","void reduceMultiPass<unsigned int=128, bool=1>(float const *, float*, unsigned int)",1,"inst_fp_32","FP Instructions(Single)",1064960,1064960,1064960
"GeForce GTX 1080 Ti (0)","void reduceMultiPass<unsigned int=128, bool=1>(float const *, float*, unsigned int)",1,"inst_fp_64","FP Instructions(Double)",0,0,0
"GeForce GTX 1080 Ti (0)","void reduceMultiPass<unsigned int=128, bool=1>(float const *, float*, unsigned int)",1,"inst_integer","Integer Instructions",3719296,3719296,3719296
"GeForce GTX 1080 Ti (0)","void reduceMultiPass<unsigned int=128, bool=1>(float const *, float*, unsigned int)",1,"inst_bit_convert","Bit-Convert Instructions",0,0,0
"GeForce GTX 1080 Ti (0)","void reduceMultiPass<unsigned int=128, bool=1>(float const *, float*, unsigned int)",1,"inst_control","Control-Flow Instructions",573440,573440,573440
"GeForce GTX 1080 Ti (0)","void reduceMultiPass<unsigned int=128, bool=1>(float const *, float*, unsigned int)",1,"inst_compute_ld_st","Load/Store Instructions",1089664,1089664,1089664
"GeForce GTX 1080 Ti (0)","void reduceMultiPass<unsigned int=128, bool=1>(float const *, float*, unsigned int)",1,"inst_misc","Misc Instructions",1118208,1118208,1118208
"GeForce GTX 1080 Ti (0)","void reduceMultiPass<unsigned int=128, bool=1>(float const *, float*, unsigned int)",1,"inst_inter_thread_communication","Inter-Thread Instructions",0,0,0
"GeForce GTX 1080 Ti (0)","void reduceMultiPass<unsigned int=128, bool=1>(float const *, float*, unsigned int)",1,"issue_slots","Issue Slots",204224,204224,204224
"GeForce GTX 1080 Ti (0)","void reduceMultiPass<unsigned int=128, bool=1>(float const *, float*, unsigned int)",1,"cf_issued","Issued Control-Flow Instructions",18560,18560,18560
"GeForce GTX 1080 Ti (0)","void reduceMultiPass<unsigned int=128, bool=1>(float const *, float*, unsigned int)",1,"cf_executed","Executed Control-Flow Instructions",18560,18560,18560
"GeForce GTX 1080 Ti (0)","void reduceMultiPass<unsigned int=128, bool=1>(float const *, float*, unsigned int)",1,"ldst_issued","Issued Load/Store Instructions",133760,133760,133760
"GeForce GTX 1080 Ti (0)","void reduceMultiPass<unsigned int=128, bool=1>(float const *, float*, unsigned int)",1,"ldst_executed","Executed Load/Store Instructions",35456,35456,35456
"GeForce GTX 1080 Ti (0)","void reduceMultiPass<unsigned int=128, bool=1>(float const *, float*, unsigned int)",1,"atomic_transactions","Atomic Transactions",0,0,0
"GeForce GTX 1080 Ti (0)","void reduceMultiPass<unsigned int=128, bool=1>(float const *, float*, unsigned int)",1,"atomic_transactions_per_request","Atomic Transactions Per Request",0.000000,0.000000,0.000000
"GeForce GTX 1080 Ti (0)","void reduceMultiPass<unsigned int=128, bool=1>(float const *, float*, unsigned int)",1,"l2_atomic_throughput","L2 Throughput (Atomic requests)",0.000000B/s,0.000000B/s,0.000000B/s
"GeForce GTX 1080 Ti (0)","void reduceMultiPass<unsigned int=128, bool=1>(float const *, float*, unsigned int)",1,"l2_atomic_transactions","L2 Transactions (Atomic requests)",0,0,0
"GeForce GTX 1080 Ti (0)","void reduceMultiPass<unsigned int=128, bool=1>(float const *, float*, unsigned int)",1,"l2_tex_read_transactions","L2 Transactions (Texture Reads)",131072,131072,131072
"GeForce GTX 1080 Ti (0)","void reduceMultiPass<unsigned int=128, bool=1>(float const *, float*, unsigned int)",1,"stall_memory_throttle","Issue Stall Reasons (Memory Throttle)",0.012013%,0.012013%,0.012013%
"GeForce GTX 1080 Ti (0)","void reduceMultiPass<unsigned int=128, bool=1>(float const *, float*, unsigned int)",1,"stall_not_selected","Issue Stall Reasons (Not Selected)",0.073504%,0.073504%,0.073504%
"GeForce GTX 1080 Ti (0)","void reduceMultiPass<unsigned int=128, bool=1>(float const *, float*, unsigned int)",1,"l2_tex_write_transactions","L2 Transactions (Texture Writes)",64,64,64
"GeForce GTX 1080 Ti (0)","void reduceMultiPass<unsigned int=128, bool=1>(float const *, float*, unsigned int)",1,"flop_count_hp","Floating Point Operations(Half Precision)",0,0,0
"GeForce GTX 1080 Ti (0)","void reduceMultiPass<unsigned int=128, bool=1>(float const *, float*, unsigned int)",1,"flop_count_hp_add","Floating Point Operations(Half Precision Add)",0,0,0
"GeForce GTX 1080 Ti (0)","void reduceMultiPass<unsigned int=128, bool=1>(float const *, float*, unsigned int)",1,"flop_count_hp_mul","Floating Point Operation(Half Precision Mul)",0,0,0
"GeForce GTX 1080 Ti (0)","void reduceMultiPass<unsigned int=128, bool=1>(float const *, float*, unsigned int)",1,"flop_count_hp_fma","Floating Point Operations(Half Precision FMA)",0,0,0
"GeForce GTX 1080 Ti (0)","void reduceMultiPass<unsigned int=128, bool=1>(float const *, float*, unsigned int)",1,"inst_fp_16","HP Instructions(Half)",0,0,0
"GeForce GTX 1080 Ti (0)","void reduceMultiPass<unsigned int=128, bool=1>(float const *, float*, unsigned int)",1,"sysmem_read_utilization","System Memory Read Utilization","Idle (0)","Idle (0)","Idle (0)"
"GeForce GTX 1080 Ti (0)","void reduceMultiPass<unsigned int=128, bool=1>(float const *, float*, unsigned int)",1,"sysmem_write_utilization","System Memory Write Utilization","Low (1)","Low (1)","Low (1)"
"GeForce GTX 1080 Ti (0)","void reduceMultiPass<unsigned int=128, bool=1>(float const *, float*, unsigned int)",1,"sm_activity","Multiprocessor Activity",83.809296%,83.809296%,83.809296%
"GeForce GTX 1080 Ti (0)","void reduceMultiPass<unsigned int=128, bool=1>(float const *, float*, unsigned int)",1,"achieved_occupancy","Achieved Occupancy",0.142013,0.142013,0.142013
"GeForce GTX 1080 Ti (0)","void reduceMultiPass<unsigned int=128, bool=1>(float const *, float*, unsigned int)",1,"executed_ipc","Executed IPC",0.194770,0.194770,0.194770
"GeForce GTX 1080 Ti (0)","void reduceMultiPass<unsigned int=128, bool=1>(float const *, float*, unsigned int)",1,"issued_ipc","Issued IPC",0.198672,0.198672,0.198672
"GeForce GTX 1080 Ti (0)","void reduceMultiPass<unsigned int=128, bool=1>(float const *, float*, unsigned int)",1,"issue_slot_utilization","Issue Slot Utilization",4.255929%,4.255929%,4.255929%
"GeForce GTX 1080 Ti (0)","void reduceMultiPass<unsigned int=128, bool=1>(float const *, float*, unsigned int)",1,"eligible_warps_per_cycle","Eligible Warps Per Active Cycle",0.173288,0.173288,0.173288
"GeForce GTX 1080 Ti (0)","void reduceMultiPass<unsigned int=128, bool=1>(float const *, float*, unsigned int)",1,"tex_utilization","Unified Cache Utilization","Low (1)","Low (1)","Low (1)"
"GeForce GTX 1080 Ti (0)","void reduceMultiPass<unsigned int=128, bool=1>(float const *, float*, unsigned int)",1,"l2_utilization","L2 Cache Utilization","Low (2)","Low (2)","Low (2)"
"GeForce GTX 1080 Ti (0)","void reduceMultiPass<unsigned int=128, bool=1>(float const *, float*, unsigned int)",1,"shared_utilization","Shared Memory Utilization","Low (1)","Low (1)","Low (1)"
"GeForce GTX 1080 Ti (0)","void reduceMultiPass<unsigned int=128, bool=1>(float const *, float*, unsigned int)",1,"ldst_fu_utilization","Load/Store Function Unit Utilization","Low (1)","Low (1)","Low (1)"
"GeForce GTX 1080 Ti (0)","void reduceMultiPass<unsigned int=128, bool=1>(float const *, float*, unsigned int)",1,"cf_fu_utilization","Control-Flow Function Unit Utilization","Low (1)","Low (1)","Low (1)"
"GeForce GTX 1080 Ti (0)","void reduceMultiPass<unsigned int=128, bool=1>(float const *, float*, unsigned int)",1,"special_fu_utilization","Special Function Unit Utilization","Idle (0)","Idle (0)","Idle (0)"
"GeForce GTX 1080 Ti (0)","void reduceMultiPass<unsigned int=128, bool=1>(float const *, float*, unsigned int)",1,"tex_fu_utilization","Texture Function Unit Utilization","Low (1)","Low (1)","Low (1)"
"GeForce GTX 1080 Ti (0)","void reduceMultiPass<unsigned int=128, bool=1>(float const *, float*, unsigned int)",1,"single_precision_fu_utilization","Single-Precision Function Unit Utilization","Low (1)","Low (1)","Low (1)"
"GeForce GTX 1080 Ti (0)","void reduceMultiPass<unsigned int=128, bool=1>(float const *, float*, unsigned int)",1,"double_precision_fu_utilization","Double-Precision Function Unit Utilization","Idle (0)","Idle (0)","Idle (0)"
"GeForce GTX 1080 Ti (0)","void reduceMultiPass<unsigned int=128, bool=1>(float const *, float*, unsigned int)",1,"flop_hp_efficiency","FLOP Efficiency(Peak Half)",0.000000%,0.000000%,0.000000%
"GeForce GTX 1080 Ti (0)","void reduceMultiPass<unsigned int=128, bool=1>(float const *, float*, unsigned int)",1,"flop_sp_efficiency","FLOP Efficiency(Peak Single)",0.292272%,0.292272%,0.292272%
"GeForce GTX 1080 Ti (0)","void reduceMultiPass<unsigned int=128, bool=1>(float const *, float*, unsigned int)",1,"flop_dp_efficiency","FLOP Efficiency(Peak Double)",0.000000%,0.000000%,0.000000%
"GeForce GTX 1080 Ti (0)","void reduceMultiPass<unsigned int=128, bool=1>(float const *, float*, unsigned int)",1,"dram_read_transactions","Device Memory Read Transactions",130976,130976,130976
"GeForce GTX 1080 Ti (0)","void reduceMultiPass<unsigned int=128, bool=1>(float const *, float*, unsigned int)",1,"dram_write_transactions","Device Memory Write Transactions",42479,42479,42479
"GeForce GTX 1080 Ti (0)","void reduceMultiPass<unsigned int=128, bool=1>(float const *, float*, unsigned int)",1,"dram_read_throughput","Device Memory Read Throughput",148.598636GB/s,148.598636GB/s,148.598105GB/s
"GeForce GTX 1080 Ti (0)","void reduceMultiPass<unsigned int=128, bool=1>(float const *, float*, unsigned int)",1,"dram_write_throughput","Device Memory Write Throughput",48.194490GB/s,48.194490GB/s,48.194081GB/s
"GeForce GTX 1080 Ti (0)","void reduceMultiPass<unsigned int=128, bool=1>(float const *, float*, unsigned int)",1,"dram_utilization","Device Memory Utilization","Mid (5)","Mid (5)","Mid (5)"
"GeForce GTX 1080 Ti (0)","void reduceMultiPass<unsigned int=128, bool=1>(float const *, float*, unsigned int)",1,"half_precision_fu_utilization","Half-Precision Function Unit Utilization","Idle (0)","Idle (0)","Idle (0)"
"GeForce GTX 1080 Ti (0)","void reduceMultiPass<unsigned int=128, bool=1>(float const *, float*, unsigned int)",1,"ecc_transactions","ECC Transactions",0,0,0
"GeForce GTX 1080 Ti (0)","void reduceMultiPass<unsigned int=128, bool=1>(float const *, float*, unsigned int)",1,"ecc_throughput","ECC Throughput",0.000000B/s,0.000000B/s,0.000000B/s
"GeForce GTX 1080 Ti (0)","void reduceSinglePass<unsigned int=128, bool=1>(float const *, float*, unsigned int)",100,"inst_per_warp","Instructions per warp",945.558594,945.558594,945.558594
"GeForce GTX 1080 Ti (0)","void reduceSinglePass<unsigned int=128, bool=1>(float const *, float*, unsigned int)",100,"branch_efficiency","Branch Efficiency",100.000000%,100.000000%,100.000000%
"GeForce GTX 1080 Ti (0)","void reduceSinglePass<unsigned int=128, bool=1>(float const *, float*, unsigned int)",100,"warp_execution_efficiency","Warp Execution Efficiency",99.766073%,99.766590%,99.766293%
"GeForce GTX 1080 Ti (0)","void reduceSinglePass<unsigned int=128, bool=1>(float const *, float*, unsigned int)",100,"warp_nonpred_execution_efficiency","Warp Non-Predicated Execution Efficiency",98.782626%,98.782652%,98.782638%
"GeForce GTX 1080 Ti (0)","void reduceSinglePass<unsigned int=128, bool=1>(float const *, float*, unsigned int)",100,"inst_replay_overhead","Instruction Replay Overhead",0.002115,0.002115,0.002115
"GeForce GTX 1080 Ti (0)","void reduceSinglePass<unsigned int=128, bool=1>(float const *, float*, unsigned int)",100,"shared_load_transactions_per_request","Shared Memory Load Transactions Per Request",0.723130,0.723130,0.723130
"GeForce GTX 1080 Ti (0)","void reduceSinglePass<unsigned int=128, bool=1>(float const *, float*, unsigned int)",100,"shared_store_transactions_per_request","Shared Memory Store Transactions Per Request",0.866530,0.866530,0.866530
"GeForce GTX 1080 Ti (0)","void reduceSinglePass<unsigned int=128, bool=1>(float const *, float*, unsigned int)",100,"local_load_transactions_per_request","Local Memory Load Transactions Per Request",0.000000,0.000000,0.000000
"GeForce GTX 1080 Ti (0)","void reduceSinglePass<unsigned int=128, bool=1>(float const *, float*, unsigned int)",100,"local_store_transactions_per_request","Local Memory Store Transactions Per Request",0.000000,0.000000,0.000000
"GeForce GTX 1080 Ti (0)","void reduceSinglePass<unsigned int=128, bool=1>(float const *, float*, unsigned int)",100,"gld_transactions_per_request","Global Load Transactions Per Request",8.000000,8.000000,8.000000
"GeForce GTX 1080 Ti (0)","void reduceSinglePass<unsigned int=128, bool=1>(float const *, float*, unsigned int)",100,"gst_transactions_per_request","Global Store Transactions Per Request",0.255814,0.255814,0.255814
"GeForce GTX 1080 Ti (0)","void reduceSinglePass<unsigned int=128, bool=1>(float const *, float*, unsigned int)",100,"shared_store_transactions","Shared Store Transactions",844,844,844
"GeForce GTX 1080 Ti (0)","void reduceSinglePass<unsigned int=128, bool=1>(float const *, float*, unsigned int)",100,"shared_load_transactions","Shared Load Transactions",841,841,841
"GeForce GTX 1080 Ti (0)","void reduceSinglePass<unsigned int=128, bool=1>(float const *, float*, unsigned int)",100,"local_load_transactions","Local Load Transactions",0,0,0
"GeForce GTX 1080 Ti (0)","void reduceSinglePass<unsigned int=128, bool=1>(float const *, float*, unsigned int)",100,"local_store_transactions","Local Store Transactions",0,0,0
"GeForce GTX 1080 Ti (0)","void reduceSinglePass<unsigned int=128, bool=1>(float const *, float*, unsigned int)",100,"gld_transactions","Global Load Transactions",262160,262160,262160
"GeForce GTX 1080 Ti (0)","void reduceSinglePass<unsigned int=128, bool=1>(float const *, float*, unsigned int)",100,"gst_transactions","Global Store Transactions",66,66,66
"GeForce GTX 1080 Ti (0)","void reduceSinglePass<unsigned int=128, bool=1>(float const *, float*, unsigned int)",100,"sysmem_read_transactions","System Memory Read Transactions",0,0,0
"GeForce GTX 1080 Ti (0)","void reduceSinglePass<unsigned int=128, bool=1>(float const *, float*, unsigned int)",100,"sysmem_write_transactions","System Memory Write Transactions",5,5,5
"GeForce GTX 1080 Ti (0)","void reduceSinglePass<unsigned int=128, bool=1>(float const *, float*, unsigned int)",100,"l2_read_transactions","L2 Read Transactions",131240,131599,131448
"GeForce GTX 1080 Ti (0)","void reduceSinglePass<unsigned int=128, bool=1>(float const *, float*, unsigned int)",100,"l2_write_transactions","L2 Write Transactions",143,143,143
"GeForce GTX 1080 Ti (0)","void reduceSinglePass<unsigned int=128, bool=1>(float const *, float*, unsigned int)",100,"global_hit_rate","Global Hit Rate",50.000000%,50.000000%,50.000000%
"GeForce GTX 1080 Ti (0)","void reduceSinglePass<unsigned int=128, bool=1>(float const *, float*, unsigned int)",100,"local_hit_rate","Local Hit Rate",0.000000%,0.000000%,0.000000%
"GeForce GTX 1080 Ti (0)","void reduceSinglePass<unsigned int=128, bool=1>(float const *, float*, unsigned int)",100,"gld_requested_throughput","Requested Global Load Throughput",141.631804GB/s,143.257487GB/s,142.524019GB/s
"GeForce GTX 1080 Ti (0)","void reduceSinglePass<unsigned int=128, bool=1>(float const *, float*, unsigned int)",100,"gst_requested_throughput","Requested Global Store Throughput",9.128055MB/s,9.232829MB/s,8.583069MB/s
"GeForce GTX 1080 Ti (0)","void reduceSinglePass<unsigned int=128, bool=1>(float const *, float*, unsigned int)",100,"gld_throughput","Global Load Throughput",141.631804GB/s,143.257487GB/s,142.524019GB/s
"GeForce GTX 1080 Ti (0)","void reduceSinglePass<unsigned int=128, bool=1>(float const *, float*, unsigned int)",100,"gst_throughput","Global Store Throughput",73.024442MB/s,73.862633MB/s,72.479248MB/s
"GeForce GTX 1080 Ti (0)","void reduceSinglePass<unsigned int=128, bool=1>(float const *, float*, unsigned int)",100,"local_memory_overhead","Local Memory Overhead",0.000000%,0.000000%,0.000000%
"GeForce GTX 1080 Ti (0)","void reduceSinglePass<unsigned int=128, bool=1>(float const *, float*, unsigned int)",100,"tex_cache_hit_rate","Unified Cache Hit Rate",49.999619%,49.999619%,49.999619%
"GeForce GTX 1080 Ti (0)","void reduceSinglePass<unsigned int=128, bool=1>(float const *, float*, unsigned int)",100,"l2_tex_read_hit_rate","L2 Hit Rate (Texture Reads)",0.006103%,0.289899%,0.124168%
"GeForce GTX 1080 Ti (0)","void reduceSinglePass<unsigned int=128, bool=1>(float const *, float*, unsigned int)",100,"l2_tex_write_hit_rate","L2 Hit Rate (Texture Writes)",96.969697%,96.969697%,96.969697%
"GeForce GTX 1080 Ti (0)","void reduceSinglePass<unsigned int=128, bool=1>(float const *, float*, unsigned int)",100,"tex_cache_throughput","Unified Cache Throughput",141.700956GB/s,143.327433GB/s,142.593868GB/s
"GeForce GTX 1080 Ti (0)","void reduceSinglePass<unsigned int=128, bool=1>(float const *, float*, unsigned int)",100,"l2_tex_read_throughput","L2 Throughput (Texture Reads)",141.631804GB/s,143.257487GB/s,142.524019GB/s
"GeForce GTX 1080 Ti (0)","void reduceSinglePass<unsigned int=128, bool=1>(float const *, float*, unsigned int)",100,"l2_tex_write_throughput","L2 Throughput (Texture Writes)",73.024442MB/s,73.862633MB/s,72.479248MB/s
"GeForce GTX 1080 Ti (0)","void reduceSinglePass<unsigned int=128, bool=1>(float const *, float*, unsigned int)",100,"l2_read_throughput","L2 Throughput (Reads)",142.159088GB/s,143.753921GB/s,142.924488GB/s
"GeForce GTX 1080 Ti (0)","void reduceSinglePass<unsigned int=128, bool=1>(float const *, float*, unsigned int)",100,"l2_write_throughput","L2 Throughput (Writes)",158.219624MB/s,160.035706MB/s,158.309937MB/s
"GeForce GTX 1080 Ti (0)","void reduceSinglePass<unsigned int=128, bool=1>(float const *, float*, unsigned int)",100,"sysmem_read_throughput","System Memory Read Throughput",0.000000B/s,0.000000B/s,0.000000B/s
"GeForce GTX 1080 Ti (0)","void reduceSinglePass<unsigned int=128, bool=1>(float const *, float*, unsigned int)",100,"sysmem_write_throughput","System Memory Write Throughput",5.532154MB/s,5.595654MB/s,4.768372MB/s
"GeForce GTX 1080 Ti (0)","void reduceSinglePass<unsigned int=128, bool=1>(float const *, float*, unsigned int)",100,"local_load_throughput","Local Memory Load Throughput",0.000000B/s,0.000000B/s,0.000000B/s
"GeForce GTX 1080 Ti (0)","void reduceSinglePass<unsigned int=128, bool=1>(float const *, float*, unsigned int)",100,"local_store_throughput","Local Memory Store Throughput",0.000000B/s,0.000000B/s,0.000000B/s
"GeForce GTX 1080 Ti (0)","void reduceSinglePass<unsigned int=128, bool=1>(float const *, float*, unsigned int)",100,"shared_load_throughput","Shared Memory Load Throughput",3.634799GB/s,3.676520GB/s,3.657304GB/s
"GeForce GTX 1080 Ti (0)","void reduceSinglePass<unsigned int=128, bool=1>(float const *, float*, unsigned int)",100,"shared_store_throughput","Shared Memory Store Throughput",3.647764GB/s,3.689634GB/s,3.670342GB/s
"GeForce GTX 1080 Ti (0)","void reduceSinglePass<unsigned int=128, bool=1>(float const *, float*, unsigned int)",100,"gld_efficiency","Global Memory Load Efficiency",100.000000%,100.000000%,100.000000%
"GeForce GTX 1080 Ti (0)","void reduceSinglePass<unsigned int=128, bool=1>(float const *, float*, unsigned int)",100,"gst_efficiency","Global Memory Store Efficiency",12.500000%,12.500000%,12.500000%
"GeForce GTX 1080 Ti (0)","void reduceSinglePass<unsigned int=128, bool=1>(float const *, float*, unsigned int)",100,"tex_cache_transactions","Unified Cache Transactions",131144,131144,131144
"GeForce GTX 1080 Ti (0)","void reduceSinglePass<unsigned int=128, bool=1>(float const *, float*, unsigned int)",100,"flop_count_dp","Floating Point Operations(Double Precision)",0,0,0
"GeForce GTX 1080 Ti (0)","void reduceSinglePass<unsigned int=128, bool=1>(float const *, float*, unsigned int)",100,"flop_count_dp_add","Floating Point Operations(Double Precision Add)",0,0,0
"GeForce GTX 1080 Ti (0)","void reduceSinglePass<unsigned int=128, bool=1>(float const *, float*, unsigned int)",100,"flop_count_dp_fma","Floating Point Operations(Double Precision FMA)",0,0,0
"GeForce GTX 1080 Ti (0)","void reduceSinglePass<unsigned int=128, bool=1>(float const *, float*, unsigned int)",100,"flop_count_dp_mul","Floating Point Operations(Double Precision Mul)",0,0,0
"GeForce GTX 1080 Ti (0)","void reduceSinglePass<unsigned int=128, bool=1>(float const *, float*, unsigned int)",100,"flop_count_sp","Floating Point Operations(Single Precision)",1065280,1065280,1065280
"GeForce GTX 1080 Ti (0)","void reduceSinglePass<unsigned int=128, bool=1>(float const *, float*, unsigned int)",100,"flop_count_sp_add","Floating Point Operations(Single Precision Add)",1065280,1065280,1065280
"GeForce GTX 1080 Ti (0)","void reduceSinglePass<unsigned int=128, bool=1>(float const *, float*, unsigned int)",100,"flop_count_sp_fma","Floating Point Operations(Single Precision FMA)",0,0,0
"GeForce GTX 1080 Ti (0)","void reduceSinglePass<unsigned int=128, bool=1>(float const *, float*, unsigned int)",100,"flop_count_sp_mul","Floating Point Operation(Single Precision Mul)",0,0,0
"GeForce GTX 1080 Ti (0)","void reduceSinglePass<unsigned int=128, bool=1>(float const *, float*, unsigned int)",100,"flop_count_sp_special","Floating Point Operations(Single Precision Special)",0,0,0
"GeForce GTX 1080 Ti (0)","void reduceSinglePass<unsigned int=128, bool=1>(float const *, float*, unsigned int)",100,"inst_executed","Instructions Executed",242063,242063,242063
"GeForce GTX 1080 Ti (0)","void reduceSinglePass<unsigned int=128, bool=1>(float const *, float*, unsigned int)",100,"inst_issued","Instructions Issued",242575,242575,242575
"GeForce GTX 1080 Ti (0)","void reduceSinglePass<unsigned int=128, bool=1>(float const *, float*, unsigned int)",100,"sysmem_utilization","System Memory Utilization","Low (1)","Low (1)","Low (1)"
"GeForce GTX 1080 Ti (0)","void reduceSinglePass<unsigned int=128, bool=1>(float const *, float*, unsigned int)",100,"stall_inst_fetch","Issue Stall Reasons (Instructions Fetch)",2.794029%,3.963158%,3.239194%
"GeForce GTX 1080 Ti (0)","void reduceSinglePass<unsigned int=128, bool=1>(float const *, float*, unsigned int)",100,"stall_exec_dependency","Issue Stall Reasons (Execution Dependency)",5.895240%,6.111441%,6.000741%
"GeForce GTX 1080 Ti (0)","void reduceSinglePass<unsigned int=128, bool=1>(float const *, float*, unsigned int)",100,"stall_memory_dependency","Issue Stall Reasons (Data Request)",84.445814%,86.081048%,85.427534%
"GeForce GTX 1080 Ti (0)","void reduceSinglePass<unsigned int=128, bool=1>(float const *, float*, unsigned int)",100,"stall_texture","Issue Stall Reasons (Texture)",0.000000%,0.000000%,0.000000%
"GeForce GTX 1080 Ti (0)","void reduceSinglePass<unsigned int=128, bool=1>(float const *, float*, unsigned int)",100,"stall_sync","Issue Stall Reasons (Synchronization)",2.522509%,3.250057%,2.845671%
"GeForce GTX 1080 Ti (0)","void reduceSinglePass<unsigned int=128, bool=1>(float const *, float*, unsigned int)",100,"stall_other","Issue Stall Reasons (Other)",1.020053%,1.157312%,1.067132%
"GeForce GTX 1080 Ti (0)","void reduceSinglePass<unsigned int=128, bool=1>(float const *, float*, unsigned int)",100,"stall_constant_memory_dependency","Issue Stall Reasons (Immediate constant)",1.209458%,1.803468%,1.306074%
"GeForce GTX 1080 Ti (0)","void reduceSinglePass<unsigned int=128, bool=1>(float const *, float*, unsigned int)",100,"stall_pipe_busy","Issue Stall Reasons (Pipe Busy)",0.038419%,0.045334%,0.041557%
"GeForce GTX 1080 Ti (0)","void reduceSinglePass<unsigned int=128, bool=1>(float const *, float*, unsigned int)",100,"shared_efficiency","Shared Memory Efficiency",81.099777%,81.099777%,81.099777%
"GeForce GTX 1080 Ti (0)","void reduceSinglePass<unsigned int=128, bool=1>(float const *, float*, unsigned int)",100,"inst_fp_32","FP Instructions(Single)",1065280,1065280,1065280
"GeForce GTX 1080 Ti (0)","void reduceSinglePass<unsigned int=128, bool=1>(float const *, float*, unsigned int)",100,"inst_fp_64","FP Instructions(Double)",0,0,0
"GeForce GTX 1080 Ti (0)","void reduceSinglePass<unsigned int=128, bool=1>(float const *, float*, unsigned int)",100,"inst_integer","Integer Instructions",3744832,3744832,3744832
"GeForce GTX 1080 Ti (0)","void reduceSinglePass<unsigned int=128, bool=1>(float const *, float*, unsigned int)",100,"inst_bit_convert","Bit-Convert Instructions",0,0,0
"GeForce GTX 1080 Ti (0)","void reduceSinglePass<unsigned int=128, bool=1>(float const *, float*, unsigned int)",100,"inst_control","Control-Flow Instructions",590848,590848,590848
"GeForce GTX 1080 Ti (0)","void reduceSinglePass<unsigned int=128, bool=1>(float const *, float*, unsigned int)",100,"inst_compute_ld_st","Load/Store Instructions",1106883,1106883,1106883
"GeForce GTX 1080 Ti (0)","void reduceSinglePass<unsigned int=128, bool=1>(float const *, float*, unsigned int)",100,"inst_misc","Misc Instructions",1143876,1143876,1143876
"GeForce GTX 1080 Ti (0)","void reduceSinglePass<unsigned int=128, bool=1>(float const *, float*, unsigned int)",100,"inst_inter_thread_communication","Inter-Thread Instructions",0,0,0
"GeForce GTX 1080 Ti (0)","void reduceSinglePass<unsigned int=128, bool=1>(float const *, float*, unsigned int)",100,"issue_slots","Issue Slots",208248,208248,208248
"GeForce GTX 1080 Ti (0)","void reduceSinglePass<unsigned int=128, bool=1>(float const *, float*, unsigned int)",100,"cf_issued","Issued Control-Flow Instructions",19372,19372,19372
"GeForce GTX 1080 Ti (0)","void reduceSinglePass<unsigned int=128, bool=1>(float const *, float*, unsigned int)",100,"cf_executed","Executed Control-Flow Instructions",19372,19372,19372
"GeForce GTX 1080 Ti (0)","void reduceSinglePass<unsigned int=128, bool=1>(float const *, float*, unsigned int)",100,"ldst_issued","Issued Load/Store Instructions",134891,134891,134891
"GeForce GTX 1080 Ti (0)","void reduceSinglePass<unsigned int=128, bool=1>(float const *, float*, unsigned int)",100,"ldst_executed","Executed Load/Store Instructions",37029,37029,37029
"GeForce GTX 1080 Ti (0)","void reduceSinglePass<unsigned int=128, bool=1>(float const *, float*, unsigned int)",100,"atomic_transactions","Atomic Transactions",64,64,64
"GeForce GTX 1080 Ti (0)","void reduceSinglePass<unsigned int=128, bool=1>(float const *, float*, unsigned int)",100,"atomic_transactions_per_request","Atomic Transactions Per Request",1.000000,1.000000,1.000000
"GeForce GTX 1080 Ti (0)","void reduceSinglePass<unsigned int=128, bool=1>(float const *, float*, unsigned int)",100,"l2_atomic_throughput","L2 Throughput (Atomic requests)",70.811580MB/s,71.624372MB/s,70.571899MB/s
"GeForce GTX 1080 Ti (0)","void reduceSinglePass<unsigned int=128, bool=1>(float const *, float*, unsigned int)",100,"l2_atomic_transactions","L2 Transactions (Atomic requests)",128,128,128
"GeForce GTX 1080 Ti (0)","void reduceSinglePass<unsigned int=128, bool=1>(float const *, float*, unsigned int)",100,"l2_tex_read_transactions","L2 Transactions (Texture Reads)",131080,131080,131080
"GeForce GTX 1080 Ti (0)","void reduceSinglePass<unsigned int=128, bool=1>(float const *, float*, unsigned int)",100,"stall_memory_throttle","Issue Stall Reasons (Memory Throttle)",0.000213%,0.000261%,0.000224%
"GeForce GTX 1080 Ti (0)","void reduceSinglePass<unsigned int=128, bool=1>(float const *, float*, unsigned int)",100,"stall_not_selected","Issue Stall Reasons (Not Selected)",0.066770%,0.077267%,0.071873%
"GeForce GTX 1080 Ti (0)","void reduceSinglePass<unsigned int=128, bool=1>(float const *, float*, unsigned int)",100,"l2_tex_write_transactions","L2 Transactions (Texture Writes)",66,66,66
"GeForce GTX 1080 Ti (0)","void reduceSinglePass<unsigned int=128, bool=1>(float const *, float*, unsigned int)",100,"flop_count_hp","Floating Point Operations(Half Precision)",0,0,0
"GeForce GTX 1080 Ti (0)","void reduceSinglePass<unsigned int=128, bool=1>(float const *, float*, unsigned int)",100,"flop_count_hp_add","Floating Point Operations(Half Precision Add)",0,0,0
"GeForce GTX 1080 Ti (0)","void reduceSinglePass<unsigned int=128, bool=1>(float const *, float*, unsigned int)",100,"flop_count_hp_mul","Floating Point Operation(Half Precision Mul)",0,0,0
"GeForce GTX 1080 Ti (0)","void reduceSinglePass<unsigned int=128, bool=1>(float const *, float*, unsigned int)",100,"flop_count_hp_fma","Floating Point Operations(Half Precision FMA)",0,0,0
"GeForce GTX 1080 Ti (0)","void reduceSinglePass<unsigned int=128, bool=1>(float const *, float*, unsigned int)",100,"inst_fp_16","HP Instructions(Half)",0,0,0
"GeForce GTX 1080 Ti (0)","void reduceSinglePass<unsigned int=128, bool=1>(float const *, float*, unsigned int)",100,"sysmem_read_utilization","System Memory Read Utilization","Idle (0)","Idle (0)","Idle (0)"
"GeForce GTX 1080 Ti (0)","void reduceSinglePass<unsigned int=128, bool=1>(float const *, float*, unsigned int)",100,"sysmem_write_utilization","System Memory Write Utilization","Low (1)","Low (1)","Low (1)"
"GeForce GTX 1080 Ti (0)","void reduceSinglePass<unsigned int=128, bool=1>(float const *, float*, unsigned int)",100,"sm_activity","Multiprocessor Activity",81.084147%,86.068508%,84.007141%
"GeForce GTX 1080 Ti (0)","void reduceSinglePass<unsigned int=128, bool=1>(float const *, float*, unsigned int)",100,"achieved_occupancy","Achieved Occupancy",0.142349,0.142946,0.142623
"GeForce GTX 1080 Ti (0)","void reduceSinglePass<unsigned int=128, bool=1>(float const *, float*, unsigned int)",100,"executed_ipc","Executed IPC",0.188874,0.197002,0.193587
"GeForce GTX 1080 Ti (0)","void reduceSinglePass<unsigned int=128, bool=1>(float const *, float*, unsigned int)",100,"issued_ipc","Issued IPC",0.190993,0.197749,0.194160
"GeForce GTX 1080 Ti (0)","void reduceSinglePass<unsigned int=128, bool=1>(float const *, float*, unsigned int)",100,"issue_slot_utilization","Issue Slot Utilization",4.099131%,4.244125%,4.167112%
"GeForce GTX 1080 Ti (0)","void reduceSinglePass<unsigned int=128, bool=1>(float const *, float*, unsigned int)",100,"eligible_warps_per_cycle","Eligible Warps Per Active Cycle",0.169337,0.176380,0.173103
"GeForce GTX 1080 Ti (0)","void reduceSinglePass<unsigned int=128, bool=1>(float const *, float*, unsigned int)",100,"tex_utilization","Unified Cache Utilization","Low (1)","Low (1)","Low (1)"
"GeForce GTX 1080 Ti (0)","void reduceSinglePass<unsigned int=128, bool=1>(float const *, float*, unsigned int)",100,"l2_utilization","L2 Cache Utilization","Low (2)","Low (2)","Low (2)"
"GeForce GTX 1080 Ti (0)","void reduceSinglePass<unsigned int=128, bool=1>(float const *, float*, unsigned int)",100,"shared_utilization","Shared Memory Utilization","Low (1)","Low (1)","Low (1)"
"GeForce GTX 1080 Ti (0)","void reduceSinglePass<unsigned int=128, bool=1>(float const *, float*, unsigned int)",100,"ldst_fu_utilization","Load/Store Function Unit Utilization","Low (1)","Low (1)","Low (1)"
"GeForce GTX 1080 Ti (0)","void reduceSinglePass<unsigned int=128, bool=1>(float const *, float*, unsigned int)",100,"cf_fu_utilization","Control-Flow Function Unit Utilization","Low (1)","Low (1)","Low (1)"
"GeForce GTX 1080 Ti (0)","void reduceSinglePass<unsigned int=128, bool=1>(float const *, float*, unsigned int)",100,"special_fu_utilization","Special Function Unit Utilization","Idle (0)","Idle (0)","Idle (0)"
"GeForce GTX 1080 Ti (0)","void reduceSinglePass<unsigned int=128, bool=1>(float const *, float*, unsigned int)",100,"tex_fu_utilization","Texture Function Unit Utilization","Low (1)","Low (1)","Low (1)"
"GeForce GTX 1080 Ti (0)","void reduceSinglePass<unsigned int=128, bool=1>(float const *, float*, unsigned int)",100,"single_precision_fu_utilization","Single-Precision Function Unit Utilization","Low (1)","Low (1)","Low (1)"
"GeForce GTX 1080 Ti (0)","void reduceSinglePass<unsigned int=128, bool=1>(float const *, float*, unsigned int)",100,"double_precision_fu_utilization","Double-Precision Function Unit Utilization","Idle (0)","Idle (0)","Idle (0)"
"GeForce GTX 1080 Ti (0)","void reduceSinglePass<unsigned int=128, bool=1>(float const *, float*, unsigned int)",100,"flop_hp_efficiency","FLOP Efficiency(Peak Half)",0.000000%,0.000000%,0.000000%
"GeForce GTX 1080 Ti (0)","void reduceSinglePass<unsigned int=128, bool=1>(float const *, float*, unsigned int)",100,"flop_sp_efficiency","FLOP Efficiency(Peak Single)",0.271628%,0.288461%,0.280576%
"GeForce GTX 1080 Ti (0)","void reduceSinglePass<unsigned int=128, bool=1>(float const *, float*, unsigned int)",100,"flop_dp_efficiency","FLOP Efficiency(Peak Double)",0.000000%,0.000000%,0.000000%
"GeForce GTX 1080 Ti (0)","void reduceSinglePass<unsigned int=128, bool=1>(float const *, float*, unsigned int)",100,"dram_read_transactions","Device Memory Read Transactions",130793,131169,130986
"GeForce GTX 1080 Ti (0)","void reduceSinglePass<unsigned int=128, bool=1>(float const *, float*, unsigned int)",100,"dram_write_transactions","Device Memory Write Transactions",41998,43339,42857
"GeForce GTX 1080 Ti (0)","void reduceSinglePass<unsigned int=128, bool=1>(float const *, float*, unsigned int)",100,"dram_read_throughput","Device Memory Read Throughput",141.632885GB/s,143.354755GB/s,142.423436GB/s
"GeForce GTX 1080 Ti (0)","void reduceSinglePass<unsigned int=128, bool=1>(float const *, float*, unsigned int)",100,"dram_write_throughput","Device Memory Write Throughput",45.899664GB/s,47.236670GB/s,46.597794GB/s
"GeForce GTX 1080 Ti (0)","void reduceSinglePass<unsigned int=128, bool=1>(float const *, float*, unsigned int)",100,"dram_utilization","Device Memory Utilization","Mid (5)","Mid (5)","Mid (5)"
"GeForce GTX 1080 Ti (0)","void reduceSinglePass<unsigned int=128, bool=1>(float const *, float*, unsigned int)",100,"half_precision_fu_utilization","Half-Precision Function Unit Utilization","Idle (0)","Idle (0)","Idle (0)"
"GeForce GTX 1080 Ti (0)","void reduceSinglePass<unsigned int=128, bool=1>(float const *, float*, unsigned int)",100,"ecc_transactions","ECC Transactions",0,0,0
"GeForce GTX 1080 Ti (0)","void reduceSinglePass<unsigned int=128, bool=1>(float const *, float*, unsigned int)",100,"ecc_throughput","ECC Throughput",0.000000B/s,0.000000B/s,0.000000B/s
