==9689== NVPROF is profiling process 9689, command: ./c++11_cuda 0
==9689== Some kernel(s) will be replayed on device 0 in order to collect all events/metrics.
==9689== Profiling application: ./c++11_cuda 0
==9689== Profiling result:
==9689== Metric result:
"Device","Kernel","Invocations","Metric Name","Metric Description","Min","Max","Avg"
"GeForce GTX 1080 Ti (0)","xyzw_frequency(int*, char*, int)",1,"inst_per_warp","Instructions per warp",34264.531250,34264.531250,34264.531250
"GeForce GTX 1080 Ti (0)","xyzw_frequency(int*, char*, int)",1,"branch_efficiency","Branch Efficiency",84.472646%,84.472646%,84.472646%
"GeForce GTX 1080 Ti (0)","xyzw_frequency(int*, char*, int)",1,"warp_execution_efficiency","Warp Execution Efficiency",70.327003%,70.327003%,70.327003%
"GeForce GTX 1080 Ti (0)","xyzw_frequency(int*, char*, int)",1,"warp_nonpred_execution_efficiency","Warp Non-Predicated Execution Efficiency",70.015322%,70.015322%,70.015322%
"GeForce GTX 1080 Ti (0)","xyzw_frequency(int*, char*, int)",1,"inst_replay_overhead","Instruction Replay Overhead",0.000088,0.000088,0.000088
"GeForce GTX 1080 Ti (0)","xyzw_frequency(int*, char*, int)",1,"shared_load_transactions_per_request","Shared Memory Load Transactions Per Request",0.000000,0.000000,0.000000
"GeForce GTX 1080 Ti (0)","xyzw_frequency(int*, char*, int)",1,"shared_store_transactions_per_request","Shared Memory Store Transactions Per Request",0.000000,0.000000,0.000000
"GeForce GTX 1080 Ti (0)","xyzw_frequency(int*, char*, int)",1,"local_load_transactions_per_request","Local Memory Load Transactions Per Request",0.000000,0.000000,0.000000
"GeForce GTX 1080 Ti (0)","xyzw_frequency(int*, char*, int)",1,"local_store_transactions_per_request","Local Memory Store Transactions Per Request",0.000000,0.000000,0.000000
"GeForce GTX 1080 Ti (0)","xyzw_frequency(int*, char*, int)",1,"gld_transactions_per_request","Global Load Transactions Per Request",3.999980,3.999980,3.999980
"GeForce GTX 1080 Ti (0)","xyzw_frequency(int*, char*, int)",1,"gst_transactions_per_request","Global Store Transactions Per Request",0.000000,0.000000,0.000000
"GeForce GTX 1080 Ti (0)","xyzw_frequency(int*, char*, int)",1,"shared_store_transactions","Shared Store Transactions",0,0,0
"GeForce GTX 1080 Ti (0)","xyzw_frequency(int*, char*, int)",1,"shared_load_transactions","Shared Load Transactions",0,0,0
"GeForce GTX 1080 Ti (0)","xyzw_frequency(int*, char*, int)",1,"local_load_transactions","Local Load Transactions",0,0,0
"GeForce GTX 1080 Ti (0)","xyzw_frequency(int*, char*, int)",1,"local_store_transactions","Local Store Transactions",0,0,0
"GeForce GTX 1080 Ti (0)","xyzw_frequency(int*, char*, int)",1,"gld_transactions","Global Load Transactions",402938,402938,402938
"GeForce GTX 1080 Ti (0)","xyzw_frequency(int*, char*, int)",1,"gst_transactions","Global Store Transactions",0,0,0
"GeForce GTX 1080 Ti (0)","xyzw_frequency(int*, char*, int)",1,"sysmem_read_transactions","System Memory Read Transactions",0,0,0
"GeForce GTX 1080 Ti (0)","xyzw_frequency(int*, char*, int)",1,"sysmem_write_transactions","System Memory Write Transactions",5,5,5
"GeForce GTX 1080 Ti (0)","xyzw_frequency(int*, char*, int)",1,"l2_read_transactions","L2 Read Transactions",169111,169111,169111
"GeForce GTX 1080 Ti (0)","xyzw_frequency(int*, char*, int)",1,"l2_write_transactions","L2 Write Transactions",68101,68101,68101
"GeForce GTX 1080 Ti (0)","xyzw_frequency(int*, char*, int)",1,"global_hit_rate","Global Hit Rate",74.999876%,74.999876%,74.999876%
"GeForce GTX 1080 Ti (0)","xyzw_frequency(int*, char*, int)",1,"local_hit_rate","Local Hit Rate",0.000000%,0.000000%,0.000000%
"GeForce GTX 1080 Ti (0)","xyzw_frequency(int*, char*, int)",1,"gld_requested_throughput","Requested Global Load Throughput",5.972516GB/s,5.972516GB/s,5.971640GB/s
"GeForce GTX 1080 Ti (0)","xyzw_frequency(int*, char*, int)",1,"gst_requested_throughput","Requested Global Store Throughput",0.000000B/s,0.000000B/s,0.000000B/s
"GeForce GTX 1080 Ti (0)","xyzw_frequency(int*, char*, int)",1,"gld_throughput","Global Load Throughput",5.972548GB/s,5.972548GB/s,5.971640GB/s
"GeForce GTX 1080 Ti (0)","xyzw_frequency(int*, char*, int)",1,"gst_throughput","Global Store Throughput",0.000000B/s,0.000000B/s,0.000000B/s
"GeForce GTX 1080 Ti (0)","xyzw_frequency(int*, char*, int)",1,"local_memory_overhead","Local Memory Overhead",0.000000%,0.000000%,0.000000%
"GeForce GTX 1080 Ti (0)","xyzw_frequency(int*, char*, int)",1,"tex_cache_hit_rate","Unified Cache Hit Rate",78.613707%,78.613707%,78.613707%
"GeForce GTX 1080 Ti (0)","xyzw_frequency(int*, char*, int)",1,"l2_tex_read_hit_rate","L2 Hit Rate (Texture Reads)",0.000000%,0.000000%,0.000000%
"GeForce GTX 1080 Ti (0)","xyzw_frequency(int*, char*, int)",1,"l2_tex_write_hit_rate","L2 Hit Rate (Texture Writes)",0.000000%,0.000000%,0.000000%
"GeForce GTX 1080 Ti (0)","xyzw_frequency(int*, char*, int)",1,"tex_cache_throughput","Unified Cache Throughput",23.890072GB/s,23.890072GB/s,23.889355GB/s
"GeForce GTX 1080 Ti (0)","xyzw_frequency(int*, char*, int)",1,"l2_tex_read_throughput","L2 Throughput (Texture Reads)",5.972548GB/s,5.972548GB/s,5.971640GB/s
"GeForce GTX 1080 Ti (0)","xyzw_frequency(int*, char*, int)",1,"l2_tex_write_throughput","L2 Throughput (Texture Writes)",0.000000B/s,0.000000B/s,0.000000B/s
"GeForce GTX 1080 Ti (0)","xyzw_frequency(int*, char*, int)",1,"l2_read_throughput","L2 Throughput (Reads)",10.026540GB/s,10.026540GB/s,10.025688GB/s
"GeForce GTX 1080 Ti (0)","xyzw_frequency(int*, char*, int)",1,"l2_write_throughput","L2 Throughput (Writes)",4.037688GB/s,4.037688GB/s,4.037283GB/s
"GeForce GTX 1080 Ti (0)","xyzw_frequency(int*, char*, int)",1,"sysmem_read_throughput","System Memory Read Throughput",0.000000B/s,0.000000B/s,0.000000B/s
"GeForce GTX 1080 Ti (0)","xyzw_frequency(int*, char*, int)",1,"sysmem_write_throughput","System Memory Write Throughput",310.848633KB/s,310.848633KB/s,0.000000B/s
"GeForce GTX 1080 Ti (0)","xyzw_frequency(int*, char*, int)",1,"local_load_throughput","Local Memory Load Throughput",0.000000B/s,0.000000B/s,0.000000B/s
"GeForce GTX 1080 Ti (0)","xyzw_frequency(int*, char*, int)",1,"local_store_throughput","Local Memory Store Throughput",0.000000B/s,0.000000B/s,0.000000B/s
"GeForce GTX 1080 Ti (0)","xyzw_frequency(int*, char*, int)",1,"shared_load_throughput","Shared Memory Load Throughput",0.000000B/s,0.000000B/s,0.000000B/s
"GeForce GTX 1080 Ti (0)","xyzw_frequency(int*, char*, int)",1,"shared_store_throughput","Shared Memory Store Throughput",0.000000B/s,0.000000B/s,0.000000B/s
"GeForce GTX 1080 Ti (0)","xyzw_frequency(int*, char*, int)",1,"gld_efficiency","Global Memory Load Efficiency",99.999473%,99.999473%,99.999473%
"GeForce GTX 1080 Ti (0)","xyzw_frequency(int*, char*, int)",1,"gst_efficiency","Global Memory Store Efficiency",0.000000%,0.000000%,0.000000%
"GeForce GTX 1080 Ti (0)","xyzw_frequency(int*, char*, int)",1,"tex_cache_transactions","Unified Cache Transactions",402938,402938,402938
"GeForce GTX 1080 Ti (0)","xyzw_frequency(int*, char*, int)",1,"flop_count_dp","Floating Point Operations(Double Precision)",0,0,0
"GeForce GTX 1080 Ti (0)","xyzw_frequency(int*, char*, int)",1,"flop_count_dp_add","Floating Point Operations(Double Precision Add)",0,0,0
"GeForce GTX 1080 Ti (0)","xyzw_frequency(int*, char*, int)",1,"flop_count_dp_fma","Floating Point Operations(Double Precision FMA)",0,0,0
"GeForce GTX 1080 Ti (0)","xyzw_frequency(int*, char*, int)",1,"flop_count_dp_mul","Floating Point Operations(Double Precision Mul)",0,0,0
"GeForce GTX 1080 Ti (0)","xyzw_frequency(int*, char*, int)",1,"flop_count_sp","Floating Point Operations(Single Precision)",0,0,0
"GeForce GTX 1080 Ti (0)","xyzw_frequency(int*, char*, int)",1,"flop_count_sp_add","Floating Point Operations(Single Precision Add)",0,0,0
"GeForce GTX 1080 Ti (0)","xyzw_frequency(int*, char*, int)",1,"flop_count_sp_fma","Floating Point Operations(Single Precision FMA)",0,0,0
"GeForce GTX 1080 Ti (0)","xyzw_frequency(int*, char*, int)",1,"flop_count_sp_mul","Floating Point Operation(Single Precision Mul)",0,0,0
"GeForce GTX 1080 Ti (0)","xyzw_frequency(int*, char*, int)",1,"flop_count_sp_special","Floating Point Operations(Single Precision Special)",0,0,0
"GeForce GTX 1080 Ti (0)","xyzw_frequency(int*, char*, int)",1,"inst_executed","Instructions Executed",2192930,2192930,2192930
"GeForce GTX 1080 Ti (0)","xyzw_frequency(int*, char*, int)",1,"inst_issued","Instructions Issued",2193122,2193122,2193122
"GeForce GTX 1080 Ti (0)","xyzw_frequency(int*, char*, int)",1,"sysmem_utilization","System Memory Utilization","Low (1)","Low (1)","Low (1)"
"GeForce GTX 1080 Ti (0)","xyzw_frequency(int*, char*, int)",1,"stall_inst_fetch","Issue Stall Reasons (Instructions Fetch)",8.263989%,8.263989%,8.263989%
"GeForce GTX 1080 Ti (0)","xyzw_frequency(int*, char*, int)",1,"stall_exec_dependency","Issue Stall Reasons (Execution Dependency)",18.984017%,18.984017%,18.984017%
"GeForce GTX 1080 Ti (0)","xyzw_frequency(int*, char*, int)",1,"stall_memory_dependency","Issue Stall Reasons (Data Request)",71.284383%,71.284383%,71.284383%
"GeForce GTX 1080 Ti (0)","xyzw_frequency(int*, char*, int)",1,"stall_texture","Issue Stall Reasons (Texture)",0.000000%,0.000000%,0.000000%
"GeForce GTX 1080 Ti (0)","xyzw_frequency(int*, char*, int)",1,"stall_sync","Issue Stall Reasons (Synchronization)",0.000000%,0.000000%,0.000000%
"GeForce GTX 1080 Ti (0)","xyzw_frequency(int*, char*, int)",1,"stall_other","Issue Stall Reasons (Other)",1.169558%,1.169558%,1.169558%
"GeForce GTX 1080 Ti (0)","xyzw_frequency(int*, char*, int)",1,"stall_constant_memory_dependency","Issue Stall Reasons (Immediate constant)",0.063254%,0.063254%,0.063254%
"GeForce GTX 1080 Ti (0)","xyzw_frequency(int*, char*, int)",1,"stall_pipe_busy","Issue Stall Reasons (Pipe Busy)",0.185470%,0.185470%,0.185470%
"GeForce GTX 1080 Ti (0)","xyzw_frequency(int*, char*, int)",1,"shared_efficiency","Shared Memory Efficiency",0.000000%,0.000000%,0.000000%
"GeForce GTX 1080 Ti (0)","xyzw_frequency(int*, char*, int)",1,"inst_fp_32","FP Instructions(Single)",0,0,0
"GeForce GTX 1080 Ti (0)","xyzw_frequency(int*, char*, int)",1,"inst_fp_64","FP Instructions(Double)",0,0,0
"GeForce GTX 1080 Ti (0)","xyzw_frequency(int*, char*, int)",1,"inst_integer","Integer Instructions",29351889,29351889,29351889
"GeForce GTX 1080 Ti (0)","xyzw_frequency(int*, char*, int)",1,"inst_bit_convert","Bit-Convert Instructions",0,0,0
"GeForce GTX 1080 Ti (0)","xyzw_frequency(int*, char*, int)",1,"inst_control","Control-Flow Instructions",12825924,12825924,12825924
"GeForce GTX 1080 Ti (0)","xyzw_frequency(int*, char*, int)",1,"inst_compute_ld_st","Load/Store Instructions",3291591,3291591,3291591
"GeForce GTX 1080 Ti (0)","xyzw_frequency(int*, char*, int)",1,"inst_misc","Misc Instructions",3555673,3555673,3555673
"GeForce GTX 1080 Ti (0)","xyzw_frequency(int*, char*, int)",1,"inst_inter_thread_communication","Inter-Thread Instructions",107310,107310,107310
"GeForce GTX 1080 Ti (0)","xyzw_frequency(int*, char*, int)",1,"issue_slots","Issue Slots",1956083,1956083,1956083
"GeForce GTX 1080 Ti (0)","xyzw_frequency(int*, char*, int)",1,"cf_issued","Issued Control-Flow Instructions",539245,539245,539245
"GeForce GTX 1080 Ti (0)","xyzw_frequency(int*, char*, int)",1,"cf_executed","Executed Control-Flow Instructions",539245,539245,539245
"GeForce GTX 1080 Ti (0)","xyzw_frequency(int*, char*, int)",1,"ldst_issued","Issued Load/Store Instructions",539242,539242,539242
"GeForce GTX 1080 Ti (0)","xyzw_frequency(int*, char*, int)",1,"ldst_executed","Executed Load/Store Instructions",237039,237039,237039
"GeForce GTX 1080 Ti (0)","xyzw_frequency(int*, char*, int)",1,"atomic_transactions","Atomic Transactions",68088,68088,68088
"GeForce GTX 1080 Ti (0)","xyzw_frequency(int*, char*, int)",1,"atomic_transactions_per_request","Atomic Transactions Per Request",1.000000,1.000000,1.000000
"GeForce GTX 1080 Ti (0)","xyzw_frequency(int*, char*, int)",1,"l2_atomic_throughput","L2 Throughput (Atomic requests)",4.036917GB/s,4.036917GB/s,4.036352GB/s
"GeForce GTX 1080 Ti (0)","xyzw_frequency(int*, char*, int)",1,"l2_atomic_transactions","L2 Transactions (Atomic requests)",136176,136176,136176
"GeForce GTX 1080 Ti (0)","xyzw_frequency(int*, char*, int)",1,"l2_tex_read_transactions","L2 Transactions (Texture Reads)",100735,100735,100735
"GeForce GTX 1080 Ti (0)","xyzw_frequency(int*, char*, int)",1,"stall_memory_throttle","Issue Stall Reasons (Memory Throttle)",0.000107%,0.000107%,0.000107%
"GeForce GTX 1080 Ti (0)","xyzw_frequency(int*, char*, int)",1,"stall_not_selected","Issue Stall Reasons (Not Selected)",0.049223%,0.049223%,0.049223%
"GeForce GTX 1080 Ti (0)","xyzw_frequency(int*, char*, int)",1,"l2_tex_write_transactions","L2 Transactions (Texture Writes)",0,0,0
"GeForce GTX 1080 Ti (0)","xyzw_frequency(int*, char*, int)",1,"flop_count_hp","Floating Point Operations(Half Precision)",0,0,0
"GeForce GTX 1080 Ti (0)","xyzw_frequency(int*, char*, int)",1,"flop_count_hp_add","Floating Point Operations(Half Precision Add)",0,0,0
"GeForce GTX 1080 Ti (0)","xyzw_frequency(int*, char*, int)",1,"flop_count_hp_mul","Floating Point Operation(Half Precision Mul)",0,0,0
"GeForce GTX 1080 Ti (0)","xyzw_frequency(int*, char*, int)",1,"flop_count_hp_fma","Floating Point Operations(Half Precision FMA)",0,0,0
"GeForce GTX 1080 Ti (0)","xyzw_frequency(int*, char*, int)",1,"inst_fp_16","HP Instructions(Half)",0,0,0
"GeForce GTX 1080 Ti (0)","xyzw_frequency(int*, char*, int)",1,"sysmem_read_utilization","System Memory Read Utilization","Idle (0)","Idle (0)","Idle (0)"
"GeForce GTX 1080 Ti (0)","xyzw_frequency(int*, char*, int)",1,"sysmem_write_utilization","System Memory Write Utilization","Low (1)","Low (1)","Low (1)"
"GeForce GTX 1080 Ti (0)","xyzw_frequency(int*, char*, int)",1,"sm_activity","Multiprocessor Activity",28.291954%,28.291954%,28.291954%
"GeForce GTX 1080 Ti (0)","xyzw_frequency(int*, char*, int)",1,"achieved_occupancy","Achieved Occupancy",0.124471,0.124471,0.124471
"GeForce GTX 1080 Ti (0)","xyzw_frequency(int*, char*, int)",1,"executed_ipc","Executed IPC",0.280091,0.280091,0.280091
"GeForce GTX 1080 Ti (0)","xyzw_frequency(int*, char*, int)",1,"issued_ipc","Issued IPC",0.280115,0.280115,0.280115
"GeForce GTX 1080 Ti (0)","xyzw_frequency(int*, char*, int)",1,"issue_slot_utilization","Issue Slot Utilization",6.245995%,6.245995%,6.245995%
"GeForce GTX 1080 Ti (0)","xyzw_frequency(int*, char*, int)",1,"eligible_warps_per_cycle","Eligible Warps Per Active Cycle",0.253320,0.253320,0.253320
"GeForce GTX 1080 Ti (0)","xyzw_frequency(int*, char*, int)",1,"tex_utilization","Unified Cache Utilization","Low (1)","Low (1)","Low (1)"
"GeForce GTX 1080 Ti (0)","xyzw_frequency(int*, char*, int)",1,"l2_utilization","L2 Cache Utilization","Low (1)","Low (1)","Low (1)"
"GeForce GTX 1080 Ti (0)","xyzw_frequency(int*, char*, int)",1,"shared_utilization","Shared Memory Utilization","Idle (0)","Idle (0)","Idle (0)"
"GeForce GTX 1080 Ti (0)","xyzw_frequency(int*, char*, int)",1,"ldst_fu_utilization","Load/Store Function Unit Utilization","Low (1)","Low (1)","Low (1)"
"GeForce GTX 1080 Ti (0)","xyzw_frequency(int*, char*, int)",1,"cf_fu_utilization","Control-Flow Function Unit Utilization","Low (1)","Low (1)","Low (1)"
"GeForce GTX 1080 Ti (0)","xyzw_frequency(int*, char*, int)",1,"special_fu_utilization","Special Function Unit Utilization","Low (1)","Low (1)","Low (1)"
"GeForce GTX 1080 Ti (0)","xyzw_frequency(int*, char*, int)",1,"tex_fu_utilization","Texture Function Unit Utilization","Low (1)","Low (1)","Low (1)"
"GeForce GTX 1080 Ti (0)","xyzw_frequency(int*, char*, int)",1,"single_precision_fu_utilization","Single-Precision Function Unit Utilization","Low (1)","Low (1)","Low (1)"
"GeForce GTX 1080 Ti (0)","xyzw_frequency(int*, char*, int)",1,"double_precision_fu_utilization","Double-Precision Function Unit Utilization","Idle (0)","Idle (0)","Idle (0)"
"GeForce GTX 1080 Ti (0)","xyzw_frequency(int*, char*, int)",1,"flop_hp_efficiency","FLOP Efficiency(Peak Half)",0.000000%,0.000000%,0.000000%
"GeForce GTX 1080 Ti (0)","xyzw_frequency(int*, char*, int)",1,"flop_sp_efficiency","FLOP Efficiency(Peak Single)",0.000000%,0.000000%,0.000000%
"GeForce GTX 1080 Ti (0)","xyzw_frequency(int*, char*, int)",1,"flop_dp_efficiency","FLOP Efficiency(Peak Double)",0.000000%,0.000000%,0.000000%
"GeForce GTX 1080 Ti (0)","xyzw_frequency(int*, char*, int)",1,"dram_read_transactions","Device Memory Read Transactions",100744,100744,100744
"GeForce GTX 1080 Ti (0)","xyzw_frequency(int*, char*, int)",1,"dram_write_transactions","Device Memory Write Transactions",42238,42238,42238
"GeForce GTX 1080 Ti (0)","xyzw_frequency(int*, char*, int)",1,"dram_read_throughput","Device Memory Read Throughput",5.973081GB/s,5.973081GB/s,5.972572GB/s
"GeForce GTX 1080 Ti (0)","xyzw_frequency(int*, char*, int)",1,"dram_write_throughput","Device Memory Write Throughput",2.504278GB/s,2.504278GB/s,2.503395GB/s
"GeForce GTX 1080 Ti (0)","xyzw_frequency(int*, char*, int)",1,"dram_utilization","Device Memory Utilization","Low (1)","Low (1)","Low (1)"
"GeForce GTX 1080 Ti (0)","xyzw_frequency(int*, char*, int)",1,"half_precision_fu_utilization","Half-Precision Function Unit Utilization","Idle (0)","Idle (0)","Idle (0)"
"GeForce GTX 1080 Ti (0)","xyzw_frequency(int*, char*, int)",1,"ecc_transactions","ECC Transactions",0,0,0
"GeForce GTX 1080 Ti (0)","xyzw_frequency(int*, char*, int)",1,"ecc_throughput","ECC Throughput",0.000000B/s,0.000000B/s,0.000000B/s
"GeForce GTX 1080 Ti (0)","xyzw_frequency_thrust_device(int*, char*, int)",1,"inst_per_warp","Instructions per warp",32235074.000000,32235074.000000,32235074.000000
"GeForce GTX 1080 Ti (0)","xyzw_frequency_thrust_device(int*, char*, int)",1,"branch_efficiency","Branch Efficiency",100.000000%,100.000000%,100.000000%
"GeForce GTX 1080 Ti (0)","xyzw_frequency_thrust_device(int*, char*, int)",1,"warp_execution_efficiency","Warp Execution Efficiency",3.125000%,3.125000%,3.125000%
"GeForce GTX 1080 Ti (0)","xyzw_frequency_thrust_device(int*, char*, int)",1,"warp_nonpred_execution_efficiency","Warp Non-Predicated Execution Efficiency",3.124999%,3.124999%,3.124999%
"GeForce GTX 1080 Ti (0)","xyzw_frequency_thrust_device(int*, char*, int)",1,"inst_replay_overhead","Instruction Replay Overhead",0.000000,0.000000,0.000000
"GeForce GTX 1080 Ti (0)","xyzw_frequency_thrust_device(int*, char*, int)",1,"shared_load_transactions_per_request","Shared Memory Load Transactions Per Request",0.000000,0.000000,0.000000
"GeForce GTX 1080 Ti (0)","xyzw_frequency_thrust_device(int*, char*, int)",1,"shared_store_transactions_per_request","Shared Memory Store Transactions Per Request",0.000000,0.000000,0.000000
"GeForce GTX 1080 Ti (0)","xyzw_frequency_thrust_device(int*, char*, int)",1,"local_load_transactions_per_request","Local Memory Load Transactions Per Request",0.000000,0.000000,0.000000
"GeForce GTX 1080 Ti (0)","xyzw_frequency_thrust_device(int*, char*, int)",1,"local_store_transactions_per_request","Local Memory Store Transactions Per Request",0.000000,0.000000,0.000000
"GeForce GTX 1080 Ti (0)","xyzw_frequency_thrust_device(int*, char*, int)",1,"gld_transactions_per_request","Global Load Transactions Per Request",1.000000,1.000000,1.000000
"GeForce GTX 1080 Ti (0)","xyzw_frequency_thrust_device(int*, char*, int)",1,"gst_transactions_per_request","Global Store Transactions Per Request",1.000000,1.000000,1.000000
"GeForce GTX 1080 Ti (0)","xyzw_frequency_thrust_device(int*, char*, int)",1,"shared_store_transactions","Shared Store Transactions",0,0,0
"GeForce GTX 1080 Ti (0)","xyzw_frequency_thrust_device(int*, char*, int)",1,"shared_load_transactions","Shared Load Transactions",0,0,0
"GeForce GTX 1080 Ti (0)","xyzw_frequency_thrust_device(int*, char*, int)",1,"local_load_transactions","Local Load Transactions",0,0,0
"GeForce GTX 1080 Ti (0)","xyzw_frequency_thrust_device(int*, char*, int)",1,"local_store_transactions","Local Store Transactions",0,0,0
"GeForce GTX 1080 Ti (0)","xyzw_frequency_thrust_device(int*, char*, int)",1,"gld_transactions","Global Load Transactions",3223503,3223503,3223503
"GeForce GTX 1080 Ti (0)","xyzw_frequency_thrust_device(int*, char*, int)",1,"gst_transactions","Global Store Transactions",1,1,1
"GeForce GTX 1080 Ti (0)","xyzw_frequency_thrust_device(int*, char*, int)",1,"sysmem_read_transactions","System Memory Read Transactions",0,0,0
"GeForce GTX 1080 Ti (0)","xyzw_frequency_thrust_device(int*, char*, int)",1,"sysmem_write_transactions","System Memory Write Transactions",5,5,5
"GeForce GTX 1080 Ti (0)","xyzw_frequency_thrust_device(int*, char*, int)",1,"l2_read_transactions","L2 Read Transactions",3225759,3225759,3225759
"GeForce GTX 1080 Ti (0)","xyzw_frequency_thrust_device(int*, char*, int)",1,"l2_write_transactions","L2 Write Transactions",14,14,14
"GeForce GTX 1080 Ti (0)","xyzw_frequency_thrust_device(int*, char*, int)",1,"global_hit_rate","Global Hit Rate",0.000000%,0.000000%,0.000000%
"GeForce GTX 1080 Ti (0)","xyzw_frequency_thrust_device(int*, char*, int)",1,"local_hit_rate","Local Hit Rate",0.000000%,0.000000%,0.000000%
"GeForce GTX 1080 Ti (0)","xyzw_frequency_thrust_device(int*, char*, int)",1,"gld_requested_throughput","Requested Global Load Throughput",21.198513MB/s,21.198513MB/s,20.980835MB/s
"GeForce GTX 1080 Ti (0)","xyzw_frequency_thrust_device(int*, char*, int)",1,"gst_requested_throughput","Requested Global Store Throughput",27.000000B/s,27.000000B/s,0.000000B/s
"GeForce GTX 1080 Ti (0)","xyzw_frequency_thrust_device(int*, char*, int)",1,"gld_throughput","Global Load Throughput",678.352444MB/s,678.352444MB/s,678.062439MB/s
"GeForce GTX 1080 Ti (0)","xyzw_frequency_thrust_device(int*, char*, int)",1,"gst_throughput","Global Store Throughput",220.000000B/s,220.000000B/s,0.000000B/s
"GeForce GTX 1080 Ti (0)","xyzw_frequency_thrust_device(int*, char*, int)",1,"local_memory_overhead","Local Memory Overhead",0.000000%,0.000000%,0.000000%
"GeForce GTX 1080 Ti (0)","xyzw_frequency_thrust_device(int*, char*, int)",1,"tex_cache_hit_rate","Unified Cache Hit Rate",0.000000%,0.000000%,0.000000%
"GeForce GTX 1080 Ti (0)","xyzw_frequency_thrust_device(int*, char*, int)",1,"l2_tex_read_hit_rate","L2 Hit Rate (Texture Reads)",96.874984%,96.874984%,96.874984%
"GeForce GTX 1080 Ti (0)","xyzw_frequency_thrust_device(int*, char*, int)",1,"l2_tex_write_hit_rate","L2 Hit Rate (Texture Writes)",0.000000%,0.000000%,0.000000%
"GeForce GTX 1080 Ti (0)","xyzw_frequency_thrust_device(int*, char*, int)",1,"tex_cache_throughput","Unified Cache Throughput",678.352444MB/s,678.352444MB/s,678.062439MB/s
"GeForce GTX 1080 Ti (0)","xyzw_frequency_thrust_device(int*, char*, int)",1,"l2_tex_read_throughput","L2 Throughput (Texture Reads)",678.352444MB/s,678.352444MB/s,678.062439MB/s
"GeForce GTX 1080 Ti (0)","xyzw_frequency_thrust_device(int*, char*, int)",1,"l2_tex_write_throughput","L2 Throughput (Texture Writes)",220.000000B/s,220.000000B/s,0.000000B/s
"GeForce GTX 1080 Ti (0)","xyzw_frequency_thrust_device(int*, char*, int)",1,"l2_read_throughput","L2 Throughput (Reads)",678.827195MB/s,678.827195MB/s,678.062439MB/s
"GeForce GTX 1080 Ti (0)","xyzw_frequency_thrust_device(int*, char*, int)",1,"l2_write_throughput","L2 Throughput (Writes)",3.016602KB/s,3.016602KB/s,0.000000B/s
"GeForce GTX 1080 Ti (0)","xyzw_frequency_thrust_device(int*, char*, int)",1,"sysmem_read_throughput","System Memory Read Throughput",0.000000B/s,0.000000B/s,0.000000B/s
"GeForce GTX 1080 Ti (0)","xyzw_frequency_thrust_device(int*, char*, int)",1,"sysmem_write_throughput","System Memory Write Throughput",1.077148KB/s,1.077148KB/s,0.000000B/s
"GeForce GTX 1080 Ti (0)","xyzw_frequency_thrust_device(int*, char*, int)",1,"local_load_throughput","Local Memory Load Throughput",0.000000B/s,0.000000B/s,0.000000B/s
"GeForce GTX 1080 Ti (0)","xyzw_frequency_thrust_device(int*, char*, int)",1,"local_store_throughput","Local Memory Store Throughput",0.000000B/s,0.000000B/s,0.000000B/s
"GeForce GTX 1080 Ti (0)","xyzw_frequency_thrust_device(int*, char*, int)",1,"shared_load_throughput","Shared Memory Load Throughput",0.000000B/s,0.000000B/s,0.000000B/s
"GeForce GTX 1080 Ti (0)","xyzw_frequency_thrust_device(int*, char*, int)",1,"shared_store_throughput","Shared Memory Store Throughput",0.000000B/s,0.000000B/s,0.000000B/s
"GeForce GTX 1080 Ti (0)","xyzw_frequency_thrust_device(int*, char*, int)",1,"gld_efficiency","Global Memory Load Efficiency",3.125000%,3.125000%,3.125000%
"GeForce GTX 1080 Ti (0)","xyzw_frequency_thrust_device(int*, char*, int)",1,"gst_efficiency","Global Memory Store Efficiency",12.500000%,12.500000%,12.500000%
"GeForce GTX 1080 Ti (0)","xyzw_frequency_thrust_device(int*, char*, int)",1,"tex_cache_transactions","Unified Cache Transactions",3223503,3223503,3223503
"GeForce GTX 1080 Ti (0)","xyzw_frequency_thrust_device(int*, char*, int)",1,"flop_count_dp","Floating Point Operations(Double Precision)",0,0,0
"GeForce GTX 1080 Ti (0)","xyzw_frequency_thrust_device(int*, char*, int)",1,"flop_count_dp_add","Floating Point Operations(Double Precision Add)",0,0,0
"GeForce GTX 1080 Ti (0)","xyzw_frequency_thrust_device(int*, char*, int)",1,"flop_count_dp_fma","Floating Point Operations(Double Precision FMA)",0,0,0
"GeForce GTX 1080 Ti (0)","xyzw_frequency_thrust_device(int*, char*, int)",1,"flop_count_dp_mul","Floating Point Operations(Double Precision Mul)",0,0,0
"GeForce GTX 1080 Ti (0)","xyzw_frequency_thrust_device(int*, char*, int)",1,"flop_count_sp","Floating Point Operations(Single Precision)",0,0,0
"GeForce GTX 1080 Ti (0)","xyzw_frequency_thrust_device(int*, char*, int)",1,"flop_count_sp_add","Floating Point Operations(Single Precision Add)",0,0,0
"GeForce GTX 1080 Ti (0)","xyzw_frequency_thrust_device(int*, char*, int)",1,"flop_count_sp_fma","Floating Point Operations(Single Precision FMA)",0,0,0
"GeForce GTX 1080 Ti (0)","xyzw_frequency_thrust_device(int*, char*, int)",1,"flop_count_sp_mul","Floating Point Operation(Single Precision Mul)",0,0,0
"GeForce GTX 1080 Ti (0)","xyzw_frequency_thrust_device(int*, char*, int)",1,"flop_count_sp_special","Floating Point Operations(Single Precision Special)",0,0,0
"GeForce GTX 1080 Ti (0)","xyzw_frequency_thrust_device(int*, char*, int)",1,"inst_executed","Instructions Executed",32235074,32235074,32235074
"GeForce GTX 1080 Ti (0)","xyzw_frequency_thrust_device(int*, char*, int)",1,"inst_issued","Instructions Issued",32235076,32235076,32235076
"GeForce GTX 1080 Ti (0)","xyzw_frequency_thrust_device(int*, char*, int)",1,"sysmem_utilization","System Memory Utilization","Low (1)","Low (1)","Low (1)"
"GeForce GTX 1080 Ti (0)","xyzw_frequency_thrust_device(int*, char*, int)",1,"stall_inst_fetch","Issue Stall Reasons (Instructions Fetch)",4.874869%,4.874869%,4.874869%
"GeForce GTX 1080 Ti (0)","xyzw_frequency_thrust_device(int*, char*, int)",1,"stall_exec_dependency","Issue Stall Reasons (Execution Dependency)",25.006820%,25.006820%,25.006820%
"GeForce GTX 1080 Ti (0)","xyzw_frequency_thrust_device(int*, char*, int)",1,"stall_memory_dependency","Issue Stall Reasons (Data Request)",66.864615%,66.864615%,66.864615%
"GeForce GTX 1080 Ti (0)","xyzw_frequency_thrust_device(int*, char*, int)",1,"stall_texture","Issue Stall Reasons (Texture)",0.000000%,0.000000%,0.000000%
"GeForce GTX 1080 Ti (0)","xyzw_frequency_thrust_device(int*, char*, int)",1,"stall_sync","Issue Stall Reasons (Synchronization)",0.000000%,0.000000%,0.000000%
"GeForce GTX 1080 Ti (0)","xyzw_frequency_thrust_device(int*, char*, int)",1,"stall_other","Issue Stall Reasons (Other)",1.304828%,1.304828%,1.304828%
"GeForce GTX 1080 Ti (0)","xyzw_frequency_thrust_device(int*, char*, int)",1,"stall_constant_memory_dependency","Issue Stall Reasons (Immediate constant)",0.000233%,0.000233%,0.000233%
"GeForce GTX 1080 Ti (0)","xyzw_frequency_thrust_device(int*, char*, int)",1,"stall_pipe_busy","Issue Stall Reasons (Pipe Busy)",1.948627%,1.948627%,1.948627%
"GeForce GTX 1080 Ti (0)","xyzw_frequency_thrust_device(int*, char*, int)",1,"shared_efficiency","Shared Memory Efficiency",0.000000%,0.000000%,0.000000%
"GeForce GTX 1080 Ti (0)","xyzw_frequency_thrust_device(int*, char*, int)",1,"inst_fp_32","FP Instructions(Single)",0,0,0
"GeForce GTX 1080 Ti (0)","xyzw_frequency_thrust_device(int*, char*, int)",1,"inst_fp_64","FP Instructions(Double)",0,0,0
"GeForce GTX 1080 Ti (0)","xyzw_frequency_thrust_device(int*, char*, int)",1,"inst_integer","Integer Instructions",21758666,21758666,21758666
"GeForce GTX 1080 Ti (0)","xyzw_frequency_thrust_device(int*, char*, int)",1,"inst_bit_convert","Bit-Convert Instructions",0,0,0
"GeForce GTX 1080 Ti (0)","xyzw_frequency_thrust_device(int*, char*, int)",1,"inst_control","Control-Flow Instructions",805875,805875,805875
"GeForce GTX 1080 Ti (0)","xyzw_frequency_thrust_device(int*, char*, int)",1,"inst_compute_ld_st","Load/Store Instructions",3223504,3223504,3223504
"GeForce GTX 1080 Ti (0)","xyzw_frequency_thrust_device(int*, char*, int)",1,"inst_misc","Misc Instructions",6447023,6447023,6447023
"GeForce GTX 1080 Ti (0)","xyzw_frequency_thrust_device(int*, char*, int)",1,"inst_inter_thread_communication","Inter-Thread Instructions",0,0,0
"GeForce GTX 1080 Ti (0)","xyzw_frequency_thrust_device(int*, char*, int)",1,"issue_slots","Issue Slots",30623324,30623324,30623324
"GeForce GTX 1080 Ti (0)","xyzw_frequency_thrust_device(int*, char*, int)",1,"cf_issued","Issued Control-Flow Instructions",805881,805881,805881
"GeForce GTX 1080 Ti (0)","xyzw_frequency_thrust_device(int*, char*, int)",1,"cf_executed","Executed Control-Flow Instructions",805881,805881,805881
"GeForce GTX 1080 Ti (0)","xyzw_frequency_thrust_device(int*, char*, int)",1,"ldst_issued","Issued Load/Store Instructions",3223504,3223504,3223504
"GeForce GTX 1080 Ti (0)","xyzw_frequency_thrust_device(int*, char*, int)",1,"ldst_executed","Executed Load/Store Instructions",3223504,3223504,3223504
"GeForce GTX 1080 Ti (0)","xyzw_frequency_thrust_device(int*, char*, int)",1,"atomic_transactions","Atomic Transactions",0,0,0
"GeForce GTX 1080 Ti (0)","xyzw_frequency_thrust_device(int*, char*, int)",1,"atomic_transactions_per_request","Atomic Transactions Per Request",0.000000,0.000000,0.000000
"GeForce GTX 1080 Ti (0)","xyzw_frequency_thrust_device(int*, char*, int)",1,"l2_atomic_throughput","L2 Throughput (Atomic requests)",0.000000B/s,0.000000B/s,0.000000B/s
"GeForce GTX 1080 Ti (0)","xyzw_frequency_thrust_device(int*, char*, int)",1,"l2_atomic_transactions","L2 Transactions (Atomic requests)",0,0,0
"GeForce GTX 1080 Ti (0)","xyzw_frequency_thrust_device(int*, char*, int)",1,"l2_tex_read_transactions","L2 Transactions (Texture Reads)",3223503,3223503,3223503
"GeForce GTX 1080 Ti (0)","xyzw_frequency_thrust_device(int*, char*, int)",1,"stall_memory_throttle","Issue Stall Reasons (Memory Throttle)",0.000008%,0.000008%,0.000008%
"GeForce GTX 1080 Ti (0)","xyzw_frequency_thrust_device(int*, char*, int)",1,"stall_not_selected","Issue Stall Reasons (Not Selected)",0.000000%,0.000000%,0.000000%
"GeForce GTX 1080 Ti (0)","xyzw_frequency_thrust_device(int*, char*, int)",1,"l2_tex_write_transactions","L2 Transactions (Texture Writes)",1,1,1
"GeForce GTX 1080 Ti (0)","xyzw_frequency_thrust_device(int*, char*, int)",1,"flop_count_hp","Floating Point Operations(Half Precision)",0,0,0
"GeForce GTX 1080 Ti (0)","xyzw_frequency_thrust_device(int*, char*, int)",1,"flop_count_hp_add","Floating Point Operations(Half Precision Add)",0,0,0
"GeForce GTX 1080 Ti (0)","xyzw_frequency_thrust_device(int*, char*, int)",1,"flop_count_hp_mul","Floating Point Operation(Half Precision Mul)",0,0,0
"GeForce GTX 1080 Ti (0)","xyzw_frequency_thrust_device(int*, char*, int)",1,"flop_count_hp_fma","Floating Point Operations(Half Precision FMA)",0,0,0
"GeForce GTX 1080 Ti (0)","xyzw_frequency_thrust_device(int*, char*, int)",1,"inst_fp_16","HP Instructions(Half)",0,0,0
"GeForce GTX 1080 Ti (0)","xyzw_frequency_thrust_device(int*, char*, int)",1,"sysmem_read_utilization","System Memory Read Utilization","Idle (0)","Idle (0)","Idle (0)"
"GeForce GTX 1080 Ti (0)","xyzw_frequency_thrust_device(int*, char*, int)",1,"sysmem_write_utilization","System Memory Write Utilization","Low (1)","Low (1)","Low (1)"
"GeForce GTX 1080 Ti (0)","xyzw_frequency_thrust_device(int*, char*, int)",1,"sm_activity","Multiprocessor Activity",3.571364%,3.571364%,3.571364%
"GeForce GTX 1080 Ti (0)","xyzw_frequency_thrust_device(int*, char*, int)",1,"achieved_occupancy","Achieved Occupancy",0.015625,0.015625,0.015625
"GeForce GTX 1080 Ti (0)","xyzw_frequency_thrust_device(int*, char*, int)",1,"executed_ipc","Executed IPC",0.114226,0.114226,0.114226
"GeForce GTX 1080 Ti (0)","xyzw_frequency_thrust_device(int*, char*, int)",1,"issued_ipc","Issued IPC",0.113571,0.113571,0.113571
"GeForce GTX 1080 Ti (0)","xyzw_frequency_thrust_device(int*, char*, int)",1,"issue_slot_utilization","Issue Slot Utilization",2.697313%,2.697313%,2.697313%
"GeForce GTX 1080 Ti (0)","xyzw_frequency_thrust_device(int*, char*, int)",1,"eligible_warps_per_cycle","Eligible Warps Per Active Cycle",0.107897,0.107897,0.107897
"GeForce GTX 1080 Ti (0)","xyzw_frequency_thrust_device(int*, char*, int)",1,"tex_utilization","Unified Cache Utilization","Low (1)","Low (1)","Low (1)"
"GeForce GTX 1080 Ti (0)","xyzw_frequency_thrust_device(int*, char*, int)",1,"l2_utilization","L2 Cache Utilization","Low (1)","Low (1)","Low (1)"
"GeForce GTX 1080 Ti (0)","xyzw_frequency_thrust_device(int*, char*, int)",1,"shared_utilization","Shared Memory Utilization","Idle (0)","Idle (0)","Idle (0)"
"GeForce GTX 1080 Ti (0)","xyzw_frequency_thrust_device(int*, char*, int)",1,"ldst_fu_utilization","Load/Store Function Unit Utilization","Idle (0)","Idle (0)","Idle (0)"
"GeForce GTX 1080 Ti (0)","xyzw_frequency_thrust_device(int*, char*, int)",1,"cf_fu_utilization","Control-Flow Function Unit Utilization","Low (1)","Low (1)","Low (1)"
"GeForce GTX 1080 Ti (0)","xyzw_frequency_thrust_device(int*, char*, int)",1,"special_fu_utilization","Special Function Unit Utilization","Idle (0)","Idle (0)","Idle (0)"
"GeForce GTX 1080 Ti (0)","xyzw_frequency_thrust_device(int*, char*, int)",1,"tex_fu_utilization","Texture Function Unit Utilization","Low (1)","Low (1)","Low (1)"
"GeForce GTX 1080 Ti (0)","xyzw_frequency_thrust_device(int*, char*, int)",1,"single_precision_fu_utilization","Single-Precision Function Unit Utilization","Low (1)","Low (1)","Low (1)"
"GeForce GTX 1080 Ti (0)","xyzw_frequency_thrust_device(int*, char*, int)",1,"double_precision_fu_utilization","Double-Precision Function Unit Utilization","Idle (0)","Idle (0)","Idle (0)"
"GeForce GTX 1080 Ti (0)","xyzw_frequency_thrust_device(int*, char*, int)",1,"flop_hp_efficiency","FLOP Efficiency(Peak Half)",0.000000%,0.000000%,0.000000%
"GeForce GTX 1080 Ti (0)","xyzw_frequency_thrust_device(int*, char*, int)",1,"flop_sp_efficiency","FLOP Efficiency(Peak Single)",0.000000%,0.000000%,0.000000%
"GeForce GTX 1080 Ti (0)","xyzw_frequency_thrust_device(int*, char*, int)",1,"flop_dp_efficiency","FLOP Efficiency(Peak Double)",0.000000%,0.000000%,0.000000%
"GeForce GTX 1080 Ti (0)","xyzw_frequency_thrust_device(int*, char*, int)",1,"dram_read_transactions","Device Memory Read Transactions",103367,103367,103367
"GeForce GTX 1080 Ti (0)","xyzw_frequency_thrust_device(int*, char*, int)",1,"dram_write_transactions","Device Memory Write Transactions",42230,42230,42230
"GeForce GTX 1080 Ti (0)","xyzw_frequency_thrust_device(int*, char*, int)",1,"dram_read_throughput","Device Memory Read Throughput",21.752502MB/s,21.752502MB/s,20.980835MB/s
"GeForce GTX 1080 Ti (0)","xyzw_frequency_thrust_device(int*, char*, int)",1,"dram_write_throughput","Device Memory Write Throughput",8.886861MB/s,8.886861MB/s,8.583069MB/s
"GeForce GTX 1080 Ti (0)","xyzw_frequency_thrust_device(int*, char*, int)",1,"dram_utilization","Device Memory Utilization","Low (1)","Low (1)","Low (1)"
"GeForce GTX 1080 Ti (0)","xyzw_frequency_thrust_device(int*, char*, int)",1,"half_precision_fu_utilization","Half-Precision Function Unit Utilization","Idle (0)","Idle (0)","Idle (0)"
"GeForce GTX 1080 Ti (0)","xyzw_frequency_thrust_device(int*, char*, int)",1,"ecc_transactions","ECC Transactions",0,0,0
"GeForce GTX 1080 Ti (0)","xyzw_frequency_thrust_device(int*, char*, int)",1,"ecc_throughput","ECC Throughput",0.000000B/s,0.000000B/s,0.000000B/s
