==28875== NVPROF is profiling process 28875, command: ./MC_SingleAsianOptionP
==28875== Some kernel(s) will be replayed on device 0 in order to collect all events/metrics.
==28875== Profiling application: ./MC_SingleAsianOptionP
==28875== Profiling result:
==28875== Metric result:
"Device","Kernel","Invocations","Metric Name","Metric Description","Min","Max","Avg"
"GeForce GTX 1080 Ti (0)","void generatePaths<float>(float*, curandStateXORWOW*, AsianOption<float> const *, unsigned int, unsigned int)",1,"inst_per_warp","Instructions per warp",13331.311381,13331.311381,13331.311381
"GeForce GTX 1080 Ti (0)","void generatePaths<float>(float*, curandStateXORWOW*, AsianOption<float> const *, unsigned int, unsigned int)",1,"branch_efficiency","Branch Efficiency",100.000000%,100.000000%,100.000000%
"GeForce GTX 1080 Ti (0)","void generatePaths<float>(float*, curandStateXORWOW*, AsianOption<float> const *, unsigned int, unsigned int)",1,"warp_execution_efficiency","Warp Execution Efficiency",100.000000%,100.000000%,100.000000%
"GeForce GTX 1080 Ti (0)","void generatePaths<float>(float*, curandStateXORWOW*, AsianOption<float> const *, unsigned int, unsigned int)",1,"warp_nonpred_execution_efficiency","Warp Non-Predicated Execution Efficiency",94.739209%,94.739209%,94.739209%
"GeForce GTX 1080 Ti (0)","void generatePaths<float>(float*, curandStateXORWOW*, AsianOption<float> const *, unsigned int, unsigned int)",1,"inst_replay_overhead","Instruction Replay Overhead",0.000133,0.000133,0.000133
"GeForce GTX 1080 Ti (0)","void generatePaths<float>(float*, curandStateXORWOW*, AsianOption<float> const *, unsigned int, unsigned int)",1,"shared_load_transactions_per_request","Shared Memory Load Transactions Per Request",0.000000,0.000000,0.000000
"GeForce GTX 1080 Ti (0)","void generatePaths<float>(float*, curandStateXORWOW*, AsianOption<float> const *, unsigned int, unsigned int)",1,"shared_store_transactions_per_request","Shared Memory Store Transactions Per Request",0.000000,0.000000,0.000000
"GeForce GTX 1080 Ti (0)","void generatePaths<float>(float*, curandStateXORWOW*, AsianOption<float> const *, unsigned int, unsigned int)",1,"local_load_transactions_per_request","Local Memory Load Transactions Per Request",0.000000,0.000000,0.000000
"GeForce GTX 1080 Ti (0)","void generatePaths<float>(float*, curandStateXORWOW*, AsianOption<float> const *, unsigned int, unsigned int)",1,"local_store_transactions_per_request","Local Memory Store Transactions Per Request",0.000000,0.000000,0.000000
"GeForce GTX 1080 Ti (0)","void generatePaths<float>(float*, curandStateXORWOW*, AsianOption<float> const *, unsigned int, unsigned int)",1,"gld_transactions_per_request","Global Load Transactions Per Request",21.500000,21.500000,21.500000
"GeForce GTX 1080 Ti (0)","void generatePaths<float>(float*, curandStateXORWOW*, AsianOption<float> const *, unsigned int, unsigned int)",1,"gst_transactions_per_request","Global Store Transactions Per Request",4.000000,4.000000,4.000000
"GeForce GTX 1080 Ti (0)","void generatePaths<float>(float*, curandStateXORWOW*, AsianOption<float> const *, unsigned int, unsigned int)",1,"shared_store_transactions","Shared Store Transactions",0,0,0
"GeForce GTX 1080 Ti (0)","void generatePaths<float>(float*, curandStateXORWOW*, AsianOption<float> const *, unsigned int, unsigned int)",1,"shared_load_transactions","Shared Load Transactions",0,0,0
"GeForce GTX 1080 Ti (0)","void generatePaths<float>(float*, curandStateXORWOW*, AsianOption<float> const *, unsigned int, unsigned int)",1,"local_load_transactions","Local Load Transactions",0,0,0
"GeForce GTX 1080 Ti (0)","void generatePaths<float>(float*, curandStateXORWOW*, AsianOption<float> const *, unsigned int, unsigned int)",1,"local_store_transactions","Local Store Transactions",0,0,0
"GeForce GTX 1080 Ti (0)","void generatePaths<float>(float*, curandStateXORWOW*, AsianOption<float> const *, unsigned int, unsigned int)",1,"gld_transactions","Global Load Transactions",269008,269008,269008
"GeForce GTX 1080 Ti (0)","void generatePaths<float>(float*, curandStateXORWOW*, AsianOption<float> const *, unsigned int, unsigned int)",1,"gst_transactions","Global Store Transactions",1087500,1087500,1087500
"GeForce GTX 1080 Ti (0)","void generatePaths<float>(float*, curandStateXORWOW*, AsianOption<float> const *, unsigned int, unsigned int)",1,"sysmem_read_transactions","System Memory Read Transactions",0,0,0
"GeForce GTX 1080 Ti (0)","void generatePaths<float>(float*, curandStateXORWOW*, AsianOption<float> const *, unsigned int, unsigned int)",1,"sysmem_write_transactions","System Memory Write Transactions",5,5,5
"GeForce GTX 1080 Ti (0)","void generatePaths<float>(float*, curandStateXORWOW*, AsianOption<float> const *, unsigned int, unsigned int)",1,"l2_read_transactions","L2 Read Transactions",255076,255076,255076
"GeForce GTX 1080 Ti (0)","void generatePaths<float>(float*, curandStateXORWOW*, AsianOption<float> const *, unsigned int, unsigned int)",1,"l2_write_transactions","L2 Write Transactions",1087513,1087513,1087513
"GeForce GTX 1080 Ti (0)","void generatePaths<float>(float*, curandStateXORWOW*, AsianOption<float> const *, unsigned int, unsigned int)",1,"global_hit_rate","Global Hit Rate",5.232558%,5.232558%,5.232558%
"GeForce GTX 1080 Ti (0)","void generatePaths<float>(float*, curandStateXORWOW*, AsianOption<float> const *, unsigned int, unsigned int)",1,"local_hit_rate","Local Hit Rate",0.000000%,0.000000%,0.000000%
"GeForce GTX 1080 Ti (0)","void generatePaths<float>(float*, curandStateXORWOW*, AsianOption<float> const *, unsigned int, unsigned int)",1,"gld_requested_throughput","Requested Global Load Throughput",12.598627GB/s,12.598627GB/s,12.598000GB/s
"GeForce GTX 1080 Ti (0)","void generatePaths<float>(float*, curandStateXORWOW*, AsianOption<float> const *, unsigned int, unsigned int)",1,"gst_requested_throughput","Requested Global Store Throughput",270.586386GB/s,270.586386GB/s,270.585530GB/s
"GeForce GTX 1080 Ti (0)","void generatePaths<float>(float*, curandStateXORWOW*, AsianOption<float> const *, unsigned int, unsigned int)",1,"gld_throughput","Global Load Throughput",63.430923GB/s,63.430923GB/s,63.430518GB/s
"GeForce GTX 1080 Ti (0)","void generatePaths<float>(float*, curandStateXORWOW*, AsianOption<float> const *, unsigned int, unsigned int)",1,"gst_throughput","Global Store Throughput",270.586386GB/s,270.586386GB/s,270.585530GB/s
"GeForce GTX 1080 Ti (0)","void generatePaths<float>(float*, curandStateXORWOW*, AsianOption<float> const *, unsigned int, unsigned int)",1,"local_memory_overhead","Local Memory Overhead",0.000000%,0.000000%,0.000000%
"GeForce GTX 1080 Ti (0)","void generatePaths<float>(float*, curandStateXORWOW*, AsianOption<float> const *, unsigned int, unsigned int)",1,"tex_cache_hit_rate","Unified Cache Hit Rate",45.072520%,45.072520%,45.072520%
"GeForce GTX 1080 Ti (0)","void generatePaths<float>(float*, curandStateXORWOW*, AsianOption<float> const *, unsigned int, unsigned int)",1,"l2_tex_read_hit_rate","L2 Hit Rate (Texture Reads)",70.528219%,70.528219%,70.528219%
"GeForce GTX 1080 Ti (0)","void generatePaths<float>(float*, curandStateXORWOW*, AsianOption<float> const *, unsigned int, unsigned int)",1,"l2_tex_write_hit_rate","L2 Hit Rate (Texture Writes)",0.000000%,0.000000%,0.000000%
"GeForce GTX 1080 Ti (0)","void generatePaths<float>(float*, curandStateXORWOW*, AsianOption<float> const *, unsigned int, unsigned int)",1,"tex_cache_throughput","Unified Cache Throughput",17.122458GB/s,17.122458GB/s,17.122366GB/s
"GeForce GTX 1080 Ti (0)","void generatePaths<float>(float*, curandStateXORWOW*, AsianOption<float> const *, unsigned int, unsigned int)",1,"l2_tex_read_throughput","L2 Throughput (Texture Reads)",63.430923GB/s,63.430923GB/s,63.430518GB/s
"GeForce GTX 1080 Ti (0)","void generatePaths<float>(float*, curandStateXORWOW*, AsianOption<float> const *, unsigned int, unsigned int)",1,"l2_tex_write_throughput","L2 Throughput (Texture Writes)",270.586386GB/s,270.586386GB/s,270.585530GB/s
"GeForce GTX 1080 Ti (0)","void generatePaths<float>(float*, curandStateXORWOW*, AsianOption<float> const *, unsigned int, unsigned int)",1,"l2_read_throughput","L2 Throughput (Reads)",63.466752GB/s,63.466752GB/s,63.465908GB/s
"GeForce GTX 1080 Ti (0)","void generatePaths<float>(float*, curandStateXORWOW*, AsianOption<float> const *, unsigned int, unsigned int)",1,"l2_write_throughput","L2 Throughput (Writes)",270.589621GB/s,270.589621GB/s,270.589255GB/s
"GeForce GTX 1080 Ti (0)","void generatePaths<float>(float*, curandStateXORWOW*, AsianOption<float> const *, unsigned int, unsigned int)",1,"sysmem_read_throughput","System Memory Read Throughput",0.000000B/s,0.000000B/s,0.000000B/s
"GeForce GTX 1080 Ti (0)","void generatePaths<float>(float*, curandStateXORWOW*, AsianOption<float> const *, unsigned int, unsigned int)",1,"sysmem_write_throughput","System Memory Write Throughput",1.273932MB/s,1.273932MB/s,976.562500KB/s
"GeForce GTX 1080 Ti (0)","void generatePaths<float>(float*, curandStateXORWOW*, AsianOption<float> const *, unsigned int, unsigned int)",1,"local_load_throughput","Local Memory Load Throughput",0.000000B/s,0.000000B/s,0.000000B/s
"GeForce GTX 1080 Ti (0)","void generatePaths<float>(float*, curandStateXORWOW*, AsianOption<float> const *, unsigned int, unsigned int)",1,"local_store_throughput","Local Memory Store Throughput",0.000000B/s,0.000000B/s,0.000000B/s
"GeForce GTX 1080 Ti (0)","void generatePaths<float>(float*, curandStateXORWOW*, AsianOption<float> const *, unsigned int, unsigned int)",1,"shared_load_throughput","Shared Memory Load Throughput",0.000000B/s,0.000000B/s,0.000000B/s
"GeForce GTX 1080 Ti (0)","void generatePaths<float>(float*, curandStateXORWOW*, AsianOption<float> const *, unsigned int, unsigned int)",1,"shared_store_throughput","Shared Memory Store Throughput",0.000000B/s,0.000000B/s,0.000000B/s
"GeForce GTX 1080 Ti (0)","void generatePaths<float>(float*, curandStateXORWOW*, AsianOption<float> const *, unsigned int, unsigned int)",1,"gld_efficiency","Global Memory Load Efficiency",19.861963%,19.861963%,19.861963%
"GeForce GTX 1080 Ti (0)","void generatePaths<float>(float*, curandStateXORWOW*, AsianOption<float> const *, unsigned int, unsigned int)",1,"gst_efficiency","Global Memory Store Efficiency",100.000000%,100.000000%,100.000000%
"GeForce GTX 1080 Ti (0)","void generatePaths<float>(float*, curandStateXORWOW*, AsianOption<float> const *, unsigned int, unsigned int)",1,"tex_cache_transactions","Unified Cache Transactions",68816,68816,68816
"GeForce GTX 1080 Ti (0)","void generatePaths<float>(float*, curandStateXORWOW*, AsianOption<float> const *, unsigned int, unsigned int)",1,"flop_count_dp","Floating Point Operations(Double Precision)",0,0,0
"GeForce GTX 1080 Ti (0)","void generatePaths<float>(float*, curandStateXORWOW*, AsianOption<float> const *, unsigned int, unsigned int)",1,"flop_count_dp_add","Floating Point Operations(Double Precision Add)",0,0,0
"GeForce GTX 1080 Ti (0)","void generatePaths<float>(float*, curandStateXORWOW*, AsianOption<float> const *, unsigned int, unsigned int)",1,"flop_count_dp_fma","Floating Point Operations(Double Precision FMA)",0,0,0
"GeForce GTX 1080 Ti (0)","void generatePaths<float>(float*, curandStateXORWOW*, AsianOption<float> const *, unsigned int, unsigned int)",1,"flop_count_dp_mul","Floating Point Operations(Double Precision Mul)",0,0,0
"GeForce GTX 1080 Ti (0)","void generatePaths<float>(float*, curandStateXORWOW*, AsianOption<float> const *, unsigned int, unsigned int)",1,"flop_count_sp","Floating Point Operations(Single Precision)",261602400,261602400,261602400
"GeForce GTX 1080 Ti (0)","void generatePaths<float>(float*, curandStateXORWOW*, AsianOption<float> const *, unsigned int, unsigned int)",1,"flop_count_sp_add","Floating Point Operations(Single Precision Add)",17450144,17450144,17450144
"GeForce GTX 1080 Ti (0)","void generatePaths<float>(float*, curandStateXORWOW*, AsianOption<float> const *, unsigned int, unsigned int)",1,"flop_count_sp_fma","Floating Point Operations(Single Precision FMA)",91500864,91500864,91500864
"GeForce GTX 1080 Ti (0)","void generatePaths<float>(float*, curandStateXORWOW*, AsianOption<float> const *, unsigned int, unsigned int)",1,"flop_count_sp_mul","Floating Point Operation(Single Precision Mul)",61150528,61150528,61150528
"GeForce GTX 1080 Ti (0)","void generatePaths<float>(float*, curandStateXORWOW*, AsianOption<float> const *, unsigned int, unsigned int)",1,"flop_count_sp_special","Floating Point Operations(Single Precision Special)",30500192,30500192,30500192
"GeForce GTX 1080 Ti (0)","void generatePaths<float>(float*, curandStateXORWOW*, AsianOption<float> const *, unsigned int, unsigned int)",1,"inst_executed","Instructions Executed",20850171,20850171,20850171
"GeForce GTX 1080 Ti (0)","void generatePaths<float>(float*, curandStateXORWOW*, AsianOption<float> const *, unsigned int, unsigned int)",1,"inst_issued","Instructions Issued",20852968,20852968,20852968
"GeForce GTX 1080 Ti (0)","void generatePaths<float>(float*, curandStateXORWOW*, AsianOption<float> const *, unsigned int, unsigned int)",1,"sysmem_utilization","System Memory Utilization","Low (1)","Low (1)","Low (1)"
"GeForce GTX 1080 Ti (0)","void generatePaths<float>(float*, curandStateXORWOW*, AsianOption<float> const *, unsigned int, unsigned int)",1,"stall_inst_fetch","Issue Stall Reasons (Instructions Fetch)",8.071549%,8.071549%,8.071549%
"GeForce GTX 1080 Ti (0)","void generatePaths<float>(float*, curandStateXORWOW*, AsianOption<float> const *, unsigned int, unsigned int)",1,"stall_exec_dependency","Issue Stall Reasons (Execution Dependency)",25.080523%,25.080523%,25.080523%
"GeForce GTX 1080 Ti (0)","void generatePaths<float>(float*, curandStateXORWOW*, AsianOption<float> const *, unsigned int, unsigned int)",1,"stall_memory_dependency","Issue Stall Reasons (Data Request)",3.705402%,3.705402%,3.705402%
"GeForce GTX 1080 Ti (0)","void generatePaths<float>(float*, curandStateXORWOW*, AsianOption<float> const *, unsigned int, unsigned int)",1,"stall_texture","Issue Stall Reasons (Texture)",0.007326%,0.007326%,0.007326%
"GeForce GTX 1080 Ti (0)","void generatePaths<float>(float*, curandStateXORWOW*, AsianOption<float> const *, unsigned int, unsigned int)",1,"stall_sync","Issue Stall Reasons (Synchronization)",0.000000%,0.000000%,0.000000%
"GeForce GTX 1080 Ti (0)","void generatePaths<float>(float*, curandStateXORWOW*, AsianOption<float> const *, unsigned int, unsigned int)",1,"stall_other","Issue Stall Reasons (Other)",46.283367%,46.283367%,46.283367%
"GeForce GTX 1080 Ti (0)","void generatePaths<float>(float*, curandStateXORWOW*, AsianOption<float> const *, unsigned int, unsigned int)",1,"stall_constant_memory_dependency","Issue Stall Reasons (Immediate constant)",0.151331%,0.151331%,0.151331%
"GeForce GTX 1080 Ti (0)","void generatePaths<float>(float*, curandStateXORWOW*, AsianOption<float> const *, unsigned int, unsigned int)",1,"stall_pipe_busy","Issue Stall Reasons (Pipe Busy)",4.990968%,4.990968%,4.990968%
"GeForce GTX 1080 Ti (0)","void generatePaths<float>(float*, curandStateXORWOW*, AsianOption<float> const *, unsigned int, unsigned int)",1,"shared_efficiency","Shared Memory Efficiency",0.000000%,0.000000%,0.000000%
"GeForce GTX 1080 Ti (0)","void generatePaths<float>(float*, curandStateXORWOW*, AsianOption<float> const *, unsigned int, unsigned int)",1,"inst_fp_32","FP Instructions(Single)",257151872,257151872,257151872
"GeForce GTX 1080 Ti (0)","void generatePaths<float>(float*, curandStateXORWOW*, AsianOption<float> const *, unsigned int, unsigned int)",1,"inst_fp_64","FP Instructions(Double)",0,0,0
"GeForce GTX 1080 Ti (0)","void generatePaths<float>(float*, curandStateXORWOW*, AsianOption<float> const *, unsigned int, unsigned int)",1,"inst_integer","Integer Instructions",154451776,154451776,154451776
"GeForce GTX 1080 Ti (0)","void generatePaths<float>(float*, curandStateXORWOW*, AsianOption<float> const *, unsigned int, unsigned int)",1,"inst_bit_convert","Bit-Convert Instructions",21750144,21750144,21750144
"GeForce GTX 1080 Ti (0)","void generatePaths<float>(float*, curandStateXORWOW*, AsianOption<float> const *, unsigned int, unsigned int)",1,"inst_control","Control-Flow Instructions",39200192,39200192,39200192
"GeForce GTX 1080 Ti (0)","void generatePaths<float>(float*, curandStateXORWOW*, AsianOption<float> const *, unsigned int, unsigned int)",1,"inst_compute_ld_st","Load/Store Instructions",9100384,9100384,9100384
"GeForce GTX 1080 Ti (0)","void generatePaths<float>(float*, curandStateXORWOW*, AsianOption<float> const *, unsigned int, unsigned int)",1,"inst_misc","Misc Instructions",150450816,150450816,150450816
"GeForce GTX 1080 Ti (0)","void generatePaths<float>(float*, curandStateXORWOW*, AsianOption<float> const *, unsigned int, unsigned int)",1,"inst_inter_thread_communication","Inter-Thread Instructions",0,0,0
"GeForce GTX 1080 Ti (0)","void generatePaths<float>(float*, curandStateXORWOW*, AsianOption<float> const *, unsigned int, unsigned int)",1,"issue_slots","Issue Slots",19077959,19077959,19077959
"GeForce GTX 1080 Ti (0)","void generatePaths<float>(float*, curandStateXORWOW*, AsianOption<float> const *, unsigned int, unsigned int)",1,"cf_issued","Issued Control-Flow Instructions",1370323,1370323,1370323
"GeForce GTX 1080 Ti (0)","void generatePaths<float>(float*, curandStateXORWOW*, AsianOption<float> const *, unsigned int, unsigned int)",1,"cf_executed","Executed Control-Flow Instructions",1370323,1370323,1370323
"GeForce GTX 1080 Ti (0)","void generatePaths<float>(float*, curandStateXORWOW*, AsianOption<float> const *, unsigned int, unsigned int)",1,"ldst_issued","Issued Load/Store Instructions",1140676,1140676,1140676
"GeForce GTX 1080 Ti (0)","void generatePaths<float>(float*, curandStateXORWOW*, AsianOption<float> const *, unsigned int, unsigned int)",1,"ldst_executed","Executed Load/Store Instructions",287515,287515,287515
"GeForce GTX 1080 Ti (0)","void generatePaths<float>(float*, curandStateXORWOW*, AsianOption<float> const *, unsigned int, unsigned int)",1,"atomic_transactions","Atomic Transactions",0,0,0
"GeForce GTX 1080 Ti (0)","void generatePaths<float>(float*, curandStateXORWOW*, AsianOption<float> const *, unsigned int, unsigned int)",1,"atomic_transactions_per_request","Atomic Transactions Per Request",0.000000,0.000000,0.000000
"GeForce GTX 1080 Ti (0)","void generatePaths<float>(float*, curandStateXORWOW*, AsianOption<float> const *, unsigned int, unsigned int)",1,"l2_atomic_throughput","L2 Throughput (Atomic requests)",0.000000B/s,0.000000B/s,0.000000B/s
"GeForce GTX 1080 Ti (0)","void generatePaths<float>(float*, curandStateXORWOW*, AsianOption<float> const *, unsigned int, unsigned int)",1,"l2_atomic_transactions","L2 Transactions (Atomic requests)",0,0,0
"GeForce GTX 1080 Ti (0)","void generatePaths<float>(float*, curandStateXORWOW*, AsianOption<float> const *, unsigned int, unsigned int)",1,"l2_tex_read_transactions","L2 Transactions (Texture Reads)",254932,254932,254932
"GeForce GTX 1080 Ti (0)","void generatePaths<float>(float*, curandStateXORWOW*, AsianOption<float> const *, unsigned int, unsigned int)",1,"stall_memory_throttle","Issue Stall Reasons (Memory Throttle)",0.000650%,0.000650%,0.000650%
"GeForce GTX 1080 Ti (0)","void generatePaths<float>(float*, curandStateXORWOW*, AsianOption<float> const *, unsigned int, unsigned int)",1,"stall_not_selected","Issue Stall Reasons (Not Selected)",11.708885%,11.708885%,11.708885%
"GeForce GTX 1080 Ti (0)","void generatePaths<float>(float*, curandStateXORWOW*, AsianOption<float> const *, unsigned int, unsigned int)",1,"l2_tex_write_transactions","L2 Transactions (Texture Writes)",1087500,1087500,1087500
"GeForce GTX 1080 Ti (0)","void generatePaths<float>(float*, curandStateXORWOW*, AsianOption<float> const *, unsigned int, unsigned int)",1,"flop_count_hp","Floating Point Operations(Half Precision)",0,0,0
"GeForce GTX 1080 Ti (0)","void generatePaths<float>(float*, curandStateXORWOW*, AsianOption<float> const *, unsigned int, unsigned int)",1,"flop_count_hp_add","Floating Point Operations(Half Precision Add)",0,0,0
"GeForce GTX 1080 Ti (0)","void generatePaths<float>(float*, curandStateXORWOW*, AsianOption<float> const *, unsigned int, unsigned int)",1,"flop_count_hp_mul","Floating Point Operation(Half Precision Mul)",0,0,0
"GeForce GTX 1080 Ti (0)","void generatePaths<float>(float*, curandStateXORWOW*, AsianOption<float> const *, unsigned int, unsigned int)",1,"flop_count_hp_fma","Floating Point Operations(Half Precision FMA)",0,0,0
"GeForce GTX 1080 Ti (0)","void generatePaths<float>(float*, curandStateXORWOW*, AsianOption<float> const *, unsigned int, unsigned int)",1,"inst_fp_16","HP Instructions(Half)",0,0,0
"GeForce GTX 1080 Ti (0)","void generatePaths<float>(float*, curandStateXORWOW*, AsianOption<float> const *, unsigned int, unsigned int)",1,"sysmem_read_utilization","System Memory Read Utilization","Idle (0)","Idle (0)","Idle (0)"
"GeForce GTX 1080 Ti (0)","void generatePaths<float>(float*, curandStateXORWOW*, AsianOption<float> const *, unsigned int, unsigned int)",1,"sysmem_write_utilization","System Memory Write Utilization","Low (1)","Low (1)","Low (1)"
"GeForce GTX 1080 Ti (0)","void generatePaths<float>(float*, curandStateXORWOW*, AsianOption<float> const *, unsigned int, unsigned int)",1,"sm_activity","Multiprocessor Activity",95.263937%,95.263937%,95.263937%
"GeForce GTX 1080 Ti (0)","void generatePaths<float>(float*, curandStateXORWOW*, AsianOption<float> const *, unsigned int, unsigned int)",1,"achieved_occupancy","Achieved Occupancy",0.656168,0.656168,0.656168
"GeForce GTX 1080 Ti (0)","void generatePaths<float>(float*, curandStateXORWOW*, AsianOption<float> const *, unsigned int, unsigned int)",1,"executed_ipc","Executed IPC",3.371445,3.371445,3.371445
"GeForce GTX 1080 Ti (0)","void generatePaths<float>(float*, curandStateXORWOW*, AsianOption<float> const *, unsigned int, unsigned int)",1,"issued_ipc","Issued IPC",3.389117,3.389117,3.389117
"GeForce GTX 1080 Ti (0)","void generatePaths<float>(float*, curandStateXORWOW*, AsianOption<float> const *, unsigned int, unsigned int)",1,"issue_slot_utilization","Issue Slot Utilization",77.515862%,77.515862%,77.515862%
"GeForce GTX 1080 Ti (0)","void generatePaths<float>(float*, curandStateXORWOW*, AsianOption<float> const *, unsigned int, unsigned int)",1,"eligible_warps_per_cycle","Eligible Warps Per Active Cycle",7.682170,7.682170,7.682170
"GeForce GTX 1080 Ti (0)","void generatePaths<float>(float*, curandStateXORWOW*, AsianOption<float> const *, unsigned int, unsigned int)",1,"tex_utilization","Unified Cache Utilization","Low (1)","Low (1)","Low (1)"
"GeForce GTX 1080 Ti (0)","void generatePaths<float>(float*, curandStateXORWOW*, AsianOption<float> const *, unsigned int, unsigned int)",1,"l2_utilization","L2 Cache Utilization","Low (3)","Low (3)","Low (3)"
"GeForce GTX 1080 Ti (0)","void generatePaths<float>(float*, curandStateXORWOW*, AsianOption<float> const *, unsigned int, unsigned int)",1,"shared_utilization","Shared Memory Utilization","Idle (0)","Idle (0)","Idle (0)"
"GeForce GTX 1080 Ti (0)","void generatePaths<float>(float*, curandStateXORWOW*, AsianOption<float> const *, unsigned int, unsigned int)",1,"ldst_fu_utilization","Load/Store Function Unit Utilization","Low (1)","Low (1)","Low (1)"
"GeForce GTX 1080 Ti (0)","void generatePaths<float>(float*, curandStateXORWOW*, AsianOption<float> const *, unsigned int, unsigned int)",1,"cf_fu_utilization","Control-Flow Function Unit Utilization","Low (1)","Low (1)","Low (1)"
"GeForce GTX 1080 Ti (0)","void generatePaths<float>(float*, curandStateXORWOW*, AsianOption<float> const *, unsigned int, unsigned int)",1,"special_fu_utilization","Special Function Unit Utilization","Low (3)","Low (3)","Low (3)"
"GeForce GTX 1080 Ti (0)","void generatePaths<float>(float*, curandStateXORWOW*, AsianOption<float> const *, unsigned int, unsigned int)",1,"tex_fu_utilization","Texture Function Unit Utilization","Low (1)","Low (1)","Low (1)"
"GeForce GTX 1080 Ti (0)","void generatePaths<float>(float*, curandStateXORWOW*, AsianOption<float> const *, unsigned int, unsigned int)",1,"single_precision_fu_utilization","Single-Precision Function Unit Utilization","High (8)","High (8)","High (8)"
"GeForce GTX 1080 Ti (0)","void generatePaths<float>(float*, curandStateXORWOW*, AsianOption<float> const *, unsigned int, unsigned int)",1,"double_precision_fu_utilization","Double-Precision Function Unit Utilization","Idle (0)","Idle (0)","Idle (0)"
"GeForce GTX 1080 Ti (0)","void generatePaths<float>(float*, curandStateXORWOW*, AsianOption<float> const *, unsigned int, unsigned int)",1,"flop_hp_efficiency","FLOP Efficiency(Peak Half)",0.000000%,0.000000%,0.000000%
"GeForce GTX 1080 Ti (0)","void generatePaths<float>(float*, curandStateXORWOW*, AsianOption<float> const *, unsigned int, unsigned int)",1,"flop_sp_efficiency","FLOP Efficiency(Peak Single)",15.631317%,15.631317%,15.631317%
"GeForce GTX 1080 Ti (0)","void generatePaths<float>(float*, curandStateXORWOW*, AsianOption<float> const *, unsigned int, unsigned int)",1,"flop_dp_efficiency","FLOP Efficiency(Peak Double)",0.000000%,0.000000%,0.000000%
"GeForce GTX 1080 Ti (0)","void generatePaths<float>(float*, curandStateXORWOW*, AsianOption<float> const *, unsigned int, unsigned int)",1,"dram_read_transactions","Device Memory Read Transactions",75034,75034,75034
"GeForce GTX 1080 Ti (0)","void generatePaths<float>(float*, curandStateXORWOW*, AsianOption<float> const *, unsigned int, unsigned int)",1,"dram_write_transactions","Device Memory Write Transactions",1072989,1072989,1072989
"GeForce GTX 1080 Ti (0)","void generatePaths<float>(float*, curandStateXORWOW*, AsianOption<float> const *, unsigned int, unsigned int)",1,"dram_read_throughput","Device Memory Read Throughput",18.669590GB/s,18.669590GB/s,18.669292GB/s
"GeForce GTX 1080 Ti (0)","void generatePaths<float>(float*, curandStateXORWOW*, AsianOption<float> const *, unsigned int, unsigned int)",1,"dram_write_throughput","Device Memory Write Throughput",266.975831GB/s,266.975831GB/s,266.975723GB/s
"GeForce GTX 1080 Ti (0)","void generatePaths<float>(float*, curandStateXORWOW*, AsianOption<float> const *, unsigned int, unsigned int)",1,"dram_utilization","Device Memory Utilization","High (7)","High (7)","High (7)"
"GeForce GTX 1080 Ti (0)","void generatePaths<float>(float*, curandStateXORWOW*, AsianOption<float> const *, unsigned int, unsigned int)",1,"half_precision_fu_utilization","Half-Precision Function Unit Utilization","Idle (0)","Idle (0)","Idle (0)"
"GeForce GTX 1080 Ti (0)","void generatePaths<float>(float*, curandStateXORWOW*, AsianOption<float> const *, unsigned int, unsigned int)",1,"ecc_transactions","ECC Transactions",0,0,0
"GeForce GTX 1080 Ti (0)","void generatePaths<float>(float*, curandStateXORWOW*, AsianOption<float> const *, unsigned int, unsigned int)",1,"ecc_throughput","ECC Throughput",0.000000B/s,0.000000B/s,0.000000B/s
"GeForce GTX 1080 Ti (0)","void computeValue<float>(float*, float const *, AsianOption<float> const *, unsigned int, unsigned int)",1,"inst_per_warp","Instructions per warp",1245.154731,1245.154731,1245.154731
"GeForce GTX 1080 Ti (0)","void computeValue<float>(float*, float const *, AsianOption<float> const *, unsigned int, unsigned int)",1,"branch_efficiency","Branch Efficiency",100.000000%,100.000000%,100.000000%
"GeForce GTX 1080 Ti (0)","void computeValue<float>(float*, float const *, AsianOption<float> const *, unsigned int, unsigned int)",1,"warp_execution_efficiency","Warp Execution Efficiency",99.336177%,99.336177%,99.336177%
"GeForce GTX 1080 Ti (0)","void computeValue<float>(float*, float const *, AsianOption<float> const *, unsigned int, unsigned int)",1,"warp_nonpred_execution_efficiency","Warp Non-Predicated Execution Efficiency",97.650872%,97.650872%,97.650872%
"GeForce GTX 1080 Ti (0)","void computeValue<float>(float*, float const *, AsianOption<float> const *, unsigned int, unsigned int)",1,"inst_replay_overhead","Instruction Replay Overhead",0.000869,0.000869,0.000869
"GeForce GTX 1080 Ti (0)","void computeValue<float>(float*, float const *, AsianOption<float> const *, unsigned int, unsigned int)",1,"shared_load_transactions_per_request","Shared Memory Load Transactions Per Request",1.000000,1.000000,1.000000
"GeForce GTX 1080 Ti (0)","void computeValue<float>(float*, float const *, AsianOption<float> const *, unsigned int, unsigned int)",1,"shared_store_transactions_per_request","Shared Memory Store Transactions Per Request",1.000000,1.000000,1.000000
"GeForce GTX 1080 Ti (0)","void computeValue<float>(float*, float const *, AsianOption<float> const *, unsigned int, unsigned int)",1,"local_load_transactions_per_request","Local Memory Load Transactions Per Request",0.000000,0.000000,0.000000
"GeForce GTX 1080 Ti (0)","void computeValue<float>(float*, float const *, AsianOption<float> const *, unsigned int, unsigned int)",1,"local_store_transactions_per_request","Local Memory Store Transactions Per Request",0.000000,0.000000,0.000000
"GeForce GTX 1080 Ti (0)","void computeValue<float>(float*, float const *, AsianOption<float> const *, unsigned int, unsigned int)",1,"gld_transactions_per_request","Global Load Transactions Per Request",7.932139,7.932139,7.932139
"GeForce GTX 1080 Ti (0)","void computeValue<float>(float*, float const *, AsianOption<float> const *, unsigned int, unsigned int)",1,"gst_transactions_per_request","Global Store Transactions Per Request",1.000000,1.000000,1.000000
"GeForce GTX 1080 Ti (0)","void computeValue<float>(float*, float const *, AsianOption<float> const *, unsigned int, unsigned int)",1,"shared_store_transactions","Shared Store Transactions",4692,4692,4692
"GeForce GTX 1080 Ti (0)","void computeValue<float>(float*, float const *, AsianOption<float> const *, unsigned int, unsigned int)",1,"shared_load_transactions","Shared Load Transactions",6647,6647,6647
"GeForce GTX 1080 Ti (0)","void computeValue<float>(float*, float const *, AsianOption<float> const *, unsigned int, unsigned int)",1,"local_load_transactions","Local Load Transactions",0,0,0
"GeForce GTX 1080 Ti (0)","void computeValue<float>(float*, float const *, AsianOption<float> const *, unsigned int, unsigned int)",1,"local_store_transactions","Local Store Transactions",0,0,0
"GeForce GTX 1080 Ti (0)","void computeValue<float>(float*, float const *, AsianOption<float> const *, unsigned int, unsigned int)",1,"gld_transactions","Global Load Transactions",2193768,2193768,2193768
"GeForce GTX 1080 Ti (0)","void computeValue<float>(float*, float const *, AsianOption<float> const *, unsigned int, unsigned int)",1,"gst_transactions","Global Store Transactions",391,391,391
"GeForce GTX 1080 Ti (0)","void computeValue<float>(float*, float const *, AsianOption<float> const *, unsigned int, unsigned int)",1,"sysmem_read_transactions","System Memory Read Transactions",0,0,0
"GeForce GTX 1080 Ti (0)","void computeValue<float>(float*, float const *, AsianOption<float> const *, unsigned int, unsigned int)",1,"sysmem_write_transactions","System Memory Write Transactions",5,5,5
"GeForce GTX 1080 Ti (0)","void computeValue<float>(float*, float const *, AsianOption<float> const *, unsigned int, unsigned int)",1,"l2_read_transactions","L2 Read Transactions",1092768,1092768,1092768
"GeForce GTX 1080 Ti (0)","void computeValue<float>(float*, float const *, AsianOption<float> const *, unsigned int, unsigned int)",1,"l2_write_transactions","L2 Write Transactions",404,404,404
"GeForce GTX 1080 Ti (0)","void computeValue<float>(float*, float const *, AsianOption<float> const *, unsigned int, unsigned int)",1,"global_hit_rate","Global Hit Rate",50.213879%,50.213879%,50.213879%
"GeForce GTX 1080 Ti (0)","void computeValue<float>(float*, float const *, AsianOption<float> const *, unsigned int, unsigned int)",1,"local_hit_rate","Local Hit Rate",0.000000%,0.000000%,0.000000%
"GeForce GTX 1080 Ti (0)","void computeValue<float>(float*, float const *, AsianOption<float> const *, unsigned int, unsigned int)",1,"gld_requested_throughput","Requested Global Load Throughput",333.379645GB/s,333.379645GB/s,333.379023GB/s
"GeForce GTX 1080 Ti (0)","void computeValue<float>(float*, float const *, AsianOption<float> const *, unsigned int, unsigned int)",1,"gst_requested_throughput","Requested Global Store Throughput",15.334244MB/s,15.334244MB/s,15.258789MB/s
"GeForce GTX 1080 Ti (0)","void computeValue<float>(float*, float const *, AsianOption<float> const *, unsigned int, unsigned int)",1,"gld_throughput","Global Load Throughput",334.637532GB/s,334.637532GB/s,334.637240GB/s
"GeForce GTX 1080 Ti (0)","void computeValue<float>(float*, float const *, AsianOption<float> const *, unsigned int, unsigned int)",1,"gst_throughput","Global Store Throughput",122.673956MB/s,122.673956MB/s,122.070312MB/s
"GeForce GTX 1080 Ti (0)","void computeValue<float>(float*, float const *, AsianOption<float> const *, unsigned int, unsigned int)",1,"local_memory_overhead","Local Memory Overhead",0.000000%,0.000000%,0.000000%
"GeForce GTX 1080 Ti (0)","void computeValue<float>(float*, float const *, AsianOption<float> const *, unsigned int, unsigned int)",1,"tex_cache_hit_rate","Unified Cache Hit Rate",50.204930%,50.204930%,50.204930%
"GeForce GTX 1080 Ti (0)","void computeValue<float>(float*, float const *, AsianOption<float> const *, unsigned int, unsigned int)",1,"l2_tex_read_hit_rate","L2 Hit Rate (Texture Reads)",0.429503%,0.429503%,0.429503%
"GeForce GTX 1080 Ti (0)","void computeValue<float>(float*, float const *, AsianOption<float> const *, unsigned int, unsigned int)",1,"l2_tex_write_hit_rate","L2 Hit Rate (Texture Writes)",96.675192%,96.675192%,96.675192%
"GeForce GTX 1080 Ti (0)","void computeValue<float>(float*, float const *, AsianOption<float> const *, unsigned int, unsigned int)",1,"tex_cache_throughput","Unified Cache Throughput",338.950288GB/s,338.950288GB/s,338.950194GB/s
"GeForce GTX 1080 Ti (0)","void computeValue<float>(float*, float const *, AsianOption<float> const *, unsigned int, unsigned int)",1,"l2_tex_read_throughput","L2 Throughput (Texture Reads)",334.637532GB/s,334.637532GB/s,334.637240GB/s
"GeForce GTX 1080 Ti (0)","void computeValue<float>(float*, float const *, AsianOption<float> const *, unsigned int, unsigned int)",1,"l2_tex_write_throughput","L2 Throughput (Texture Writes)",122.673956MB/s,122.673956MB/s,122.070312MB/s
"GeForce GTX 1080 Ti (0)","void computeValue<float>(float*, float const *, AsianOption<float> const *, unsigned int, unsigned int)",1,"l2_read_throughput","L2 Throughput (Reads)",334.814013GB/s,334.814013GB/s,334.813260GB/s
"GeForce GTX 1080 Ti (0)","void computeValue<float>(float*, float const *, AsianOption<float> const *, unsigned int, unsigned int)",1,"l2_write_throughput","L2 Throughput (Writes)",126.752629MB/s,126.752629MB/s,125.885010MB/s
"GeForce GTX 1080 Ti (0)","void computeValue<float>(float*, float const *, AsianOption<float> const *, unsigned int, unsigned int)",1,"sysmem_read_throughput","System Memory Read Throughput",0.000000B/s,0.000000B/s,0.000000B/s
"GeForce GTX 1080 Ti (0)","void computeValue<float>(float*, float const *, AsianOption<float> const *, unsigned int, unsigned int)",1,"sysmem_write_throughput","System Memory Write Throughput",1.568720MB/s,1.568720MB/s,976.562500KB/s
"GeForce GTX 1080 Ti (0)","void computeValue<float>(float*, float const *, AsianOption<float> const *, unsigned int, unsigned int)",1,"local_load_throughput","Local Memory Load Throughput",0.000000B/s,0.000000B/s,0.000000B/s
"GeForce GTX 1080 Ti (0)","void computeValue<float>(float*, float const *, AsianOption<float> const *, unsigned int, unsigned int)",1,"local_store_throughput","Local Memory Store Throughput",0.000000B/s,0.000000B/s,0.000000B/s
"GeForce GTX 1080 Ti (0)","void computeValue<float>(float*, float const *, AsianOption<float> const *, unsigned int, unsigned int)",1,"shared_load_throughput","Shared Memory Load Throughput",8.146317GB/s,8.146317GB/s,8.146279GB/s
"GeForce GTX 1080 Ti (0)","void computeValue<float>(float*, float const *, AsianOption<float> const *, unsigned int, unsigned int)",1,"shared_store_throughput","Shared Memory Store Throughput",5.750342GB/s,5.750342GB/s,5.749986GB/s
"GeForce GTX 1080 Ti (0)","void computeValue<float>(float*, float const *, AsianOption<float> const *, unsigned int, unsigned int)",1,"gld_efficiency","Global Memory Load Efficiency",99.624105%,99.624105%,99.624105%
"GeForce GTX 1080 Ti (0)","void computeValue<float>(float*, float const *, AsianOption<float> const *, unsigned int, unsigned int)",1,"gst_efficiency","Global Memory Store Efficiency",12.500000%,12.500000%,12.500000%
"GeForce GTX 1080 Ti (0)","void computeValue<float>(float*, float const *, AsianOption<float> const *, unsigned int, unsigned int)",1,"tex_cache_transactions","Unified Cache Transactions",1106268,1106268,1106268
"GeForce GTX 1080 Ti (0)","void computeValue<float>(float*, float const *, AsianOption<float> const *, unsigned int, unsigned int)",1,"flop_count_dp","Floating Point Operations(Double Precision)",0,0,0
"GeForce GTX 1080 Ti (0)","void computeValue<float>(float*, float const *, AsianOption<float> const *, unsigned int, unsigned int)",1,"flop_count_dp_add","Floating Point Operations(Double Precision Add)",0,0,0
"GeForce GTX 1080 Ti (0)","void computeValue<float>(float*, float const *, AsianOption<float> const *, unsigned int, unsigned int)",1,"flop_count_dp_fma","Floating Point Operations(Double Precision FMA)",0,0,0
"GeForce GTX 1080 Ti (0)","void computeValue<float>(float*, float const *, AsianOption<float> const *, unsigned int, unsigned int)",1,"flop_count_dp_mul","Floating Point Operations(Double Precision Mul)",0,0,0
"GeForce GTX 1080 Ti (0)","void computeValue<float>(float*, float const *, AsianOption<float> const *, unsigned int, unsigned int)",1,"flop_count_sp","Floating Point Operations(Single Precision)",10549657,10549657,10549657
"GeForce GTX 1080 Ti (0)","void computeValue<float>(float*, float const *, AsianOption<float> const *, unsigned int, unsigned int)",1,"flop_count_sp_add","Floating Point Operations(Single Precision Add)",9049657,9049657,9049657
"GeForce GTX 1080 Ti (0)","void computeValue<float>(float*, float const *, AsianOption<float> const *, unsigned int, unsigned int)",1,"flop_count_sp_fma","Floating Point Operations(Single Precision FMA)",700000,700000,700000
"GeForce GTX 1080 Ti (0)","void computeValue<float>(float*, float const *, AsianOption<float> const *, unsigned int, unsigned int)",1,"flop_count_sp_mul","Floating Point Operation(Single Precision Mul)",100000,100000,100000
"GeForce GTX 1080 Ti (0)","void computeValue<float>(float*, float const *, AsianOption<float> const *, unsigned int, unsigned int)",1,"flop_count_sp_special","Floating Point Operations(Single Precision Special)",100000,100000,100000
"GeForce GTX 1080 Ti (0)","void computeValue<float>(float*, float const *, AsianOption<float> const *, unsigned int, unsigned int)",1,"inst_executed","Instructions Executed",1947422,1947422,1947422
"GeForce GTX 1080 Ti (0)","void computeValue<float>(float*, float const *, AsianOption<float> const *, unsigned int, unsigned int)",1,"inst_issued","Instructions Issued",1950317,1950317,1950317
"GeForce GTX 1080 Ti (0)","void computeValue<float>(float*, float const *, AsianOption<float> const *, unsigned int, unsigned int)",1,"sysmem_utilization","System Memory Utilization","Low (1)","Low (1)","Low (1)"
"GeForce GTX 1080 Ti (0)","void computeValue<float>(float*, float const *, AsianOption<float> const *, unsigned int, unsigned int)",1,"stall_inst_fetch","Issue Stall Reasons (Instructions Fetch)",0.782392%,0.782392%,0.782392%
"GeForce GTX 1080 Ti (0)","void computeValue<float>(float*, float const *, AsianOption<float> const *, unsigned int, unsigned int)",1,"stall_exec_dependency","Issue Stall Reasons (Execution Dependency)",2.001012%,2.001012%,2.001012%
"GeForce GTX 1080 Ti (0)","void computeValue<float>(float*, float const *, AsianOption<float> const *, unsigned int, unsigned int)",1,"stall_memory_dependency","Issue Stall Reasons (Data Request)",94.382377%,94.382377%,94.382377%
"GeForce GTX 1080 Ti (0)","void computeValue<float>(float*, float const *, AsianOption<float> const *, unsigned int, unsigned int)",1,"stall_texture","Issue Stall Reasons (Texture)",0.107742%,0.107742%,0.107742%
"GeForce GTX 1080 Ti (0)","void computeValue<float>(float*, float const *, AsianOption<float> const *, unsigned int, unsigned int)",1,"stall_sync","Issue Stall Reasons (Synchronization)",1.532097%,1.532097%,1.532097%
"GeForce GTX 1080 Ti (0)","void computeValue<float>(float*, float const *, AsianOption<float> const *, unsigned int, unsigned int)",1,"stall_other","Issue Stall Reasons (Other)",0.769052%,0.769052%,0.769052%
"GeForce GTX 1080 Ti (0)","void computeValue<float>(float*, float const *, AsianOption<float> const *, unsigned int, unsigned int)",1,"stall_constant_memory_dependency","Issue Stall Reasons (Immediate constant)",0.228271%,0.228271%,0.228271%
"GeForce GTX 1080 Ti (0)","void computeValue<float>(float*, float const *, AsianOption<float> const *, unsigned int, unsigned int)",1,"stall_pipe_busy","Issue Stall Reasons (Pipe Busy)",0.022796%,0.022796%,0.022796%
"GeForce GTX 1080 Ti (0)","void computeValue<float>(float*, float const *, AsianOption<float> const *, unsigned int, unsigned int)",1,"shared_efficiency","Shared Memory Efficiency",54.956897%,54.956897%,54.956897%
"GeForce GTX 1080 Ti (0)","void computeValue<float>(float*, float const *, AsianOption<float> const *, unsigned int, unsigned int)",1,"inst_fp_32","FP Instructions(Single)",10149657,10149657,10149657
"GeForce GTX 1080 Ti (0)","void computeValue<float>(float*, float const *, AsianOption<float> const *, unsigned int, unsigned int)",1,"inst_fp_64","FP Instructions(Double)",0,0,0
"GeForce GTX 1080 Ti (0)","void computeValue<float>(float*, float const *, AsianOption<float> const *, unsigned int, unsigned int)",1,"inst_integer","Integer Instructions",25351872,25351872,25351872
"GeForce GTX 1080 Ti (0)","void computeValue<float>(float*, float const *, AsianOption<float> const *, unsigned int, unsigned int)",1,"inst_bit_convert","Bit-Convert Instructions",50048,50048,50048
"GeForce GTX 1080 Ti (0)","void computeValue<float>(float*, float const *, AsianOption<float> const *, unsigned int, unsigned int)",1,"inst_control","Control-Flow Instructions",3501152,3501152,3501152
"GeForce GTX 1080 Ti (0)","void computeValue<float>(float*, float const *, AsianOption<float> const *, unsigned int, unsigned int)",1,"inst_compute_ld_st","Load/Store Instructions",9049945,9049945,9049945
"GeForce GTX 1080 Ti (0)","void computeValue<float>(float*, float const *, AsianOption<float> const *, unsigned int, unsigned int)",1,"inst_misc","Misc Instructions",12750912,12750912,12750912
"GeForce GTX 1080 Ti (0)","void computeValue<float>(float*, float const *, AsianOption<float> const *, unsigned int, unsigned int)",1,"inst_inter_thread_communication","Inter-Thread Instructions",0,0,0
"GeForce GTX 1080 Ti (0)","void computeValue<float>(float*, float const *, AsianOption<float> const *, unsigned int, unsigned int)",1,"issue_slots","Issue Slots",1576469,1576469,1576469
"GeForce GTX 1080 Ti (0)","void computeValue<float>(float*, float const *, AsianOption<float> const *, unsigned int, unsigned int)",1,"cf_issued","Issued Control-Flow Instructions",141061,141061,141061
"GeForce GTX 1080 Ti (0)","void computeValue<float>(float*, float const *, AsianOption<float> const *, unsigned int, unsigned int)",1,"cf_executed","Executed Control-Flow Instructions",141061,141061,141061
"GeForce GTX 1080 Ti (0)","void computeValue<float>(float*, float const *, AsianOption<float> const *, unsigned int, unsigned int)",1,"ldst_issued","Issued Load/Store Instructions",1133638,1133638,1133638
"GeForce GTX 1080 Ti (0)","void computeValue<float>(float*, float const *, AsianOption<float> const *, unsigned int, unsigned int)",1,"ldst_executed","Executed Load/Store Instructions",303937,303937,303937
"GeForce GTX 1080 Ti (0)","void computeValue<float>(float*, float const *, AsianOption<float> const *, unsigned int, unsigned int)",1,"atomic_transactions","Atomic Transactions",0,0,0
"GeForce GTX 1080 Ti (0)","void computeValue<float>(float*, float const *, AsianOption<float> const *, unsigned int, unsigned int)",1,"atomic_transactions_per_request","Atomic Transactions Per Request",0.000000,0.000000,0.000000
"GeForce GTX 1080 Ti (0)","void computeValue<float>(float*, float const *, AsianOption<float> const *, unsigned int, unsigned int)",1,"l2_atomic_throughput","L2 Throughput (Atomic requests)",0.000000B/s,0.000000B/s,0.000000B/s
"GeForce GTX 1080 Ti (0)","void computeValue<float>(float*, float const *, AsianOption<float> const *, unsigned int, unsigned int)",1,"l2_atomic_transactions","L2 Transactions (Atomic requests)",0,0,0
"GeForce GTX 1080 Ti (0)","void computeValue<float>(float*, float const *, AsianOption<float> const *, unsigned int, unsigned int)",1,"l2_tex_read_transactions","L2 Transactions (Texture Reads)",1092192,1092192,1092192
"GeForce GTX 1080 Ti (0)","void computeValue<float>(float*, float const *, AsianOption<float> const *, unsigned int, unsigned int)",1,"stall_memory_throttle","Issue Stall Reasons (Memory Throttle)",0.002906%,0.002906%,0.002906%
"GeForce GTX 1080 Ti (0)","void computeValue<float>(float*, float const *, AsianOption<float> const *, unsigned int, unsigned int)",1,"stall_not_selected","Issue Stall Reasons (Not Selected)",0.171353%,0.171353%,0.171353%
"GeForce GTX 1080 Ti (0)","void computeValue<float>(float*, float const *, AsianOption<float> const *, unsigned int, unsigned int)",1,"l2_tex_write_transactions","L2 Transactions (Texture Writes)",391,391,391
"GeForce GTX 1080 Ti (0)","void computeValue<float>(float*, float const *, AsianOption<float> const *, unsigned int, unsigned int)",1,"flop_count_hp","Floating Point Operations(Half Precision)",0,0,0
"GeForce GTX 1080 Ti (0)","void computeValue<float>(float*, float const *, AsianOption<float> const *, unsigned int, unsigned int)",1,"flop_count_hp_add","Floating Point Operations(Half Precision Add)",0,0,0
"GeForce GTX 1080 Ti (0)","void computeValue<float>(float*, float const *, AsianOption<float> const *, unsigned int, unsigned int)",1,"flop_count_hp_mul","Floating Point Operation(Half Precision Mul)",0,0,0
"GeForce GTX 1080 Ti (0)","void computeValue<float>(float*, float const *, AsianOption<float> const *, unsigned int, unsigned int)",1,"flop_count_hp_fma","Floating Point Operations(Half Precision FMA)",0,0,0
"GeForce GTX 1080 Ti (0)","void computeValue<float>(float*, float const *, AsianOption<float> const *, unsigned int, unsigned int)",1,"inst_fp_16","HP Instructions(Half)",0,0,0
"GeForce GTX 1080 Ti (0)","void computeValue<float>(float*, float const *, AsianOption<float> const *, unsigned int, unsigned int)",1,"sysmem_read_utilization","System Memory Read Utilization","Idle (0)","Idle (0)","Idle (0)"
"GeForce GTX 1080 Ti (0)","void computeValue<float>(float*, float const *, AsianOption<float> const *, unsigned int, unsigned int)",1,"sysmem_write_utilization","System Memory Write Utilization","Low (1)","Low (1)","Low (1)"
"GeForce GTX 1080 Ti (0)","void computeValue<float>(float*, float const *, AsianOption<float> const *, unsigned int, unsigned int)",1,"sm_activity","Multiprocessor Activity",94.359216%,94.359216%,94.359216%
"GeForce GTX 1080 Ti (0)","void computeValue<float>(float*, float const *, AsianOption<float> const *, unsigned int, unsigned int)",1,"achieved_occupancy","Achieved Occupancy",0.867727,0.867727,0.867727
"GeForce GTX 1080 Ti (0)","void computeValue<float>(float*, float const *, AsianOption<float> const *, unsigned int, unsigned int)",1,"executed_ipc","Executed IPC",0.385833,0.385833,0.385833
"GeForce GTX 1080 Ti (0)","void computeValue<float>(float*, float const *, AsianOption<float> const *, unsigned int, unsigned int)",1,"issued_ipc","Issued IPC",0.387112,0.387112,0.387112
"GeForce GTX 1080 Ti (0)","void computeValue<float>(float*, float const *, AsianOption<float> const *, unsigned int, unsigned int)",1,"issue_slot_utilization","Issue Slot Utilization",7.822712%,7.822712%,7.822712%
"GeForce GTX 1080 Ti (0)","void computeValue<float>(float*, float const *, AsianOption<float> const *, unsigned int, unsigned int)",1,"eligible_warps_per_cycle","Eligible Warps Per Active Cycle",0.407089,0.407089,0.407089
"GeForce GTX 1080 Ti (0)","void computeValue<float>(float*, float const *, AsianOption<float> const *, unsigned int, unsigned int)",1,"tex_utilization","Unified Cache Utilization","Low (2)","Low (2)","Low (2)"
"GeForce GTX 1080 Ti (0)","void computeValue<float>(float*, float const *, AsianOption<float> const *, unsigned int, unsigned int)",1,"l2_utilization","L2 Cache Utilization","Low (3)","Low (3)","Low (3)"
"GeForce GTX 1080 Ti (0)","void computeValue<float>(float*, float const *, AsianOption<float> const *, unsigned int, unsigned int)",1,"shared_utilization","Shared Memory Utilization","Low (1)","Low (1)","Low (1)"
"GeForce GTX 1080 Ti (0)","void computeValue<float>(float*, float const *, AsianOption<float> const *, unsigned int, unsigned int)",1,"ldst_fu_utilization","Load/Store Function Unit Utilization","Low (1)","Low (1)","Low (1)"
"GeForce GTX 1080 Ti (0)","void computeValue<float>(float*, float const *, AsianOption<float> const *, unsigned int, unsigned int)",1,"cf_fu_utilization","Control-Flow Function Unit Utilization","Low (1)","Low (1)","Low (1)"
"GeForce GTX 1080 Ti (0)","void computeValue<float>(float*, float const *, AsianOption<float> const *, unsigned int, unsigned int)",1,"special_fu_utilization","Special Function Unit Utilization","Low (1)","Low (1)","Low (1)"
"GeForce GTX 1080 Ti (0)","void computeValue<float>(float*, float const *, AsianOption<float> const *, unsigned int, unsigned int)",1,"tex_fu_utilization","Texture Function Unit Utilization","Low (2)","Low (2)","Low (2)"
"GeForce GTX 1080 Ti (0)","void computeValue<float>(float*, float const *, AsianOption<float> const *, unsigned int, unsigned int)",1,"single_precision_fu_utilization","Single-Precision Function Unit Utilization","Low (1)","Low (1)","Low (1)"
"GeForce GTX 1080 Ti (0)","void computeValue<float>(float*, float const *, AsianOption<float> const *, unsigned int, unsigned int)",1,"double_precision_fu_utilization","Double-Precision Function Unit Utilization","Idle (0)","Idle (0)","Idle (0)"
"GeForce GTX 1080 Ti (0)","void computeValue<float>(float*, float const *, AsianOption<float> const *, unsigned int, unsigned int)",1,"flop_hp_efficiency","FLOP Efficiency(Peak Half)",0.000000%,0.000000%,0.000000%
"GeForce GTX 1080 Ti (0)","void computeValue<float>(float*, float const *, AsianOption<float> const *, unsigned int, unsigned int)",1,"flop_sp_efficiency","FLOP Efficiency(Peak Single)",0.774695%,0.774695%,0.774695%
"GeForce GTX 1080 Ti (0)","void computeValue<float>(float*, float const *, AsianOption<float> const *, unsigned int, unsigned int)",1,"flop_dp_efficiency","FLOP Efficiency(Peak Double)",0.000000%,0.000000%,0.000000%
"GeForce GTX 1080 Ti (0)","void computeValue<float>(float*, float const *, AsianOption<float> const *, unsigned int, unsigned int)",1,"dram_read_transactions","Device Memory Read Transactions",1087588,1087588,1087588
"GeForce GTX 1080 Ti (0)","void computeValue<float>(float*, float const *, AsianOption<float> const *, unsigned int, unsigned int)",1,"dram_write_transactions","Device Memory Write Transactions",41821,41821,41821
"GeForce GTX 1080 Ti (0)","void computeValue<float>(float*, float const *, AsianOption<float> const *, unsigned int, unsigned int)",1,"dram_read_throughput","Device Memory Read Throughput",333.226909GB/s,333.226909GB/s,333.226286GB/s
"GeForce GTX 1080 Ti (0)","void computeValue<float>(float*, float const *, AsianOption<float> const *, unsigned int, unsigned int)",1,"dram_write_throughput","Device Memory Write Throughput",12.813568GB/s,12.813568GB/s,12.813136GB/s
"GeForce GTX 1080 Ti (0)","void computeValue<float>(float*, float const *, AsianOption<float> const *, unsigned int, unsigned int)",1,"dram_utilization","Device Memory Utilization","High (8)","High (8)","High (8)"
"GeForce GTX 1080 Ti (0)","void computeValue<float>(float*, float const *, AsianOption<float> const *, unsigned int, unsigned int)",1,"half_precision_fu_utilization","Half-Precision Function Unit Utilization","Idle (0)","Idle (0)","Idle (0)"
"GeForce GTX 1080 Ti (0)","void computeValue<float>(float*, float const *, AsianOption<float> const *, unsigned int, unsigned int)",1,"ecc_transactions","ECC Transactions",0,0,0
"GeForce GTX 1080 Ti (0)","void computeValue<float>(float*, float const *, AsianOption<float> const *, unsigned int, unsigned int)",1,"ecc_throughput","ECC Throughput",0.000000B/s,0.000000B/s,0.000000B/s
"GeForce GTX 1080 Ti (0)","initRNG(curandStateXORWOW*, unsigned int)",1,"inst_per_warp","Instructions per warp",48362.881074,48362.881074,48362.881074
"GeForce GTX 1080 Ti (0)","initRNG(curandStateXORWOW*, unsigned int)",1,"branch_efficiency","Branch Efficiency",99.923406%,99.923406%,99.923406%
"GeForce GTX 1080 Ti (0)","initRNG(curandStateXORWOW*, unsigned int)",1,"warp_execution_efficiency","Warp Execution Efficiency",79.696178%,79.696178%,79.696178%
"GeForce GTX 1080 Ti (0)","initRNG(curandStateXORWOW*, unsigned int)",1,"warp_nonpred_execution_efficiency","Warp Non-Predicated Execution Efficiency",55.811273%,55.811273%,55.811273%
"GeForce GTX 1080 Ti (0)","initRNG(curandStateXORWOW*, unsigned int)",1,"inst_replay_overhead","Instruction Replay Overhead",0.000110,0.000110,0.000110
"GeForce GTX 1080 Ti (0)","initRNG(curandStateXORWOW*, unsigned int)",1,"shared_load_transactions_per_request","Shared Memory Load Transactions Per Request",0.000000,0.000000,0.000000
"GeForce GTX 1080 Ti (0)","initRNG(curandStateXORWOW*, unsigned int)",1,"shared_store_transactions_per_request","Shared Memory Store Transactions Per Request",0.000000,0.000000,0.000000
"GeForce GTX 1080 Ti (0)","initRNG(curandStateXORWOW*, unsigned int)",1,"local_load_transactions_per_request","Local Memory Load Transactions Per Request",7.506972,7.506972,7.506972
"GeForce GTX 1080 Ti (0)","initRNG(curandStateXORWOW*, unsigned int)",1,"local_store_transactions_per_request","Local Memory Store Transactions Per Request",3.988253,3.988253,3.988253
"GeForce GTX 1080 Ti (0)","initRNG(curandStateXORWOW*, unsigned int)",1,"gld_transactions_per_request","Global Load Transactions Per Request",3.706859,3.706859,3.706859
"GeForce GTX 1080 Ti (0)","initRNG(curandStateXORWOW*, unsigned int)",1,"gst_transactions_per_request","Global Store Transactions Per Request",32.000000,32.000000,32.000000
"GeForce GTX 1080 Ti (0)","initRNG(curandStateXORWOW*, unsigned int)",1,"shared_store_transactions","Shared Store Transactions",0,0,0
"GeForce GTX 1080 Ti (0)","initRNG(curandStateXORWOW*, unsigned int)",1,"shared_load_transactions","Shared Load Transactions",0,0,0
"GeForce GTX 1080 Ti (0)","initRNG(curandStateXORWOW*, unsigned int)",1,"local_load_transactions","Local Load Transactions",11733548,11733548,11733548
"GeForce GTX 1080 Ti (0)","initRNG(curandStateXORWOW*, unsigned int)",1,"local_store_transactions","Local Store Transactions",12350105,12350105,12350105
"GeForce GTX 1080 Ti (0)","initRNG(curandStateXORWOW*, unsigned int)",1,"gld_transactions","Global Load Transactions",62950330,62950330,62950330
"GeForce GTX 1080 Ti (0)","initRNG(curandStateXORWOW*, unsigned int)",1,"gst_transactions","Global Store Transactions",350336,350336,350336
"GeForce GTX 1080 Ti (0)","initRNG(curandStateXORWOW*, unsigned int)",1,"sysmem_read_transactions","System Memory Read Transactions",0,0,0
"GeForce GTX 1080 Ti (0)","initRNG(curandStateXORWOW*, unsigned int)",1,"sysmem_write_transactions","System Memory Write Transactions",5,5,5
"GeForce GTX 1080 Ti (0)","initRNG(curandStateXORWOW*, unsigned int)",1,"l2_read_transactions","L2 Read Transactions",22677312,22677312,22677312
"GeForce GTX 1080 Ti (0)","initRNG(curandStateXORWOW*, unsigned int)",1,"l2_write_transactions","L2 Write Transactions",12700454,12700454,12700454
"GeForce GTX 1080 Ti (0)","initRNG(curandStateXORWOW*, unsigned int)",1,"global_hit_rate","Global Hit Rate",73.022985%,73.022985%,73.022985%
"GeForce GTX 1080 Ti (0)","initRNG(curandStateXORWOW*, unsigned int)",1,"local_hit_rate","Local Hit Rate",51.500663%,51.500663%,51.500663%
"GeForce GTX 1080 Ti (0)","initRNG(curandStateXORWOW*, unsigned int)",1,"gld_requested_throughput","Requested Global Load Throughput",23.851047GB/s,23.851047GB/s,23.850240GB/s
"GeForce GTX 1080 Ti (0)","initRNG(curandStateXORWOW*, unsigned int)",1,"gst_requested_throughput","Requested Global Store Throughput",935.719265MB/s,935.719265MB/s,935.554504MB/s
"GeForce GTX 1080 Ti (0)","initRNG(curandStateXORWOW*, unsigned int)",1,"gld_throughput","Global Load Throughput",190.808373GB/s,190.808373GB/s,190.807506GB/s
"GeForce GTX 1080 Ti (0)","initRNG(curandStateXORWOW*, unsigned int)",1,"gst_throughput","Global Store Throughput",3.936319GB/s,3.936319GB/s,3.935769GB/s
"GeForce GTX 1080 Ti (0)","initRNG(curandStateXORWOW*, unsigned int)",1,"local_memory_overhead","Local Memory Overhead",51.001787%,51.001787%,51.001787%
"GeForce GTX 1080 Ti (0)","initRNG(curandStateXORWOW*, unsigned int)",1,"tex_cache_hit_rate","Unified Cache Hit Rate",64.309030%,64.309030%,64.309030%
"GeForce GTX 1080 Ti (0)","initRNG(curandStateXORWOW*, unsigned int)",1,"l2_tex_read_hit_rate","L2 Hit Rate (Texture Reads)",76.650770%,76.650770%,76.650770%
"GeForce GTX 1080 Ti (0)","initRNG(curandStateXORWOW*, unsigned int)",1,"l2_tex_write_hit_rate","L2 Hit Rate (Texture Writes)",41.507535%,41.507535%,41.507535%
"GeForce GTX 1080 Ti (0)","initRNG(curandStateXORWOW*, unsigned int)",1,"tex_cache_throughput","Unified Cache Throughput",777.281672GB/s,777.281672GB/s,777.280889GB/s
"GeForce GTX 1080 Ti (0)","initRNG(curandStateXORWOW*, unsigned int)",1,"l2_tex_read_throughput","L2 Throughput (Texture Reads)",254.720928GB/s,254.720928GB/s,254.720449GB/s
"GeForce GTX 1080 Ti (0)","initRNG(curandStateXORWOW*, unsigned int)",1,"l2_tex_write_throughput","L2 Throughput (Texture Writes)",142.700115GB/s,142.700115GB/s,142.700039GB/s
"GeForce GTX 1080 Ti (0)","initRNG(curandStateXORWOW*, unsigned int)",1,"l2_read_throughput","L2 Throughput (Reads)",254.798635GB/s,254.798635GB/s,254.797749GB/s
"GeForce GTX 1080 Ti (0)","initRNG(curandStateXORWOW*, unsigned int)",1,"l2_write_throughput","L2 Throughput (Writes)",142.700261GB/s,142.700261GB/s,142.700039GB/s
"GeForce GTX 1080 Ti (0)","initRNG(curandStateXORWOW*, unsigned int)",1,"sysmem_read_throughput","System Memory Read Throughput",0.000000B/s,0.000000B/s,0.000000B/s
"GeForce GTX 1080 Ti (0)","initRNG(curandStateXORWOW*, unsigned int)",1,"sysmem_write_throughput","System Memory Write Throughput",58.907227KB/s,58.907227KB/s,0.000000B/s
"GeForce GTX 1080 Ti (0)","initRNG(curandStateXORWOW*, unsigned int)",1,"local_load_throughput","Local Memory Load Throughput",131.836261GB/s,131.836261GB/s,131.836161GB/s
"GeForce GTX 1080 Ti (0)","initRNG(curandStateXORWOW*, unsigned int)",1,"local_store_throughput","Local Memory Store Throughput",138.763796GB/s,138.763796GB/s,138.763338GB/s
"GeForce GTX 1080 Ti (0)","initRNG(curandStateXORWOW*, unsigned int)",1,"shared_load_throughput","Shared Memory Load Throughput",0.000000B/s,0.000000B/s,0.000000B/s
"GeForce GTX 1080 Ti (0)","initRNG(curandStateXORWOW*, unsigned int)",1,"shared_store_throughput","Shared Memory Store Throughput",0.000000B/s,0.000000B/s,0.000000B/s
"GeForce GTX 1080 Ti (0)","initRNG(curandStateXORWOW*, unsigned int)",1,"gld_efficiency","Global Memory Load Efficiency",12.500000%,12.500000%,12.500000%
"GeForce GTX 1080 Ti (0)","initRNG(curandStateXORWOW*, unsigned int)",1,"gst_efficiency","Global Memory Store Efficiency",23.214286%,23.214286%,23.214286%
"GeForce GTX 1080 Ti (0)","initRNG(curandStateXORWOW*, unsigned int)",1,"tex_cache_transactions","Unified Cache Transactions",69178781,69178781,69178781
"GeForce GTX 1080 Ti (0)","initRNG(curandStateXORWOW*, unsigned int)",1,"flop_count_dp","Floating Point Operations(Double Precision)",0,0,0
"GeForce GTX 1080 Ti (0)","initRNG(curandStateXORWOW*, unsigned int)",1,"flop_count_dp_add","Floating Point Operations(Double Precision Add)",0,0,0
"GeForce GTX 1080 Ti (0)","initRNG(curandStateXORWOW*, unsigned int)",1,"flop_count_dp_fma","Floating Point Operations(Double Precision FMA)",0,0,0
"GeForce GTX 1080 Ti (0)","initRNG(curandStateXORWOW*, unsigned int)",1,"flop_count_dp_mul","Floating Point Operations(Double Precision Mul)",0,0,0
"GeForce GTX 1080 Ti (0)","initRNG(curandStateXORWOW*, unsigned int)",1,"flop_count_sp","Floating Point Operations(Single Precision)",0,0,0
"GeForce GTX 1080 Ti (0)","initRNG(curandStateXORWOW*, unsigned int)",1,"flop_count_sp_add","Floating Point Operations(Single Precision Add)",0,0,0
"GeForce GTX 1080 Ti (0)","initRNG(curandStateXORWOW*, unsigned int)",1,"flop_count_sp_fma","Floating Point Operations(Single Precision FMA)",0,0,0
"GeForce GTX 1080 Ti (0)","initRNG(curandStateXORWOW*, unsigned int)",1,"flop_count_sp_mul","Floating Point Operation(Single Precision Mul)",0,0,0
"GeForce GTX 1080 Ti (0)","initRNG(curandStateXORWOW*, unsigned int)",1,"flop_count_sp_special","Floating Point Operations(Single Precision Special)",0,0,0
"GeForce GTX 1080 Ti (0)","initRNG(curandStateXORWOW*, unsigned int)",1,"inst_executed","Instructions Executed",75639546,75639546,75639546
"GeForce GTX 1080 Ti (0)","initRNG(curandStateXORWOW*, unsigned int)",1,"inst_issued","Instructions Issued",75647883,75647883,75647883
"GeForce GTX 1080 Ti (0)","initRNG(curandStateXORWOW*, unsigned int)",1,"sysmem_utilization","System Memory Utilization","Low (1)","Low (1)","Low (1)"
"GeForce GTX 1080 Ti (0)","initRNG(curandStateXORWOW*, unsigned int)",1,"stall_inst_fetch","Issue Stall Reasons (Instructions Fetch)",1.193421%,1.193421%,1.193421%
"GeForce GTX 1080 Ti (0)","initRNG(curandStateXORWOW*, unsigned int)",1,"stall_exec_dependency","Issue Stall Reasons (Execution Dependency)",26.341418%,26.341418%,26.341418%
"GeForce GTX 1080 Ti (0)","initRNG(curandStateXORWOW*, unsigned int)",1,"stall_memory_dependency","Issue Stall Reasons (Data Request)",59.928817%,59.928817%,59.928817%
"GeForce GTX 1080 Ti (0)","initRNG(curandStateXORWOW*, unsigned int)",1,"stall_texture","Issue Stall Reasons (Texture)",1.904902%,1.904902%,1.904902%
"GeForce GTX 1080 Ti (0)","initRNG(curandStateXORWOW*, unsigned int)",1,"stall_sync","Issue Stall Reasons (Synchronization)",0.000000%,0.000000%,0.000000%
"GeForce GTX 1080 Ti (0)","initRNG(curandStateXORWOW*, unsigned int)",1,"stall_other","Issue Stall Reasons (Other)",10.252728%,10.252728%,10.252728%
"GeForce GTX 1080 Ti (0)","initRNG(curandStateXORWOW*, unsigned int)",1,"stall_constant_memory_dependency","Issue Stall Reasons (Immediate constant)",0.011620%,0.011620%,0.011620%
"GeForce GTX 1080 Ti (0)","initRNG(curandStateXORWOW*, unsigned int)",1,"stall_pipe_busy","Issue Stall Reasons (Pipe Busy)",0.049761%,0.049761%,0.049761%
"GeForce GTX 1080 Ti (0)","initRNG(curandStateXORWOW*, unsigned int)",1,"shared_efficiency","Shared Memory Efficiency",0.000000%,0.000000%,0.000000%
"GeForce GTX 1080 Ti (0)","initRNG(curandStateXORWOW*, unsigned int)",1,"inst_fp_32","FP Instructions(Single)",0,0,0
"GeForce GTX 1080 Ti (0)","initRNG(curandStateXORWOW*, unsigned int)",1,"inst_fp_64","FP Instructions(Double)",0,0,0
"GeForce GTX 1080 Ti (0)","initRNG(curandStateXORWOW*, unsigned int)",1,"inst_integer","Integer Instructions",667000338,667000338,667000338
"GeForce GTX 1080 Ti (0)","initRNG(curandStateXORWOW*, unsigned int)",1,"inst_bit_convert","Bit-Convert Instructions",0,0,0
"GeForce GTX 1080 Ti (0)","initRNG(curandStateXORWOW*, unsigned int)",1,"inst_control","Control-Flow Instructions",127222490,127222490,127222490
"GeForce GTX 1080 Ti (0)","initRNG(curandStateXORWOW*, unsigned int)",1,"inst_compute_ld_st","Load/Store Instructions",366320291,366320291,366320291
"GeForce GTX 1080 Ti (0)","initRNG(curandStateXORWOW*, unsigned int)",1,"inst_misc","Misc Instructions",190349452,190349452,190349452
"GeForce GTX 1080 Ti (0)","initRNG(curandStateXORWOW*, unsigned int)",1,"inst_inter_thread_communication","Inter-Thread Instructions",0,0,0
"GeForce GTX 1080 Ti (0)","initRNG(curandStateXORWOW*, unsigned int)",1,"issue_slots","Issue Slots",67470242,67470242,67470242
"GeForce GTX 1080 Ti (0)","initRNG(curandStateXORWOW*, unsigned int)",1,"cf_issued","Issued Control-Flow Instructions",9218276,9218276,9218276
"GeForce GTX 1080 Ti (0)","initRNG(curandStateXORWOW*, unsigned int)",1,"cf_executed","Executed Control-Flow Instructions",9218276,9218276,9218276
"GeForce GTX 1080 Ti (0)","initRNG(curandStateXORWOW*, unsigned int)",1,"ldst_issued","Issued Load/Store Instructions",81617405,81617405,81617405
"GeForce GTX 1080 Ti (0)","initRNG(curandStateXORWOW*, unsigned int)",1,"ldst_executed","Executed Load/Store Instructions",21658964,21658964,21658964
"GeForce GTX 1080 Ti (0)","initRNG(curandStateXORWOW*, unsigned int)",1,"atomic_transactions","Atomic Transactions",0,0,0
"GeForce GTX 1080 Ti (0)","initRNG(curandStateXORWOW*, unsigned int)",1,"atomic_transactions_per_request","Atomic Transactions Per Request",0.000000,0.000000,0.000000
"GeForce GTX 1080 Ti (0)","initRNG(curandStateXORWOW*, unsigned int)",1,"l2_atomic_throughput","L2 Throughput (Atomic requests)",0.000000B/s,0.000000B/s,0.000000B/s
"GeForce GTX 1080 Ti (0)","initRNG(curandStateXORWOW*, unsigned int)",1,"l2_atomic_transactions","L2 Transactions (Atomic requests)",0,0,0
"GeForce GTX 1080 Ti (0)","initRNG(curandStateXORWOW*, unsigned int)",1,"l2_tex_read_transactions","L2 Transactions (Texture Reads)",22670396,22670396,22670396
"GeForce GTX 1080 Ti (0)","initRNG(curandStateXORWOW*, unsigned int)",1,"stall_memory_throttle","Issue Stall Reasons (Memory Throttle)",0.003964%,0.003964%,0.003964%
"GeForce GTX 1080 Ti (0)","initRNG(curandStateXORWOW*, unsigned int)",1,"stall_not_selected","Issue Stall Reasons (Not Selected)",0.313368%,0.313368%,0.313368%
"GeForce GTX 1080 Ti (0)","initRNG(curandStateXORWOW*, unsigned int)",1,"l2_tex_write_transactions","L2 Transactions (Texture Writes)",12700441,12700441,12700441
"GeForce GTX 1080 Ti (0)","initRNG(curandStateXORWOW*, unsigned int)",1,"flop_count_hp","Floating Point Operations(Half Precision)",0,0,0
"GeForce GTX 1080 Ti (0)","initRNG(curandStateXORWOW*, unsigned int)",1,"flop_count_hp_add","Floating Point Operations(Half Precision Add)",0,0,0
"GeForce GTX 1080 Ti (0)","initRNG(curandStateXORWOW*, unsigned int)",1,"flop_count_hp_mul","Floating Point Operation(Half Precision Mul)",0,0,0
"GeForce GTX 1080 Ti (0)","initRNG(curandStateXORWOW*, unsigned int)",1,"flop_count_hp_fma","Floating Point Operations(Half Precision FMA)",0,0,0
"GeForce GTX 1080 Ti (0)","initRNG(curandStateXORWOW*, unsigned int)",1,"inst_fp_16","HP Instructions(Half)",0,0,0
"GeForce GTX 1080 Ti (0)","initRNG(curandStateXORWOW*, unsigned int)",1,"sysmem_read_utilization","System Memory Read Utilization","Idle (0)","Idle (0)","Idle (0)"
"GeForce GTX 1080 Ti (0)","initRNG(curandStateXORWOW*, unsigned int)",1,"sysmem_write_utilization","System Memory Write Utilization","Low (1)","Low (1)","Low (1)"
"GeForce GTX 1080 Ti (0)","initRNG(curandStateXORWOW*, unsigned int)",1,"sm_activity","Multiprocessor Activity",91.720074%,91.720074%,91.720074%
"GeForce GTX 1080 Ti (0)","initRNG(curandStateXORWOW*, unsigned int)",1,"achieved_occupancy","Achieved Occupancy",0.670954,0.670954,0.670954
"GeForce GTX 1080 Ti (0)","initRNG(curandStateXORWOW*, unsigned int)",1,"executed_ipc","Executed IPC",0.656276,0.656276,0.656276
"GeForce GTX 1080 Ti (0)","initRNG(curandStateXORWOW*, unsigned int)",1,"issued_ipc","Issued IPC",0.566778,0.566778,0.566778
"GeForce GTX 1080 Ti (0)","initRNG(curandStateXORWOW*, unsigned int)",1,"issue_slot_utilization","Issue Slot Utilization",12.637716%,12.637716%,12.637716%
"GeForce GTX 1080 Ti (0)","initRNG(curandStateXORWOW*, unsigned int)",1,"eligible_warps_per_cycle","Eligible Warps Per Active Cycle",0.638446,0.638446,0.638446
"GeForce GTX 1080 Ti (0)","initRNG(curandStateXORWOW*, unsigned int)",1,"tex_utilization","Unified Cache Utilization","Low (3)","Low (3)","Low (3)"
"GeForce GTX 1080 Ti (0)","initRNG(curandStateXORWOW*, unsigned int)",1,"l2_utilization","L2 Cache Utilization","Mid (4)","Mid (4)","Mid (4)"
"GeForce GTX 1080 Ti (0)","initRNG(curandStateXORWOW*, unsigned int)",1,"shared_utilization","Shared Memory Utilization","Idle (0)","Idle (0)","Idle (0)"
"GeForce GTX 1080 Ti (0)","initRNG(curandStateXORWOW*, unsigned int)",1,"ldst_fu_utilization","Load/Store Function Unit Utilization","Low (1)","Low (1)","Low (1)"
"GeForce GTX 1080 Ti (0)","initRNG(curandStateXORWOW*, unsigned int)",1,"cf_fu_utilization","Control-Flow Function Unit Utilization","Low (1)","Low (1)","Low (1)"
"GeForce GTX 1080 Ti (0)","initRNG(curandStateXORWOW*, unsigned int)",1,"special_fu_utilization","Special Function Unit Utilization","Idle (0)","Idle (0)","Idle (0)"
"GeForce GTX 1080 Ti (0)","initRNG(curandStateXORWOW*, unsigned int)",1,"tex_fu_utilization","Texture Function Unit Utilization","Mid (4)","Mid (4)","Mid (4)"
"GeForce GTX 1080 Ti (0)","initRNG(curandStateXORWOW*, unsigned int)",1,"single_precision_fu_utilization","Single-Precision Function Unit Utilization","Low (1)","Low (1)","Low (1)"
"GeForce GTX 1080 Ti (0)","initRNG(curandStateXORWOW*, unsigned int)",1,"double_precision_fu_utilization","Double-Precision Function Unit Utilization","Idle (0)","Idle (0)","Idle (0)"
"GeForce GTX 1080 Ti (0)","initRNG(curandStateXORWOW*, unsigned int)",1,"flop_hp_efficiency","FLOP Efficiency(Peak Half)",0.000000%,0.000000%,0.000000%
"GeForce GTX 1080 Ti (0)","initRNG(curandStateXORWOW*, unsigned int)",1,"flop_sp_efficiency","FLOP Efficiency(Peak Single)",0.000000%,0.000000%,0.000000%
"GeForce GTX 1080 Ti (0)","initRNG(curandStateXORWOW*, unsigned int)",1,"flop_dp_efficiency","FLOP Efficiency(Peak Double)",0.000000%,0.000000%,0.000000%
"GeForce GTX 1080 Ti (0)","initRNG(curandStateXORWOW*, unsigned int)",1,"dram_read_transactions","Device Memory Read Transactions",5299723,5299723,5299723
"GeForce GTX 1080 Ti (0)","initRNG(curandStateXORWOW*, unsigned int)",1,"dram_write_transactions","Device Memory Write Transactions",8472517,8472517,8472517
"GeForce GTX 1080 Ti (0)","initRNG(curandStateXORWOW*, unsigned int)",1,"dram_read_throughput","Device Memory Read Throughput",59.546836GB/s,59.546836GB/s,59.545971GB/s
"GeForce GTX 1080 Ti (0)","initRNG(curandStateXORWOW*, unsigned int)",1,"dram_write_throughput","Device Memory Write Throughput",95.195840GB/s,95.195840GB/s,95.195137GB/s
"GeForce GTX 1080 Ti (0)","initRNG(curandStateXORWOW*, unsigned int)",1,"dram_utilization","Device Memory Utilization","Mid (4)","Mid (4)","Mid (4)"
"GeForce GTX 1080 Ti (0)","initRNG(curandStateXORWOW*, unsigned int)",1,"half_precision_fu_utilization","Half-Precision Function Unit Utilization","Idle (0)","Idle (0)","Idle (0)"
"GeForce GTX 1080 Ti (0)","initRNG(curandStateXORWOW*, unsigned int)",1,"ecc_transactions","ECC Transactions",0,0,0
"GeForce GTX 1080 Ti (0)","initRNG(curandStateXORWOW*, unsigned int)",1,"ecc_throughput","ECC Throughput",0.000000B/s,0.000000B/s,0.000000B/s
