==17633== NVPROF is profiling process 17633, command: ./MC_EstimatePiInlineQ
==17633== Some kernel(s) will be replayed on device 0 in order to collect all events/metrics.
==17633== Profiling application: ./MC_EstimatePiInlineQ
==17633== Profiling result:
==17633== Metric result:
"Device","Kernel","Invocations","Metric Name","Metric Description","Min","Max","Avg"
"GeForce GTX 1080 Ti (0)","void computeValue<float, curandStateSobol32>(unsigned int*, curandStateSobol32*, unsigned int)",1,"inst_per_warp","Instructions per warp",379.150256,379.150256,379.150256
"GeForce GTX 1080 Ti (0)","void computeValue<float, curandStateSobol32>(unsigned int*, curandStateSobol32*, unsigned int)",1,"branch_efficiency","Branch Efficiency",100.000000%,100.000000%,100.000000%
"GeForce GTX 1080 Ti (0)","void computeValue<float, curandStateSobol32>(unsigned int*, curandStateSobol32*, unsigned int)",1,"warp_execution_efficiency","Warp Execution Efficiency",97.819961%,97.819961%,97.819961%
"GeForce GTX 1080 Ti (0)","void computeValue<float, curandStateSobol32>(unsigned int*, curandStateSobol32*, unsigned int)",1,"warp_nonpred_execution_efficiency","Warp Non-Predicated Execution Efficiency",96.501222%,96.501222%,96.501222%
"GeForce GTX 1080 Ti (0)","void computeValue<float, curandStateSobol32>(unsigned int*, curandStateSobol32*, unsigned int)",1,"inst_replay_overhead","Instruction Replay Overhead",0.004068,0.004068,0.004068
"GeForce GTX 1080 Ti (0)","void computeValue<float, curandStateSobol32>(unsigned int*, curandStateSobol32*, unsigned int)",1,"shared_load_transactions_per_request","Shared Memory Load Transactions Per Request",1.000000,1.000000,1.000000
"GeForce GTX 1080 Ti (0)","void computeValue<float, curandStateSobol32>(unsigned int*, curandStateSobol32*, unsigned int)",1,"shared_store_transactions_per_request","Shared Memory Store Transactions Per Request",1.000000,1.000000,1.000000
"GeForce GTX 1080 Ti (0)","void computeValue<float, curandStateSobol32>(unsigned int*, curandStateSobol32*, unsigned int)",1,"local_load_transactions_per_request","Local Memory Load Transactions Per Request",14.663254,14.663254,14.663254
"GeForce GTX 1080 Ti (0)","void computeValue<float, curandStateSobol32>(unsigned int*, curandStateSobol32*, unsigned int)",1,"local_store_transactions_per_request","Local Memory Store Transactions Per Request",4.000000,4.000000,4.000000
"GeForce GTX 1080 Ti (0)","void computeValue<float, curandStateSobol32>(unsigned int*, curandStateSobol32*, unsigned int)",1,"gld_transactions_per_request","Global Load Transactions Per Request",32.000000,32.000000,32.000000
"GeForce GTX 1080 Ti (0)","void computeValue<float, curandStateSobol32>(unsigned int*, curandStateSobol32*, unsigned int)",1,"gst_transactions_per_request","Global Store Transactions Per Request",1.000000,1.000000,1.000000
"GeForce GTX 1080 Ti (0)","void computeValue<float, curandStateSobol32>(unsigned int*, curandStateSobol32*, unsigned int)",1,"shared_store_transactions","Shared Store Transactions",4692,4692,4692
"GeForce GTX 1080 Ti (0)","void computeValue<float, curandStateSobol32>(unsigned int*, curandStateSobol32*, unsigned int)",1,"shared_load_transactions","Shared Load Transactions",6647,6647,6647
"GeForce GTX 1080 Ti (0)","void computeValue<float, curandStateSobol32>(unsigned int*, curandStateSobol32*, unsigned int)",1,"local_load_transactions","Local Load Transactions",275024,275024,275024
"GeForce GTX 1080 Ti (0)","void computeValue<float, curandStateSobol32>(unsigned int*, curandStateSobol32*, unsigned int)",1,"local_store_transactions","Local Store Transactions",487920,487920,487920
"GeForce GTX 1080 Ti (0)","void computeValue<float, curandStateSobol32>(unsigned int*, curandStateSobol32*, unsigned int)",1,"gld_transactions","Global Load Transactions",3503360,3503360,3503360
"GeForce GTX 1080 Ti (0)","void computeValue<float, curandStateSobol32>(unsigned int*, curandStateSobol32*, unsigned int)",1,"gst_transactions","Global Store Transactions",391,391,391
"GeForce GTX 1080 Ti (0)","void computeValue<float, curandStateSobol32>(unsigned int*, curandStateSobol32*, unsigned int)",1,"sysmem_read_transactions","System Memory Read Transactions",0,0,0
"GeForce GTX 1080 Ti (0)","void computeValue<float, curandStateSobol32>(unsigned int*, curandStateSobol32*, unsigned int)",1,"sysmem_write_transactions","System Memory Write Transactions",5,5,5
"GeForce GTX 1080 Ti (0)","void computeValue<float, curandStateSobol32>(unsigned int*, curandStateSobol32*, unsigned int)",1,"l2_read_transactions","L2 Read Transactions",3642284,3642284,3642284
"GeForce GTX 1080 Ti (0)","void computeValue<float, curandStateSobol32>(unsigned int*, curandStateSobol32*, unsigned int)",1,"l2_write_transactions","L2 Write Transactions",488324,488324,488324
"GeForce GTX 1080 Ti (0)","void computeValue<float, curandStateSobol32>(unsigned int*, curandStateSobol32*, unsigned int)",1,"global_hit_rate","Global Hit Rate",0.000000%,0.000000%,0.000000%
"GeForce GTX 1080 Ti (0)","void computeValue<float, curandStateSobol32>(unsigned int*, curandStateSobol32*, unsigned int)",1,"local_hit_rate","Local Hit Rate",49.514224%,49.514224%,49.514224%
"GeForce GTX 1080 Ti (0)","void computeValue<float, curandStateSobol32>(unsigned int*, curandStateSobol32*, unsigned int)",1,"gld_requested_throughput","Requested Global Load Throughput",44.052038GB/s,44.052038GB/s,44.051558GB/s
"GeForce GTX 1080 Ti (0)","void computeValue<float, curandStateSobol32>(unsigned int*, curandStateSobol32*, unsigned int)",1,"gst_requested_throughput","Requested Global Store Throughput",5.034518MB/s,5.034518MB/s,4.768372MB/s
"GeForce GTX 1080 Ti (0)","void computeValue<float, curandStateSobol32>(unsigned int*, curandStateSobol32*, unsigned int)",1,"gld_throughput","Global Load Throughput",352.416305GB/s,352.416305GB/s,352.416188GB/s
"GeForce GTX 1080 Ti (0)","void computeValue<float, curandStateSobol32>(unsigned int*, curandStateSobol32*, unsigned int)",1,"gst_throughput","Global Store Throughput",40.276149MB/s,40.276149MB/s,40.054321MB/s
"GeForce GTX 1080 Ti (0)","void computeValue<float, curandStateSobol32>(unsigned int*, curandStateSobol32*, unsigned int)",1,"local_memory_overhead","Local Memory Overhead",15.177064%,15.177064%,15.177064%
"GeForce GTX 1080 Ti (0)","void computeValue<float, curandStateSobol32>(unsigned int*, curandStateSobol32*, unsigned int)",1,"tex_cache_hit_rate","Unified Cache Hit Rate",13.127372%,13.127372%,13.127372%
"GeForce GTX 1080 Ti (0)","void computeValue<float, curandStateSobol32>(unsigned int*, curandStateSobol32*, unsigned int)",1,"l2_tex_read_hit_rate","L2 Hit Rate (Texture Reads)",58.361791%,58.361791%,58.361791%
"GeForce GTX 1080 Ti (0)","void computeValue<float, curandStateSobol32>(unsigned int*, curandStateSobol32*, unsigned int)",1,"l2_tex_write_hit_rate","L2 Hit Rate (Texture Writes)",8.318060%,8.318060%,8.318060%
"GeForce GTX 1080 Ti (0)","void computeValue<float, curandStateSobol32>(unsigned int*, curandStateSobol32*, unsigned int)",1,"tex_cache_throughput","Unified Cache Throughput",55.372462GB/s,55.372462GB/s,55.371784GB/s
"GeForce GTX 1080 Ti (0)","void computeValue<float, curandStateSobol32>(unsigned int*, curandStateSobol32*, unsigned int)",1,"l2_tex_read_throughput","L2 Throughput (Texture Reads)",366.330842GB/s,366.330842GB/s,366.330147GB/s
"GeForce GTX 1080 Ti (0)","void computeValue<float, curandStateSobol32>(unsigned int*, curandStateSobol32*, unsigned int)",1,"l2_tex_write_throughput","L2 Throughput (Texture Writes)",49.121060GB/s,49.121060GB/s,49.120747GB/s
"GeForce GTX 1080 Ti (0)","void computeValue<float, curandStateSobol32>(unsigned int*, curandStateSobol32*, unsigned int)",1,"l2_read_throughput","L2 Throughput (Reads)",366.391198GB/s,366.391198GB/s,366.390683GB/s
"GeForce GTX 1080 Ti (0)","void computeValue<float, curandStateSobol32>(unsigned int*, curandStateSobol32*, unsigned int)",1,"l2_write_throughput","L2 Throughput (Writes)",49.122368GB/s,49.122368GB/s,49.121678GB/s
"GeForce GTX 1080 Ti (0)","void computeValue<float, curandStateSobol32>(unsigned int*, curandStateSobol32*, unsigned int)",1,"sysmem_read_throughput","System Memory Read Throughput",0.000000B/s,0.000000B/s,0.000000B/s
"GeForce GTX 1080 Ti (0)","void computeValue<float, curandStateSobol32>(unsigned int*, curandStateSobol32*, unsigned int)",1,"sysmem_write_throughput","System Memory Write Throughput",527.400391KB/s,527.400391KB/s,0.000000B/s
"GeForce GTX 1080 Ti (0)","void computeValue<float, curandStateSobol32>(unsigned int*, curandStateSobol32*, unsigned int)",1,"local_load_throughput","Local Memory Load Throughput",27.665710GB/s,27.665710GB/s,27.664937GB/s
"GeForce GTX 1080 Ti (0)","void computeValue<float, curandStateSobol32>(unsigned int*, curandStateSobol32*, unsigned int)",1,"local_store_throughput","Local Memory Store Throughput",49.081728GB/s,49.081728GB/s,49.081631GB/s
"GeForce GTX 1080 Ti (0)","void computeValue<float, curandStateSobol32>(unsigned int*, curandStateSobol32*, unsigned int)",1,"shared_load_throughput","Shared Memory Load Throughput",2.674588GB/s,2.674588GB/s,2.673827GB/s
"GeForce GTX 1080 Ti (0)","void computeValue<float, curandStateSobol32>(unsigned int*, curandStateSobol32*, unsigned int)",1,"shared_store_throughput","Shared Memory Store Throughput",1.887944GB/s,1.887944GB/s,1.887791GB/s
"GeForce GTX 1080 Ti (0)","void computeValue<float, curandStateSobol32>(unsigned int*, curandStateSobol32*, unsigned int)",1,"gld_efficiency","Global Memory Load Efficiency",12.500000%,12.500000%,12.500000%
"GeForce GTX 1080 Ti (0)","void computeValue<float, curandStateSobol32>(unsigned int*, curandStateSobol32*, unsigned int)",1,"gst_efficiency","Global Memory Store Efficiency",12.500000%,12.500000%,12.500000%
"GeForce GTX 1080 Ti (0)","void computeValue<float, curandStateSobol32>(unsigned int*, curandStateSobol32*, unsigned int)",1,"tex_cache_transactions","Unified Cache Transactions",550456,550456,550456
"GeForce GTX 1080 Ti (0)","void computeValue<float, curandStateSobol32>(unsigned int*, curandStateSobol32*, unsigned int)",1,"flop_count_dp","Floating Point Operations(Double Precision)",0,0,0
"GeForce GTX 1080 Ti (0)","void computeValue<float, curandStateSobol32>(unsigned int*, curandStateSobol32*, unsigned int)",1,"flop_count_dp_add","Floating Point Operations(Double Precision Add)",0,0,0
"GeForce GTX 1080 Ti (0)","void computeValue<float, curandStateSobol32>(unsigned int*, curandStateSobol32*, unsigned int)",1,"flop_count_dp_fma","Floating Point Operations(Double Precision FMA)",0,0,0
"GeForce GTX 1080 Ti (0)","void computeValue<float, curandStateSobol32>(unsigned int*, curandStateSobol32*, unsigned int)",1,"flop_count_dp_mul","Floating Point Operations(Double Precision Mul)",0,0,0
"GeForce GTX 1080 Ti (0)","void computeValue<float, curandStateSobol32>(unsigned int*, curandStateSobol32*, unsigned int)",1,"flop_count_sp","Floating Point Operations(Single Precision)",700000,700000,700000
"GeForce GTX 1080 Ti (0)","void computeValue<float, curandStateSobol32>(unsigned int*, curandStateSobol32*, unsigned int)",1,"flop_count_sp_add","Floating Point Operations(Single Precision Add)",0,0,0
"GeForce GTX 1080 Ti (0)","void computeValue<float, curandStateSobol32>(unsigned int*, curandStateSobol32*, unsigned int)",1,"flop_count_sp_fma","Floating Point Operations(Single Precision FMA)",300000,300000,300000
"GeForce GTX 1080 Ti (0)","void computeValue<float, curandStateSobol32>(unsigned int*, curandStateSobol32*, unsigned int)",1,"flop_count_sp_mul","Floating Point Operation(Single Precision Mul)",100000,100000,100000
"GeForce GTX 1080 Ti (0)","void computeValue<float, curandStateSobol32>(unsigned int*, curandStateSobol32*, unsigned int)",1,"flop_count_sp_special","Floating Point Operations(Single Precision Special)",0,0,0
"GeForce GTX 1080 Ti (0)","void computeValue<float, curandStateSobol32>(unsigned int*, curandStateSobol32*, unsigned int)",1,"inst_executed","Instructions Executed",592991,592991,592991
"GeForce GTX 1080 Ti (0)","void computeValue<float, curandStateSobol32>(unsigned int*, curandStateSobol32*, unsigned int)",1,"inst_issued","Instructions Issued",595377,595377,595377
"GeForce GTX 1080 Ti (0)","void computeValue<float, curandStateSobol32>(unsigned int*, curandStateSobol32*, unsigned int)",1,"sysmem_utilization","System Memory Utilization","Low (1)","Low (1)","Low (1)"
"GeForce GTX 1080 Ti (0)","void computeValue<float, curandStateSobol32>(unsigned int*, curandStateSobol32*, unsigned int)",1,"stall_inst_fetch","Issue Stall Reasons (Instructions Fetch)",0.554530%,0.554530%,0.554530%
"GeForce GTX 1080 Ti (0)","void computeValue<float, curandStateSobol32>(unsigned int*, curandStateSobol32*, unsigned int)",1,"stall_exec_dependency","Issue Stall Reasons (Execution Dependency)",10.782761%,10.782761%,10.782761%
"GeForce GTX 1080 Ti (0)","void computeValue<float, curandStateSobol32>(unsigned int*, curandStateSobol32*, unsigned int)",1,"stall_memory_dependency","Issue Stall Reasons (Data Request)",4.221501%,4.221501%,4.221501%
"GeForce GTX 1080 Ti (0)","void computeValue<float, curandStateSobol32>(unsigned int*, curandStateSobol32*, unsigned int)",1,"stall_texture","Issue Stall Reasons (Texture)",36.168542%,36.168542%,36.168542%
"GeForce GTX 1080 Ti (0)","void computeValue<float, curandStateSobol32>(unsigned int*, curandStateSobol32*, unsigned int)",1,"stall_sync","Issue Stall Reasons (Synchronization)",1.001368%,1.001368%,1.001368%
"GeForce GTX 1080 Ti (0)","void computeValue<float, curandStateSobol32>(unsigned int*, curandStateSobol32*, unsigned int)",1,"stall_other","Issue Stall Reasons (Other)",47.167087%,47.167087%,47.167087%
"GeForce GTX 1080 Ti (0)","void computeValue<float, curandStateSobol32>(unsigned int*, curandStateSobol32*, unsigned int)",1,"stall_constant_memory_dependency","Issue Stall Reasons (Immediate constant)",0.089486%,0.089486%,0.089486%
"GeForce GTX 1080 Ti (0)","void computeValue<float, curandStateSobol32>(unsigned int*, curandStateSobol32*, unsigned int)",1,"stall_pipe_busy","Issue Stall Reasons (Pipe Busy)",0.003937%,0.003937%,0.003937%
"GeForce GTX 1080 Ti (0)","void computeValue<float, curandStateSobol32>(unsigned int*, curandStateSobol32*, unsigned int)",1,"shared_efficiency","Shared Memory Efficiency",54.956897%,54.956897%,54.956897%
"GeForce GTX 1080 Ti (0)","void computeValue<float, curandStateSobol32>(unsigned int*, curandStateSobol32*, unsigned int)",1,"inst_fp_32","FP Instructions(Single)",500000,500000,500000
"GeForce GTX 1080 Ti (0)","void computeValue<float, curandStateSobol32>(unsigned int*, curandStateSobol32*, unsigned int)",1,"inst_fp_64","FP Instructions(Double)",0,0,0
"GeForce GTX 1080 Ti (0)","void computeValue<float, curandStateSobol32>(unsigned int*, curandStateSobol32*, unsigned int)",1,"inst_integer","Integer Instructions",5652249,5652249,5652249
"GeForce GTX 1080 Ti (0)","void computeValue<float, curandStateSobol32>(unsigned int*, curandStateSobol32*, unsigned int)",1,"inst_bit_convert","Bit-Convert Instructions",200000,200000,200000
"GeForce GTX 1080 Ti (0)","void computeValue<float, curandStateSobol32>(unsigned int*, curandStateSobol32*, unsigned int)",1,"inst_control","Control-Flow Instructions",1201056,1201056,1201056
"GeForce GTX 1080 Ti (0)","void computeValue<float, curandStateSobol32>(unsigned int*, curandStateSobol32*, unsigned int)",1,"inst_compute_ld_st","Load/Store Instructions",8206713,8206713,8206713
"GeForce GTX 1080 Ti (0)","void computeValue<float, curandStateSobol32>(unsigned int*, curandStateSobol32*, unsigned int)",1,"inst_misc","Misc Instructions",2551776,2551776,2551776
"GeForce GTX 1080 Ti (0)","void computeValue<float, curandStateSobol32>(unsigned int*, curandStateSobol32*, unsigned int)",1,"inst_inter_thread_communication","Inter-Thread Instructions",0,0,0
"GeForce GTX 1080 Ti (0)","void computeValue<float, curandStateSobol32>(unsigned int*, curandStateSobol32*, unsigned int)",1,"issue_slots","Issue Slots",544947,544947,544947
"GeForce GTX 1080 Ti (0)","void computeValue<float, curandStateSobol32>(unsigned int*, curandStateSobol32*, unsigned int)",1,"cf_issued","Issued Control-Flow Instructions",47308,47308,47308
"GeForce GTX 1080 Ti (0)","void computeValue<float, curandStateSobol32>(unsigned int*, curandStateSobol32*, unsigned int)",1,"cf_executed","Executed Control-Flow Instructions",47308,47308,47308
"GeForce GTX 1080 Ti (0)","void computeValue<float, curandStateSobol32>(unsigned int*, curandStateSobol32*, unsigned int)",1,"ldst_issued","Issued Load/Store Instructions",1065746,1065746,1065746
"GeForce GTX 1080 Ti (0)","void computeValue<float, curandStateSobol32>(unsigned int*, curandStateSobol32*, unsigned int)",1,"ldst_executed","Executed Load/Store Instructions",277586,277586,277586
"GeForce GTX 1080 Ti (0)","void computeValue<float, curandStateSobol32>(unsigned int*, curandStateSobol32*, unsigned int)",1,"atomic_transactions","Atomic Transactions",0,0,0
"GeForce GTX 1080 Ti (0)","void computeValue<float, curandStateSobol32>(unsigned int*, curandStateSobol32*, unsigned int)",1,"atomic_transactions_per_request","Atomic Transactions Per Request",0.000000,0.000000,0.000000
"GeForce GTX 1080 Ti (0)","void computeValue<float, curandStateSobol32>(unsigned int*, curandStateSobol32*, unsigned int)",1,"l2_atomic_throughput","L2 Throughput (Atomic requests)",0.000000B/s,0.000000B/s,0.000000B/s
"GeForce GTX 1080 Ti (0)","void computeValue<float, curandStateSobol32>(unsigned int*, curandStateSobol32*, unsigned int)",1,"l2_atomic_transactions","L2 Transactions (Atomic requests)",0,0,0
"GeForce GTX 1080 Ti (0)","void computeValue<float, curandStateSobol32>(unsigned int*, curandStateSobol32*, unsigned int)",1,"l2_tex_read_transactions","L2 Transactions (Texture Reads)",3641684,3641684,3641684
"GeForce GTX 1080 Ti (0)","void computeValue<float, curandStateSobol32>(unsigned int*, curandStateSobol32*, unsigned int)",1,"stall_memory_throttle","Issue Stall Reasons (Memory Throttle)",0.001045%,0.001045%,0.001045%
"GeForce GTX 1080 Ti (0)","void computeValue<float, curandStateSobol32>(unsigned int*, curandStateSobol32*, unsigned int)",1,"stall_not_selected","Issue Stall Reasons (Not Selected)",0.009743%,0.009743%,0.009743%
"GeForce GTX 1080 Ti (0)","void computeValue<float, curandStateSobol32>(unsigned int*, curandStateSobol32*, unsigned int)",1,"l2_tex_write_transactions","L2 Transactions (Texture Writes)",488311,488311,488311
"GeForce GTX 1080 Ti (0)","void computeValue<float, curandStateSobol32>(unsigned int*, curandStateSobol32*, unsigned int)",1,"flop_count_hp","Floating Point Operations(Half Precision)",0,0,0
"GeForce GTX 1080 Ti (0)","void computeValue<float, curandStateSobol32>(unsigned int*, curandStateSobol32*, unsigned int)",1,"flop_count_hp_add","Floating Point Operations(Half Precision Add)",0,0,0
"GeForce GTX 1080 Ti (0)","void computeValue<float, curandStateSobol32>(unsigned int*, curandStateSobol32*, unsigned int)",1,"flop_count_hp_mul","Floating Point Operation(Half Precision Mul)",0,0,0
"GeForce GTX 1080 Ti (0)","void computeValue<float, curandStateSobol32>(unsigned int*, curandStateSobol32*, unsigned int)",1,"flop_count_hp_fma","Floating Point Operations(Half Precision FMA)",0,0,0
"GeForce GTX 1080 Ti (0)","void computeValue<float, curandStateSobol32>(unsigned int*, curandStateSobol32*, unsigned int)",1,"inst_fp_16","HP Instructions(Half)",0,0,0
"GeForce GTX 1080 Ti (0)","void computeValue<float, curandStateSobol32>(unsigned int*, curandStateSobol32*, unsigned int)",1,"sysmem_read_utilization","System Memory Read Utilization","Idle (0)","Idle (0)","Idle (0)"
"GeForce GTX 1080 Ti (0)","void computeValue<float, curandStateSobol32>(unsigned int*, curandStateSobol32*, unsigned int)",1,"sysmem_write_utilization","System Memory Write Utilization","Low (1)","Low (1)","Low (1)"
"GeForce GTX 1080 Ti (0)","void computeValue<float, curandStateSobol32>(unsigned int*, curandStateSobol32*, unsigned int)",1,"sm_activity","Multiprocessor Activity",96.730555%,96.730555%,96.730555%
"GeForce GTX 1080 Ti (0)","void computeValue<float, curandStateSobol32>(unsigned int*, curandStateSobol32*, unsigned int)",1,"achieved_occupancy","Achieved Occupancy",0.869833,0.869833,0.869833
"GeForce GTX 1080 Ti (0)","void computeValue<float, curandStateSobol32>(unsigned int*, curandStateSobol32*, unsigned int)",1,"executed_ipc","Executed IPC",0.042589,0.042589,0.042589
"GeForce GTX 1080 Ti (0)","void computeValue<float, curandStateSobol32>(unsigned int*, curandStateSobol32*, unsigned int)",1,"issued_ipc","Issued IPC",0.043292,0.043292,0.043292
"GeForce GTX 1080 Ti (0)","void computeValue<float, curandStateSobol32>(unsigned int*, curandStateSobol32*, unsigned int)",1,"issue_slot_utilization","Issue Slot Utilization",0.990635%,0.990635%,0.990635%
"GeForce GTX 1080 Ti (0)","void computeValue<float, curandStateSobol32>(unsigned int*, curandStateSobol32*, unsigned int)",1,"eligible_warps_per_cycle","Eligible Warps Per Active Cycle",0.045007,0.045007,0.045007
"GeForce GTX 1080 Ti (0)","void computeValue<float, curandStateSobol32>(unsigned int*, curandStateSobol32*, unsigned int)",1,"tex_utilization","Unified Cache Utilization","Low (1)","Low (1)","Low (1)"
"GeForce GTX 1080 Ti (0)","void computeValue<float, curandStateSobol32>(unsigned int*, curandStateSobol32*, unsigned int)",1,"l2_utilization","L2 Cache Utilization","Mid (4)","Mid (4)","Mid (4)"
"GeForce GTX 1080 Ti (0)","void computeValue<float, curandStateSobol32>(unsigned int*, curandStateSobol32*, unsigned int)",1,"shared_utilization","Shared Memory Utilization","Low (1)","Low (1)","Low (1)"
"GeForce GTX 1080 Ti (0)","void computeValue<float, curandStateSobol32>(unsigned int*, curandStateSobol32*, unsigned int)",1,"ldst_fu_utilization","Load/Store Function Unit Utilization","Low (1)","Low (1)","Low (1)"
"GeForce GTX 1080 Ti (0)","void computeValue<float, curandStateSobol32>(unsigned int*, curandStateSobol32*, unsigned int)",1,"cf_fu_utilization","Control-Flow Function Unit Utilization","Low (1)","Low (1)","Low (1)"
"GeForce GTX 1080 Ti (0)","void computeValue<float, curandStateSobol32>(unsigned int*, curandStateSobol32*, unsigned int)",1,"special_fu_utilization","Special Function Unit Utilization","Low (1)","Low (1)","Low (1)"
"GeForce GTX 1080 Ti (0)","void computeValue<float, curandStateSobol32>(unsigned int*, curandStateSobol32*, unsigned int)",1,"tex_fu_utilization","Texture Function Unit Utilization","Low (1)","Low (1)","Low (1)"
"GeForce GTX 1080 Ti (0)","void computeValue<float, curandStateSobol32>(unsigned int*, curandStateSobol32*, unsigned int)",1,"single_precision_fu_utilization","Single-Precision Function Unit Utilization","Low (1)","Low (1)","Low (1)"
"GeForce GTX 1080 Ti (0)","void computeValue<float, curandStateSobol32>(unsigned int*, curandStateSobol32*, unsigned int)",1,"double_precision_fu_utilization","Double-Precision Function Unit Utilization","Idle (0)","Idle (0)","Idle (0)"
"GeForce GTX 1080 Ti (0)","void computeValue<float, curandStateSobol32>(unsigned int*, curandStateSobol32*, unsigned int)",1,"flop_hp_efficiency","FLOP Efficiency(Peak Half)",0.000000%,0.000000%,0.000000%
"GeForce GTX 1080 Ti (0)","void computeValue<float, curandStateSobol32>(unsigned int*, curandStateSobol32*, unsigned int)",1,"flop_sp_efficiency","FLOP Efficiency(Peak Single)",0.019367%,0.019367%,0.019367%
"GeForce GTX 1080 Ti (0)","void computeValue<float, curandStateSobol32>(unsigned int*, curandStateSobol32*, unsigned int)",1,"flop_dp_efficiency","FLOP Efficiency(Peak Double)",0.000000%,0.000000%,0.000000%
"GeForce GTX 1080 Ti (0)","void computeValue<float, curandStateSobol32>(unsigned int*, curandStateSobol32*, unsigned int)",1,"dram_read_transactions","Device Memory Read Transactions",1502281,1502281,1502281
"GeForce GTX 1080 Ti (0)","void computeValue<float, curandStateSobol32>(unsigned int*, curandStateSobol32*, unsigned int)",1,"dram_write_transactions","Device Memory Write Transactions",475595,475595,475595
"GeForce GTX 1080 Ti (0)","void computeValue<float, curandStateSobol32>(unsigned int*, curandStateSobol32*, unsigned int)",1,"dram_read_throughput","Device Memory Read Throughput",151.120159GB/s,151.120159GB/s,151.120126GB/s
"GeForce GTX 1080 Ti (0)","void computeValue<float, curandStateSobol32>(unsigned int*, curandStateSobol32*, unsigned int)",1,"dram_write_throughput","Device Memory Write Throughput",47.841910GB/s,47.841910GB/s,47.841109GB/s
"GeForce GTX 1080 Ti (0)","void computeValue<float, curandStateSobol32>(unsigned int*, curandStateSobol32*, unsigned int)",1,"dram_utilization","Device Memory Utilization","Mid (5)","Mid (5)","Mid (5)"
"GeForce GTX 1080 Ti (0)","void computeValue<float, curandStateSobol32>(unsigned int*, curandStateSobol32*, unsigned int)",1,"half_precision_fu_utilization","Half-Precision Function Unit Utilization","Idle (0)","Idle (0)","Idle (0)"
"GeForce GTX 1080 Ti (0)","void computeValue<float, curandStateSobol32>(unsigned int*, curandStateSobol32*, unsigned int)",1,"ecc_transactions","ECC Transactions",0,0,0
"GeForce GTX 1080 Ti (0)","void computeValue<float, curandStateSobol32>(unsigned int*, curandStateSobol32*, unsigned int)",1,"ecc_throughput","ECC Throughput",0.000000B/s,0.000000B/s,0.000000B/s
"GeForce GTX 1080 Ti (0)","void initRNG<curandStateSobol32, unsigned int[32]>(curandStateSobol32*, unsigned int[32]*, unsigned int)",1,"inst_per_warp","Instructions per warp",901.121483,901.121483,901.121483
"GeForce GTX 1080 Ti (0)","void initRNG<curandStateSobol32, unsigned int[32]>(curandStateSobol32*, unsigned int[32]*, unsigned int)",1,"branch_efficiency","Branch Efficiency",100.000000%,100.000000%,100.000000%
"GeForce GTX 1080 Ti (0)","void initRNG<curandStateSobol32, unsigned int[32]>(curandStateSobol32*, unsigned int[32]*, unsigned int)",1,"warp_execution_efficiency","Warp Execution Efficiency",100.000000%,100.000000%,100.000000%
"GeForce GTX 1080 Ti (0)","void initRNG<curandStateSobol32, unsigned int[32]>(curandStateSobol32*, unsigned int[32]*, unsigned int)",1,"warp_nonpred_execution_efficiency","Warp Non-Predicated Execution Efficiency",73.945794%,73.945794%,73.945794%
"GeForce GTX 1080 Ti (0)","void initRNG<curandStateSobol32, unsigned int[32]>(curandStateSobol32*, unsigned int[32]*, unsigned int)",1,"inst_replay_overhead","Instruction Replay Overhead",0.003795,0.003795,0.003795
"GeForce GTX 1080 Ti (0)","void initRNG<curandStateSobol32, unsigned int[32]>(curandStateSobol32*, unsigned int[32]*, unsigned int)",1,"shared_load_transactions_per_request","Shared Memory Load Transactions Per Request",0.000000,0.000000,0.000000
"GeForce GTX 1080 Ti (0)","void initRNG<curandStateSobol32, unsigned int[32]>(curandStateSobol32*, unsigned int[32]*, unsigned int)",1,"shared_store_transactions_per_request","Shared Memory Store Transactions Per Request",0.000000,0.000000,0.000000
"GeForce GTX 1080 Ti (0)","void initRNG<curandStateSobol32, unsigned int[32]>(curandStateSobol32*, unsigned int[32]*, unsigned int)",1,"local_load_transactions_per_request","Local Memory Load Transactions Per Request",0.000000,0.000000,0.000000
"GeForce GTX 1080 Ti (0)","void initRNG<curandStateSobol32, unsigned int[32]>(curandStateSobol32*, unsigned int[32]*, unsigned int)",1,"local_store_transactions_per_request","Local Memory Store Transactions Per Request",0.000000,0.000000,0.000000
"GeForce GTX 1080 Ti (0)","void initRNG<curandStateSobol32, unsigned int[32]>(curandStateSobol32*, unsigned int[32]*, unsigned int)",1,"gld_transactions_per_request","Global Load Transactions Per Request",9.186684,9.186684,9.186684
"GeForce GTX 1080 Ti (0)","void initRNG<curandStateSobol32, unsigned int[32]>(curandStateSobol32*, unsigned int[32]*, unsigned int)",1,"gst_transactions_per_request","Global Store Transactions Per Request",20.933353,20.933353,20.933353
"GeForce GTX 1080 Ti (0)","void initRNG<curandStateSobol32, unsigned int[32]>(curandStateSobol32*, unsigned int[32]*, unsigned int)",1,"shared_store_transactions","Shared Store Transactions",0,0,0
"GeForce GTX 1080 Ti (0)","void initRNG<curandStateSobol32, unsigned int[32]>(curandStateSobol32*, unsigned int[32]*, unsigned int)",1,"shared_load_transactions","Shared Load Transactions",0,0,0
"GeForce GTX 1080 Ti (0)","void initRNG<curandStateSobol32, unsigned int[32]>(curandStateSobol32*, unsigned int[32]*, unsigned int)",1,"local_load_transactions","Local Load Transactions",0,0,0
"GeForce GTX 1080 Ti (0)","void initRNG<curandStateSobol32, unsigned int[32]>(curandStateSobol32*, unsigned int[32]*, unsigned int)",1,"local_store_transactions","Local Store Transactions",0,0,0
"GeForce GTX 1080 Ti (0)","void initRNG<curandStateSobol32, unsigned int[32]>(curandStateSobol32*, unsigned int[32]*, unsigned int)",1,"gld_transactions","Global Load Transactions",1249536,1249536,1249536
"GeForce GTX 1080 Ti (0)","void initRNG<curandStateSobol32, unsigned int[32]>(curandStateSobol32*, unsigned int[32]*, unsigned int)",1,"gst_transactions","Global Store Transactions",4452608,4452608,4452608
"GeForce GTX 1080 Ti (0)","void initRNG<curandStateSobol32, unsigned int[32]>(curandStateSobol32*, unsigned int[32]*, unsigned int)",1,"sysmem_read_transactions","System Memory Read Transactions",0,0,0
"GeForce GTX 1080 Ti (0)","void initRNG<curandStateSobol32, unsigned int[32]>(curandStateSobol32*, unsigned int[32]*, unsigned int)",1,"sysmem_write_transactions","System Memory Write Transactions",5,5,5
"GeForce GTX 1080 Ti (0)","void initRNG<curandStateSobol32, unsigned int[32]>(curandStateSobol32*, unsigned int[32]*, unsigned int)",1,"l2_read_transactions","L2 Read Transactions",950256,950256,950256
"GeForce GTX 1080 Ti (0)","void initRNG<curandStateSobol32, unsigned int[32]>(curandStateSobol32*, unsigned int[32]*, unsigned int)",1,"l2_write_transactions","L2 Write Transactions",4452621,4452621,4452621
"GeForce GTX 1080 Ti (0)","void initRNG<curandStateSobol32, unsigned int[32]>(curandStateSobol32*, unsigned int[32]*, unsigned int)",1,"global_hit_rate","Global Hit Rate",24.031961%,24.031961%,24.031961%
"GeForce GTX 1080 Ti (0)","void initRNG<curandStateSobol32, unsigned int[32]>(curandStateSobol32*, unsigned int[32]*, unsigned int)",1,"local_hit_rate","Local Hit Rate",0.000000%,0.000000%,0.000000%
"GeForce GTX 1080 Ti (0)","void initRNG<curandStateSobol32, unsigned int[32]>(curandStateSobol32*, unsigned int[32]*, unsigned int)",1,"gld_requested_throughput","Requested Global Load Throughput",2.131194GB/s,2.131194GB/s,2.130866GB/s
"GeForce GTX 1080 Ti (0)","void initRNG<curandStateSobol32, unsigned int[32]>(curandStateSobol32*, unsigned int[32]*, unsigned int)",1,"gst_requested_throughput","Requested Global Store Throughput",9.996726GB/s,9.996726GB/s,9.995885GB/s
"GeForce GTX 1080 Ti (0)","void initRNG<curandStateSobol32, unsigned int[32]>(curandStateSobol32*, unsigned int[32]*, unsigned int)",1,"gld_throughput","Global Load Throughput",17.049553GB/s,17.049553GB/s,17.048791GB/s
"GeForce GTX 1080 Ti (0)","void initRNG<curandStateSobol32, unsigned int[32]>(curandStateSobol32*, unsigned int[32]*, unsigned int)",1,"gst_throughput","Global Store Throughput",79.973807GB/s,79.973807GB/s,79.973601GB/s
"GeForce GTX 1080 Ti (0)","void initRNG<curandStateSobol32, unsigned int[32]>(curandStateSobol32*, unsigned int[32]*, unsigned int)",1,"local_memory_overhead","Local Memory Overhead",0.000000%,0.000000%,0.000000%
"GeForce GTX 1080 Ti (0)","void initRNG<curandStateSobol32, unsigned int[32]>(curandStateSobol32*, unsigned int[32]*, unsigned int)",1,"tex_cache_hit_rate","Unified Cache Hit Rate",5.266230%,5.266230%,5.266230%
"GeForce GTX 1080 Ti (0)","void initRNG<curandStateSobol32, unsigned int[32]>(curandStateSobol32*, unsigned int[32]*, unsigned int)",1,"l2_tex_read_hit_rate","L2 Hit Rate (Texture Reads)",41.458081%,41.458081%,41.458081%
"GeForce GTX 1080 Ti (0)","void initRNG<curandStateSobol32, unsigned int[32]>(curandStateSobol32*, unsigned int[32]*, unsigned int)",1,"l2_tex_write_hit_rate","L2 Hit Rate (Texture Writes)",15.498467%,15.498467%,15.498467%
"GeForce GTX 1080 Ti (0)","void initRNG<curandStateSobol32, unsigned int[32]>(curandStateSobol32*, unsigned int[32]*, unsigned int)",1,"tex_cache_throughput","Unified Cache Throughput",9.659632GB/s,9.659632GB/s,9.658746GB/s
"GeForce GTX 1080 Ti (0)","void initRNG<curandStateSobol32, unsigned int[32]>(curandStateSobol32*, unsigned int[32]*, unsigned int)",1,"l2_tex_read_throughput","L2 Throughput (Texture Reads)",17.049553GB/s,17.049553GB/s,17.048791GB/s
"GeForce GTX 1080 Ti (0)","void initRNG<curandStateSobol32, unsigned int[32]>(curandStateSobol32*, unsigned int[32]*, unsigned int)",1,"l2_tex_write_throughput","L2 Throughput (Texture Writes)",79.973807GB/s,79.973807GB/s,79.973601GB/s
"GeForce GTX 1080 Ti (0)","void initRNG<curandStateSobol32, unsigned int[32]>(curandStateSobol32*, unsigned int[32]*, unsigned int)",1,"l2_read_throughput","L2 Throughput (Reads)",17.067658GB/s,17.067658GB/s,17.067418GB/s
"GeForce GTX 1080 Ti (0)","void initRNG<curandStateSobol32, unsigned int[32]>(curandStateSobol32*, unsigned int[32]*, unsigned int)",1,"l2_write_throughput","L2 Throughput (Writes)",79.974041GB/s,79.974041GB/s,79.973601GB/s
"GeForce GTX 1080 Ti (0)","void initRNG<curandStateSobol32, unsigned int[32]>(curandStateSobol32*, unsigned int[32]*, unsigned int)",1,"sysmem_read_throughput","System Memory Read Throughput",0.000000B/s,0.000000B/s,0.000000B/s
"GeForce GTX 1080 Ti (0)","void initRNG<curandStateSobol32, unsigned int[32]>(curandStateSobol32*, unsigned int[32]*, unsigned int)",1,"sysmem_write_throughput","System Memory Write Throughput",94.167969KB/s,94.167969KB/s,0.000000B/s
"GeForce GTX 1080 Ti (0)","void initRNG<curandStateSobol32, unsigned int[32]>(curandStateSobol32*, unsigned int[32]*, unsigned int)",1,"local_load_throughput","Local Memory Load Throughput",0.000000B/s,0.000000B/s,0.000000B/s
"GeForce GTX 1080 Ti (0)","void initRNG<curandStateSobol32, unsigned int[32]>(curandStateSobol32*, unsigned int[32]*, unsigned int)",1,"local_store_throughput","Local Memory Store Throughput",0.000000B/s,0.000000B/s,0.000000B/s
"GeForce GTX 1080 Ti (0)","void initRNG<curandStateSobol32, unsigned int[32]>(curandStateSobol32*, unsigned int[32]*, unsigned int)",1,"shared_load_throughput","Shared Memory Load Throughput",0.000000B/s,0.000000B/s,0.000000B/s
"GeForce GTX 1080 Ti (0)","void initRNG<curandStateSobol32, unsigned int[32]>(curandStateSobol32*, unsigned int[32]*, unsigned int)",1,"shared_store_throughput","Shared Memory Store Throughput",0.000000B/s,0.000000B/s,0.000000B/s
"GeForce GTX 1080 Ti (0)","void initRNG<curandStateSobol32, unsigned int[32]>(curandStateSobol32*, unsigned int[32]*, unsigned int)",1,"gld_efficiency","Global Memory Load Efficiency",12.500000%,12.500000%,12.500000%
"GeForce GTX 1080 Ti (0)","void initRNG<curandStateSobol32, unsigned int[32]>(curandStateSobol32*, unsigned int[32]*, unsigned int)",1,"gst_efficiency","Global Memory Store Efficiency",12.500000%,12.500000%,12.500000%
"GeForce GTX 1080 Ti (0)","void initRNG<curandStateSobol32, unsigned int[32]>(curandStateSobol32*, unsigned int[32]*, unsigned int)",1,"tex_cache_transactions","Unified Cache Transactions",537808,537808,537808
"GeForce GTX 1080 Ti (0)","void initRNG<curandStateSobol32, unsigned int[32]>(curandStateSobol32*, unsigned int[32]*, unsigned int)",1,"flop_count_dp","Floating Point Operations(Double Precision)",0,0,0
"GeForce GTX 1080 Ti (0)","void initRNG<curandStateSobol32, unsigned int[32]>(curandStateSobol32*, unsigned int[32]*, unsigned int)",1,"flop_count_dp_add","Floating Point Operations(Double Precision Add)",0,0,0
"GeForce GTX 1080 Ti (0)","void initRNG<curandStateSobol32, unsigned int[32]>(curandStateSobol32*, unsigned int[32]*, unsigned int)",1,"flop_count_dp_fma","Floating Point Operations(Double Precision FMA)",0,0,0
"GeForce GTX 1080 Ti (0)","void initRNG<curandStateSobol32, unsigned int[32]>(curandStateSobol32*, unsigned int[32]*, unsigned int)",1,"flop_count_dp_mul","Floating Point Operations(Double Precision Mul)",0,0,0
"GeForce GTX 1080 Ti (0)","void initRNG<curandStateSobol32, unsigned int[32]>(curandStateSobol32*, unsigned int[32]*, unsigned int)",1,"flop_count_sp","Floating Point Operations(Single Precision)",0,0,0
"GeForce GTX 1080 Ti (0)","void initRNG<curandStateSobol32, unsigned int[32]>(curandStateSobol32*, unsigned int[32]*, unsigned int)",1,"flop_count_sp_add","Floating Point Operations(Single Precision Add)",0,0,0
"GeForce GTX 1080 Ti (0)","void initRNG<curandStateSobol32, unsigned int[32]>(curandStateSobol32*, unsigned int[32]*, unsigned int)",1,"flop_count_sp_fma","Floating Point Operations(Single Precision FMA)",0,0,0
"GeForce GTX 1080 Ti (0)","void initRNG<curandStateSobol32, unsigned int[32]>(curandStateSobol32*, unsigned int[32]*, unsigned int)",1,"flop_count_sp_mul","Floating Point Operation(Single Precision Mul)",0,0,0
"GeForce GTX 1080 Ti (0)","void initRNG<curandStateSobol32, unsigned int[32]>(curandStateSobol32*, unsigned int[32]*, unsigned int)",1,"flop_count_sp_special","Floating Point Operations(Single Precision Special)",50048,50048,50048
"GeForce GTX 1080 Ti (0)","void initRNG<curandStateSobol32, unsigned int[32]>(curandStateSobol32*, unsigned int[32]*, unsigned int)",1,"inst_executed","Instructions Executed",1409354,1409354,1409354
"GeForce GTX 1080 Ti (0)","void initRNG<curandStateSobol32, unsigned int[32]>(curandStateSobol32*, unsigned int[32]*, unsigned int)",1,"inst_issued","Instructions Issued",1414702,1414702,1414702
"GeForce GTX 1080 Ti (0)","void initRNG<curandStateSobol32, unsigned int[32]>(curandStateSobol32*, unsigned int[32]*, unsigned int)",1,"sysmem_utilization","System Memory Utilization","Low (1)","Low (1)","Low (1)"
"GeForce GTX 1080 Ti (0)","void initRNG<curandStateSobol32, unsigned int[32]>(curandStateSobol32*, unsigned int[32]*, unsigned int)",1,"stall_inst_fetch","Issue Stall Reasons (Instructions Fetch)",0.061920%,0.061920%,0.061920%
"GeForce GTX 1080 Ti (0)","void initRNG<curandStateSobol32, unsigned int[32]>(curandStateSobol32*, unsigned int[32]*, unsigned int)",1,"stall_exec_dependency","Issue Stall Reasons (Execution Dependency)",17.835089%,17.835089%,17.835089%
"GeForce GTX 1080 Ti (0)","void initRNG<curandStateSobol32, unsigned int[32]>(curandStateSobol32*, unsigned int[32]*, unsigned int)",1,"stall_memory_dependency","Issue Stall Reasons (Data Request)",77.538644%,77.538644%,77.538644%
"GeForce GTX 1080 Ti (0)","void initRNG<curandStateSobol32, unsigned int[32]>(curandStateSobol32*, unsigned int[32]*, unsigned int)",1,"stall_texture","Issue Stall Reasons (Texture)",1.016122%,1.016122%,1.016122%
"GeForce GTX 1080 Ti (0)","void initRNG<curandStateSobol32, unsigned int[32]>(curandStateSobol32*, unsigned int[32]*, unsigned int)",1,"stall_sync","Issue Stall Reasons (Synchronization)",0.000000%,0.000000%,0.000000%
"GeForce GTX 1080 Ti (0)","void initRNG<curandStateSobol32, unsigned int[32]>(curandStateSobol32*, unsigned int[32]*, unsigned int)",1,"stall_other","Issue Stall Reasons (Other)",3.386230%,3.386230%,3.386230%
"GeForce GTX 1080 Ti (0)","void initRNG<curandStateSobol32, unsigned int[32]>(curandStateSobol32*, unsigned int[32]*, unsigned int)",1,"stall_constant_memory_dependency","Issue Stall Reasons (Immediate constant)",0.014232%,0.014232%,0.014232%
"GeForce GTX 1080 Ti (0)","void initRNG<curandStateSobol32, unsigned int[32]>(curandStateSobol32*, unsigned int[32]*, unsigned int)",1,"stall_pipe_busy","Issue Stall Reasons (Pipe Busy)",0.000465%,0.000465%,0.000465%
"GeForce GTX 1080 Ti (0)","void initRNG<curandStateSobol32, unsigned int[32]>(curandStateSobol32*, unsigned int[32]*, unsigned int)",1,"shared_efficiency","Shared Memory Efficiency",0.000000%,0.000000%,0.000000%
"GeForce GTX 1080 Ti (0)","void initRNG<curandStateSobol32, unsigned int[32]>(curandStateSobol32*, unsigned int[32]*, unsigned int)",1,"inst_fp_32","FP Instructions(Single)",50048,50048,50048
"GeForce GTX 1080 Ti (0)","void initRNG<curandStateSobol32, unsigned int[32]>(curandStateSobol32*, unsigned int[32]*, unsigned int)",1,"inst_fp_64","FP Instructions(Double)",0,0,0
"GeForce GTX 1080 Ti (0)","void initRNG<curandStateSobol32, unsigned int[32]>(curandStateSobol32*, unsigned int[32]*, unsigned int)",1,"inst_integer","Integer Instructions",19515392,19515392,19515392
"GeForce GTX 1080 Ti (0)","void initRNG<curandStateSobol32, unsigned int[32]>(curandStateSobol32*, unsigned int[32]*, unsigned int)",1,"inst_bit_convert","Bit-Convert Instructions",100096,100096,100096
"GeForce GTX 1080 Ti (0)","void initRNG<curandStateSobol32, unsigned int[32]>(curandStateSobol32*, unsigned int[32]*, unsigned int)",1,"inst_control","Control-Flow Instructions",2704256,2704256,2704256
"GeForce GTX 1080 Ti (0)","void initRNG<curandStateSobol32, unsigned int[32]>(curandStateSobol32*, unsigned int[32]*, unsigned int)",1,"inst_compute_ld_st","Load/Store Instructions",8504832,8504832,8504832
"GeForce GTX 1080 Ti (0)","void initRNG<curandStateSobol32, unsigned int[32]>(curandStateSobol32*, unsigned int[32]*, unsigned int)",1,"inst_misc","Misc Instructions",2474432,2474432,2474432
"GeForce GTX 1080 Ti (0)","void initRNG<curandStateSobol32, unsigned int[32]>(curandStateSobol32*, unsigned int[32]*, unsigned int)",1,"inst_inter_thread_communication","Inter-Thread Instructions",0,0,0
"GeForce GTX 1080 Ti (0)","void initRNG<curandStateSobol32, unsigned int[32]>(curandStateSobol32*, unsigned int[32]*, unsigned int)",1,"issue_slots","Issue Slots",1380052,1380052,1380052
"GeForce GTX 1080 Ti (0)","void initRNG<curandStateSobol32, unsigned int[32]>(curandStateSobol32*, unsigned int[32]*, unsigned int)",1,"cf_issued","Issued Control-Flow Instructions",114172,114172,114172
"GeForce GTX 1080 Ti (0)","void initRNG<curandStateSobol32, unsigned int[32]>(curandStateSobol32*, unsigned int[32]*, unsigned int)",1,"cf_executed","Executed Control-Flow Instructions",114172,114172,114172
"GeForce GTX 1080 Ti (0)","void initRNG<curandStateSobol32, unsigned int[32]>(curandStateSobol32*, unsigned int[32]*, unsigned int)",1,"ldst_issued","Issued Load/Store Instructions",1128792,1128792,1128792
"GeForce GTX 1080 Ti (0)","void initRNG<curandStateSobol32, unsigned int[32]>(curandStateSobol32*, unsigned int[32]*, unsigned int)",1,"ldst_executed","Executed Load/Store Instructions",351848,351848,351848
"GeForce GTX 1080 Ti (0)","void initRNG<curandStateSobol32, unsigned int[32]>(curandStateSobol32*, unsigned int[32]*, unsigned int)",1,"atomic_transactions","Atomic Transactions",0,0,0
"GeForce GTX 1080 Ti (0)","void initRNG<curandStateSobol32, unsigned int[32]>(curandStateSobol32*, unsigned int[32]*, unsigned int)",1,"atomic_transactions_per_request","Atomic Transactions Per Request",0.000000,0.000000,0.000000
"GeForce GTX 1080 Ti (0)","void initRNG<curandStateSobol32, unsigned int[32]>(curandStateSobol32*, unsigned int[32]*, unsigned int)",1,"l2_atomic_throughput","L2 Throughput (Atomic requests)",0.000000B/s,0.000000B/s,0.000000B/s
"GeForce GTX 1080 Ti (0)","void initRNG<curandStateSobol32, unsigned int[32]>(curandStateSobol32*, unsigned int[32]*, unsigned int)",1,"l2_atomic_transactions","L2 Transactions (Atomic requests)",0,0,0
"GeForce GTX 1080 Ti (0)","void initRNG<curandStateSobol32, unsigned int[32]>(curandStateSobol32*, unsigned int[32]*, unsigned int)",1,"l2_tex_read_transactions","L2 Transactions (Texture Reads)",949248,949248,949248
"GeForce GTX 1080 Ti (0)","void initRNG<curandStateSobol32, unsigned int[32]>(curandStateSobol32*, unsigned int[32]*, unsigned int)",1,"stall_memory_throttle","Issue Stall Reasons (Memory Throttle)",0.145087%,0.145087%,0.145087%
"GeForce GTX 1080 Ti (0)","void initRNG<curandStateSobol32, unsigned int[32]>(curandStateSobol32*, unsigned int[32]*, unsigned int)",1,"stall_not_selected","Issue Stall Reasons (Not Selected)",0.002211%,0.002211%,0.002211%
"GeForce GTX 1080 Ti (0)","void initRNG<curandStateSobol32, unsigned int[32]>(curandStateSobol32*, unsigned int[32]*, unsigned int)",1,"l2_tex_write_transactions","L2 Transactions (Texture Writes)",4452608,4452608,4452608
"GeForce GTX 1080 Ti (0)","void initRNG<curandStateSobol32, unsigned int[32]>(curandStateSobol32*, unsigned int[32]*, unsigned int)",1,"flop_count_hp","Floating Point Operations(Half Precision)",0,0,0
"GeForce GTX 1080 Ti (0)","void initRNG<curandStateSobol32, unsigned int[32]>(curandStateSobol32*, unsigned int[32]*, unsigned int)",1,"flop_count_hp_add","Floating Point Operations(Half Precision Add)",0,0,0
"GeForce GTX 1080 Ti (0)","void initRNG<curandStateSobol32, unsigned int[32]>(curandStateSobol32*, unsigned int[32]*, unsigned int)",1,"flop_count_hp_mul","Floating Point Operation(Half Precision Mul)",0,0,0
"GeForce GTX 1080 Ti (0)","void initRNG<curandStateSobol32, unsigned int[32]>(curandStateSobol32*, unsigned int[32]*, unsigned int)",1,"flop_count_hp_fma","Floating Point Operations(Half Precision FMA)",0,0,0
"GeForce GTX 1080 Ti (0)","void initRNG<curandStateSobol32, unsigned int[32]>(curandStateSobol32*, unsigned int[32]*, unsigned int)",1,"inst_fp_16","HP Instructions(Half)",0,0,0
"GeForce GTX 1080 Ti (0)","void initRNG<curandStateSobol32, unsigned int[32]>(curandStateSobol32*, unsigned int[32]*, unsigned int)",1,"sysmem_read_utilization","System Memory Read Utilization","Idle (0)","Idle (0)","Idle (0)"
"GeForce GTX 1080 Ti (0)","void initRNG<curandStateSobol32, unsigned int[32]>(curandStateSobol32*, unsigned int[32]*, unsigned int)",1,"sysmem_write_utilization","System Memory Write Utilization","Low (1)","Low (1)","Low (1)"
"GeForce GTX 1080 Ti (0)","void initRNG<curandStateSobol32, unsigned int[32]>(curandStateSobol32*, unsigned int[32]*, unsigned int)",1,"sm_activity","Multiprocessor Activity",94.358128%,94.358128%,94.358128%
"GeForce GTX 1080 Ti (0)","void initRNG<curandStateSobol32, unsigned int[32]>(curandStateSobol32*, unsigned int[32]*, unsigned int)",1,"achieved_occupancy","Achieved Occupancy",0.867572,0.867572,0.867572
"GeForce GTX 1080 Ti (0)","void initRNG<curandStateSobol32, unsigned int[32]>(curandStateSobol32*, unsigned int[32]*, unsigned int)",1,"executed_ipc","Executed IPC",0.018907,0.018907,0.018907
"GeForce GTX 1080 Ti (0)","void initRNG<curandStateSobol32, unsigned int[32]>(curandStateSobol32*, unsigned int[32]*, unsigned int)",1,"issued_ipc","Issued IPC",0.018979,0.018979,0.018979
"GeForce GTX 1080 Ti (0)","void initRNG<curandStateSobol32, unsigned int[32]>(curandStateSobol32*, unsigned int[32]*, unsigned int)",1,"issue_slot_utilization","Issue Slot Utilization",0.462852%,0.462852%,0.462852%
"GeForce GTX 1080 Ti (0)","void initRNG<curandStateSobol32, unsigned int[32]>(curandStateSobol32*, unsigned int[32]*, unsigned int)",1,"eligible_warps_per_cycle","Eligible Warps Per Active Cycle",0.019527,0.019527,0.019527
"GeForce GTX 1080 Ti (0)","void initRNG<curandStateSobol32, unsigned int[32]>(curandStateSobol32*, unsigned int[32]*, unsigned int)",1,"tex_utilization","Unified Cache Utilization","Low (1)","Low (1)","Low (1)"
"GeForce GTX 1080 Ti (0)","void initRNG<curandStateSobol32, unsigned int[32]>(curandStateSobol32*, unsigned int[32]*, unsigned int)",1,"l2_utilization","L2 Cache Utilization","Low (1)","Low (1)","Low (1)"
"GeForce GTX 1080 Ti (0)","void initRNG<curandStateSobol32, unsigned int[32]>(curandStateSobol32*, unsigned int[32]*, unsigned int)",1,"shared_utilization","Shared Memory Utilization","Idle (0)","Idle (0)","Idle (0)"
"GeForce GTX 1080 Ti (0)","void initRNG<curandStateSobol32, unsigned int[32]>(curandStateSobol32*, unsigned int[32]*, unsigned int)",1,"ldst_fu_utilization","Load/Store Function Unit Utilization","Low (1)","Low (1)","Low (1)"
"GeForce GTX 1080 Ti (0)","void initRNG<curandStateSobol32, unsigned int[32]>(curandStateSobol32*, unsigned int[32]*, unsigned int)",1,"cf_fu_utilization","Control-Flow Function Unit Utilization","Low (1)","Low (1)","Low (1)"
"GeForce GTX 1080 Ti (0)","void initRNG<curandStateSobol32, unsigned int[32]>(curandStateSobol32*, unsigned int[32]*, unsigned int)",1,"special_fu_utilization","Special Function Unit Utilization","Low (1)","Low (1)","Low (1)"
"GeForce GTX 1080 Ti (0)","void initRNG<curandStateSobol32, unsigned int[32]>(curandStateSobol32*, unsigned int[32]*, unsigned int)",1,"tex_fu_utilization","Texture Function Unit Utilization","Low (1)","Low (1)","Low (1)"
"GeForce GTX 1080 Ti (0)","void initRNG<curandStateSobol32, unsigned int[32]>(curandStateSobol32*, unsigned int[32]*, unsigned int)",1,"single_precision_fu_utilization","Single-Precision Function Unit Utilization","Low (1)","Low (1)","Low (1)"
"GeForce GTX 1080 Ti (0)","void initRNG<curandStateSobol32, unsigned int[32]>(curandStateSobol32*, unsigned int[32]*, unsigned int)",1,"double_precision_fu_utilization","Double-Precision Function Unit Utilization","Idle (0)","Idle (0)","Idle (0)"
"GeForce GTX 1080 Ti (0)","void initRNG<curandStateSobol32, unsigned int[32]>(curandStateSobol32*, unsigned int[32]*, unsigned int)",1,"flop_hp_efficiency","FLOP Efficiency(Peak Half)",0.000000%,0.000000%,0.000000%
"GeForce GTX 1080 Ti (0)","void initRNG<curandStateSobol32, unsigned int[32]>(curandStateSobol32*, unsigned int[32]*, unsigned int)",1,"flop_sp_efficiency","FLOP Efficiency(Peak Single)",0.000000%,0.000000%,0.000000%
"GeForce GTX 1080 Ti (0)","void initRNG<curandStateSobol32, unsigned int[32]>(curandStateSobol32*, unsigned int[32]*, unsigned int)",1,"flop_dp_efficiency","FLOP Efficiency(Peak Double)",0.000000%,0.000000%,0.000000%
"GeForce GTX 1080 Ti (0)","void initRNG<curandStateSobol32, unsigned int[32]>(curandStateSobol32*, unsigned int[32]*, unsigned int)",1,"dram_read_transactions","Device Memory Read Transactions",567862,567862,567862
"GeForce GTX 1080 Ti (0)","void initRNG<curandStateSobol32, unsigned int[32]>(curandStateSobol32*, unsigned int[32]*, unsigned int)",1,"dram_write_transactions","Device Memory Write Transactions",5815727,5815727,5815727
"GeForce GTX 1080 Ti (0)","void initRNG<curandStateSobol32, unsigned int[32]>(curandStateSobol32*, unsigned int[32]*, unsigned int)",1,"dram_read_throughput","Device Memory Read Throughput",10.199435GB/s,10.199435GB/s,10.198914GB/s
"GeForce GTX 1080 Ti (0)","void initRNG<curandStateSobol32, unsigned int[32]>(curandStateSobol32*, unsigned int[32]*, unsigned int)",1,"dram_write_throughput","Device Memory Write Throughput",104.456945GB/s,104.456945GB/s,104.456209GB/s
"GeForce GTX 1080 Ti (0)","void initRNG<curandStateSobol32, unsigned int[32]>(curandStateSobol32*, unsigned int[32]*, unsigned int)",1,"dram_utilization","Device Memory Utilization","Low (3)","Low (3)","Low (3)"
"GeForce GTX 1080 Ti (0)","void initRNG<curandStateSobol32, unsigned int[32]>(curandStateSobol32*, unsigned int[32]*, unsigned int)",1,"half_precision_fu_utilization","Half-Precision Function Unit Utilization","Idle (0)","Idle (0)","Idle (0)"
"GeForce GTX 1080 Ti (0)","void initRNG<curandStateSobol32, unsigned int[32]>(curandStateSobol32*, unsigned int[32]*, unsigned int)",1,"ecc_transactions","ECC Transactions",0,0,0
"GeForce GTX 1080 Ti (0)","void initRNG<curandStateSobol32, unsigned int[32]>(curandStateSobol32*, unsigned int[32]*, unsigned int)",1,"ecc_throughput","ECC Throughput",0.000000B/s,0.000000B/s,0.000000B/s
