==17718== NVPROF is profiling process 17718, command: ./MC_EstimatePiP
==17718== Some kernel(s) will be replayed on device 0 in order to collect all events/metrics.
==17718== Profiling application: ./MC_EstimatePiP
==17718== Profiling result:
==17718== Metric result:
"Device","Kernel","Invocations","Metric Name","Metric Description","Min","Max","Avg"
"GeForce GTX 1080 Ti (0)","void computeValue<float>(unsigned int*, float const *, unsigned int)",1,"inst_per_warp","Instructions per warp",128.221228,128.221228,128.221228
"GeForce GTX 1080 Ti (0)","void computeValue<float>(unsigned int*, float const *, unsigned int)",1,"branch_efficiency","Branch Efficiency",100.000000%,100.000000%,100.000000%
"GeForce GTX 1080 Ti (0)","void computeValue<float>(unsigned int*, float const *, unsigned int)",1,"warp_execution_efficiency","Warp Execution Efficiency",93.553622%,93.553622%,93.553622%
"GeForce GTX 1080 Ti (0)","void computeValue<float>(unsigned int*, float const *, unsigned int)",1,"warp_nonpred_execution_efficiency","Warp Non-Predicated Execution Efficiency",89.654112%,89.654112%,89.654112%
"GeForce GTX 1080 Ti (0)","void computeValue<float>(unsigned int*, float const *, unsigned int)",1,"inst_replay_overhead","Instruction Replay Overhead",0.018595,0.018595,0.018595
"GeForce GTX 1080 Ti (0)","void computeValue<float>(unsigned int*, float const *, unsigned int)",1,"shared_load_transactions_per_request","Shared Memory Load Transactions Per Request",1.000000,1.000000,1.000000
"GeForce GTX 1080 Ti (0)","void computeValue<float>(unsigned int*, float const *, unsigned int)",1,"shared_store_transactions_per_request","Shared Memory Store Transactions Per Request",1.000000,1.000000,1.000000
"GeForce GTX 1080 Ti (0)","void computeValue<float>(unsigned int*, float const *, unsigned int)",1,"local_load_transactions_per_request","Local Memory Load Transactions Per Request",0.000000,0.000000,0.000000
"GeForce GTX 1080 Ti (0)","void computeValue<float>(unsigned int*, float const *, unsigned int)",1,"local_store_transactions_per_request","Local Memory Store Transactions Per Request",0.000000,0.000000,0.000000
"GeForce GTX 1080 Ti (0)","void computeValue<float>(unsigned int*, float const *, unsigned int)",1,"gld_transactions_per_request","Global Load Transactions Per Request",8.000000,8.000000,8.000000
"GeForce GTX 1080 Ti (0)","void computeValue<float>(unsigned int*, float const *, unsigned int)",1,"gst_transactions_per_request","Global Store Transactions Per Request",1.000000,1.000000,1.000000
"GeForce GTX 1080 Ti (0)","void computeValue<float>(unsigned int*, float const *, unsigned int)",1,"shared_store_transactions","Shared Store Transactions",4692,4692,4692
"GeForce GTX 1080 Ti (0)","void computeValue<float>(unsigned int*, float const *, unsigned int)",1,"shared_load_transactions","Shared Load Transactions",6647,6647,6647
"GeForce GTX 1080 Ti (0)","void computeValue<float>(unsigned int*, float const *, unsigned int)",1,"local_load_transactions","Local Load Transactions",0,0,0
"GeForce GTX 1080 Ti (0)","void computeValue<float>(unsigned int*, float const *, unsigned int)",1,"local_store_transactions","Local Store Transactions",0,0,0
"GeForce GTX 1080 Ti (0)","void computeValue<float>(unsigned int*, float const *, unsigned int)",1,"gld_transactions","Global Load Transactions",50000,50000,50000
"GeForce GTX 1080 Ti (0)","void computeValue<float>(unsigned int*, float const *, unsigned int)",1,"gst_transactions","Global Store Transactions",391,391,391
"GeForce GTX 1080 Ti (0)","void computeValue<float>(unsigned int*, float const *, unsigned int)",1,"sysmem_read_transactions","System Memory Read Transactions",0,0,0
"GeForce GTX 1080 Ti (0)","void computeValue<float>(unsigned int*, float const *, unsigned int)",1,"sysmem_write_transactions","System Memory Write Transactions",5,5,5
"GeForce GTX 1080 Ti (0)","void computeValue<float>(unsigned int*, float const *, unsigned int)",1,"l2_read_transactions","L2 Read Transactions",25336,25336,25336
"GeForce GTX 1080 Ti (0)","void computeValue<float>(unsigned int*, float const *, unsigned int)",1,"l2_write_transactions","L2 Write Transactions",404,404,404
"GeForce GTX 1080 Ti (0)","void computeValue<float>(unsigned int*, float const *, unsigned int)",1,"global_hit_rate","Global Hit Rate",50.000000%,50.000000%,50.000000%
"GeForce GTX 1080 Ti (0)","void computeValue<float>(unsigned int*, float const *, unsigned int)",1,"local_hit_rate","Local Hit Rate",0.000000%,0.000000%,0.000000%
"GeForce GTX 1080 Ti (0)","void computeValue<float>(unsigned int*, float const *, unsigned int)",1,"gld_requested_throughput","Requested Global Load Throughput",156.755325GB/s,156.755325GB/s,156.754628GB/s
"GeForce GTX 1080 Ti (0)","void computeValue<float>(unsigned int*, float const *, unsigned int)",1,"gst_requested_throughput","Requested Global Store Throughput",313.811620MB/s,313.811620MB/s,313.758850MB/s
"GeForce GTX 1080 Ti (0)","void computeValue<float>(unsigned int*, float const *, unsigned int)",1,"gld_throughput","Global Load Throughput",156.755325GB/s,156.755325GB/s,156.754628GB/s
"GeForce GTX 1080 Ti (0)","void computeValue<float>(unsigned int*, float const *, unsigned int)",1,"gst_throughput","Global Store Throughput",2.451653GB/s,2.451653GB/s,2.451241GB/s
"GeForce GTX 1080 Ti (0)","void computeValue<float>(unsigned int*, float const *, unsigned int)",1,"local_memory_overhead","Local Memory Overhead",0.000000%,0.000000%,0.000000%
"GeForce GTX 1080 Ti (0)","void computeValue<float>(unsigned int*, float const *, unsigned int)",1,"tex_cache_hit_rate","Unified Cache Hit Rate",49.612034%,49.612034%,49.612034%
"GeForce GTX 1080 Ti (0)","void computeValue<float>(unsigned int*, float const *, unsigned int)",1,"l2_tex_read_hit_rate","L2 Hit Rate (Texture Reads)",100.000000%,100.000000%,100.000000%
"GeForce GTX 1080 Ti (0)","void computeValue<float>(unsigned int*, float const *, unsigned int)",1,"l2_tex_write_hit_rate","L2 Hit Rate (Texture Writes)",100.000000%,100.000000%,100.000000%
"GeForce GTX 1080 Ti (0)","void computeValue<float>(unsigned int*, float const *, unsigned int)",1,"tex_cache_throughput","Unified Cache Throughput",156.755325GB/s,156.755325GB/s,156.754628GB/s
"GeForce GTX 1080 Ti (0)","void computeValue<float>(unsigned int*, float const *, unsigned int)",1,"l2_tex_read_throughput","L2 Throughput (Texture Reads)",156.755325GB/s,156.755325GB/s,156.754628GB/s
"GeForce GTX 1080 Ti (0)","void computeValue<float>(unsigned int*, float const *, unsigned int)",1,"l2_tex_write_throughput","L2 Throughput (Texture Writes)",2.451653GB/s,2.451653GB/s,2.451241GB/s
"GeForce GTX 1080 Ti (0)","void computeValue<float>(unsigned int*, float const *, unsigned int)",1,"l2_read_throughput","L2 Throughput (Reads)",158.862117GB/s,158.862117GB/s,158.861279GB/s
"GeForce GTX 1080 Ti (0)","void computeValue<float>(unsigned int*, float const *, unsigned int)",1,"l2_write_throughput","L2 Throughput (Writes)",2.533166GB/s,2.533166GB/s,2.532266GB/s
"GeForce GTX 1080 Ti (0)","void computeValue<float>(unsigned int*, float const *, unsigned int)",1,"sysmem_read_throughput","System Memory Read Throughput",0.000000B/s,0.000000B/s,0.000000B/s
"GeForce GTX 1080 Ti (0)","void computeValue<float>(unsigned int*, float const *, unsigned int)",1,"sysmem_write_throughput","System Memory Write Throughput",32.103490MB/s,32.103490MB/s,31.471252MB/s
"GeForce GTX 1080 Ti (0)","void computeValue<float>(unsigned int*, float const *, unsigned int)",1,"local_load_throughput","Local Memory Load Throughput",0.000000B/s,0.000000B/s,0.000000B/s
"GeForce GTX 1080 Ti (0)","void computeValue<float>(unsigned int*, float const *, unsigned int)",1,"local_store_throughput","Local Memory Store Throughput",0.000000B/s,0.000000B/s,0.000000B/s
"GeForce GTX 1080 Ti (0)","void computeValue<float>(unsigned int*, float const *, unsigned int)",1,"shared_load_throughput","Shared Memory Load Throughput",166.712423GB/s,166.712423GB/s,166.712329GB/s
"GeForce GTX 1080 Ti (0)","void computeValue<float>(unsigned int*, float const *, unsigned int)",1,"shared_store_throughput","Shared Memory Store Throughput",117.679358GB/s,117.679358GB/s,117.679127GB/s
"GeForce GTX 1080 Ti (0)","void computeValue<float>(unsigned int*, float const *, unsigned int)",1,"gld_efficiency","Global Memory Load Efficiency",100.000000%,100.000000%,100.000000%
"GeForce GTX 1080 Ti (0)","void computeValue<float>(unsigned int*, float const *, unsigned int)",1,"gst_efficiency","Global Memory Store Efficiency",12.500000%,12.500000%,12.500000%
"GeForce GTX 1080 Ti (0)","void computeValue<float>(unsigned int*, float const *, unsigned int)",1,"tex_cache_transactions","Unified Cache Transactions",25000,25000,25000
"GeForce GTX 1080 Ti (0)","void computeValue<float>(unsigned int*, float const *, unsigned int)",1,"flop_count_dp","Floating Point Operations(Double Precision)",0,0,0
"GeForce GTX 1080 Ti (0)","void computeValue<float>(unsigned int*, float const *, unsigned int)",1,"flop_count_dp_add","Floating Point Operations(Double Precision Add)",0,0,0
"GeForce GTX 1080 Ti (0)","void computeValue<float>(unsigned int*, float const *, unsigned int)",1,"flop_count_dp_fma","Floating Point Operations(Double Precision FMA)",0,0,0
"GeForce GTX 1080 Ti (0)","void computeValue<float>(unsigned int*, float const *, unsigned int)",1,"flop_count_dp_mul","Floating Point Operations(Double Precision Mul)",0,0,0
"GeForce GTX 1080 Ti (0)","void computeValue<float>(unsigned int*, float const *, unsigned int)",1,"flop_count_sp","Floating Point Operations(Single Precision)",300000,300000,300000
"GeForce GTX 1080 Ti (0)","void computeValue<float>(unsigned int*, float const *, unsigned int)",1,"flop_count_sp_add","Floating Point Operations(Single Precision Add)",0,0,0
"GeForce GTX 1080 Ti (0)","void computeValue<float>(unsigned int*, float const *, unsigned int)",1,"flop_count_sp_fma","Floating Point Operations(Single Precision FMA)",100000,100000,100000
"GeForce GTX 1080 Ti (0)","void computeValue<float>(unsigned int*, float const *, unsigned int)",1,"flop_count_sp_mul","Floating Point Operation(Single Precision Mul)",100000,100000,100000
"GeForce GTX 1080 Ti (0)","void computeValue<float>(unsigned int*, float const *, unsigned int)",1,"flop_count_sp_special","Floating Point Operations(Single Precision Special)",0,0,0
"GeForce GTX 1080 Ti (0)","void computeValue<float>(unsigned int*, float const *, unsigned int)",1,"inst_executed","Instructions Executed",200538,200538,200538
"GeForce GTX 1080 Ti (0)","void computeValue<float>(unsigned int*, float const *, unsigned int)",1,"inst_issued","Instructions Issued",202970,202970,202970
"GeForce GTX 1080 Ti (0)","void computeValue<float>(unsigned int*, float const *, unsigned int)",1,"sysmem_utilization","System Memory Utilization","Low (1)","Low (1)","Low (1)"
"GeForce GTX 1080 Ti (0)","void computeValue<float>(unsigned int*, float const *, unsigned int)",1,"stall_inst_fetch","Issue Stall Reasons (Instructions Fetch)",17.688483%,17.688483%,17.688483%
"GeForce GTX 1080 Ti (0)","void computeValue<float>(unsigned int*, float const *, unsigned int)",1,"stall_exec_dependency","Issue Stall Reasons (Execution Dependency)",17.251790%,17.251790%,17.251790%
"GeForce GTX 1080 Ti (0)","void computeValue<float>(unsigned int*, float const *, unsigned int)",1,"stall_memory_dependency","Issue Stall Reasons (Data Request)",24.824317%,24.824317%,24.824317%
"GeForce GTX 1080 Ti (0)","void computeValue<float>(unsigned int*, float const *, unsigned int)",1,"stall_texture","Issue Stall Reasons (Texture)",0.000000%,0.000000%,0.000000%
"GeForce GTX 1080 Ti (0)","void computeValue<float>(unsigned int*, float const *, unsigned int)",1,"stall_sync","Issue Stall Reasons (Synchronization)",19.266653%,19.266653%,19.266653%
"GeForce GTX 1080 Ti (0)","void computeValue<float>(unsigned int*, float const *, unsigned int)",1,"stall_other","Issue Stall Reasons (Other)",15.898931%,15.898931%,15.898931%
"GeForce GTX 1080 Ti (0)","void computeValue<float>(unsigned int*, float const *, unsigned int)",1,"stall_constant_memory_dependency","Issue Stall Reasons (Immediate constant)",3.046618%,3.046618%,3.046618%
"GeForce GTX 1080 Ti (0)","void computeValue<float>(unsigned int*, float const *, unsigned int)",1,"stall_pipe_busy","Issue Stall Reasons (Pipe Busy)",0.641944%,0.641944%,0.641944%
"GeForce GTX 1080 Ti (0)","void computeValue<float>(unsigned int*, float const *, unsigned int)",1,"shared_efficiency","Shared Memory Efficiency",54.956897%,54.956897%,54.956897%
"GeForce GTX 1080 Ti (0)","void computeValue<float>(unsigned int*, float const *, unsigned int)",1,"inst_fp_32","FP Instructions(Single)",300000,300000,300000
"GeForce GTX 1080 Ti (0)","void computeValue<float>(unsigned int*, float const *, unsigned int)",1,"inst_fp_64","FP Instructions(Double)",0,0,0
"GeForce GTX 1080 Ti (0)","void computeValue<float>(unsigned int*, float const *, unsigned int)",1,"inst_integer","Integer Instructions",2851673,2851673,2851673
"GeForce GTX 1080 Ti (0)","void computeValue<float>(unsigned int*, float const *, unsigned int)",1,"inst_bit_convert","Bit-Convert Instructions",0,0,0
"GeForce GTX 1080 Ti (0)","void computeValue<float>(unsigned int*, float const *, unsigned int)",1,"inst_control","Control-Flow Instructions",1201056,1201056,1201056
"GeForce GTX 1080 Ti (0)","void computeValue<float>(unsigned int*, float const *, unsigned int)",1,"inst_compute_ld_st","Load/Store Instructions",399801,399801,399801
"GeForce GTX 1080 Ti (0)","void computeValue<float>(unsigned int*, float const *, unsigned int)",1,"inst_misc","Misc Instructions",1000768,1000768,1000768
"GeForce GTX 1080 Ti (0)","void computeValue<float>(unsigned int*, float const *, unsigned int)",1,"inst_inter_thread_communication","Inter-Thread Instructions",0,0,0
"GeForce GTX 1080 Ti (0)","void computeValue<float>(unsigned int*, float const *, unsigned int)",1,"issue_slots","Issue Slots",179122,179122,179122
"GeForce GTX 1080 Ti (0)","void computeValue<float>(unsigned int*, float const *, unsigned int)",1,"cf_issued","Issued Control-Flow Instructions",47308,47308,47308
"GeForce GTX 1080 Ti (0)","void computeValue<float>(unsigned int*, float const *, unsigned int)",1,"cf_executed","Executed Control-Flow Instructions",47308,47308,47308
"GeForce GTX 1080 Ti (0)","void computeValue<float>(unsigned int*, float const *, unsigned int)",1,"ldst_issued","Issued Load/Store Instructions",52370,52370,52370
"GeForce GTX 1080 Ti (0)","void computeValue<float>(unsigned int*, float const *, unsigned int)",1,"ldst_executed","Executed Load/Store Instructions",33620,33620,33620
"GeForce GTX 1080 Ti (0)","void computeValue<float>(unsigned int*, float const *, unsigned int)",1,"atomic_transactions","Atomic Transactions",0,0,0
"GeForce GTX 1080 Ti (0)","void computeValue<float>(unsigned int*, float const *, unsigned int)",1,"atomic_transactions_per_request","Atomic Transactions Per Request",0.000000,0.000000,0.000000
"GeForce GTX 1080 Ti (0)","void computeValue<float>(unsigned int*, float const *, unsigned int)",1,"l2_atomic_throughput","L2 Throughput (Atomic requests)",0.000000B/s,0.000000B/s,0.000000B/s
"GeForce GTX 1080 Ti (0)","void computeValue<float>(unsigned int*, float const *, unsigned int)",1,"l2_atomic_transactions","L2 Transactions (Atomic requests)",0,0,0
"GeForce GTX 1080 Ti (0)","void computeValue<float>(unsigned int*, float const *, unsigned int)",1,"l2_tex_read_transactions","L2 Transactions (Texture Reads)",25000,25000,25000
"GeForce GTX 1080 Ti (0)","void computeValue<float>(unsigned int*, float const *, unsigned int)",1,"stall_memory_throttle","Issue Stall Reasons (Memory Throttle)",0.166349%,0.166349%,0.166349%
"GeForce GTX 1080 Ti (0)","void computeValue<float>(unsigned int*, float const *, unsigned int)",1,"stall_not_selected","Issue Stall Reasons (Not Selected)",1.214915%,1.214915%,1.214915%
"GeForce GTX 1080 Ti (0)","void computeValue<float>(unsigned int*, float const *, unsigned int)",1,"l2_tex_write_transactions","L2 Transactions (Texture Writes)",391,391,391
"GeForce GTX 1080 Ti (0)","void computeValue<float>(unsigned int*, float const *, unsigned int)",1,"flop_count_hp","Floating Point Operations(Half Precision)",0,0,0
"GeForce GTX 1080 Ti (0)","void computeValue<float>(unsigned int*, float const *, unsigned int)",1,"flop_count_hp_add","Floating Point Operations(Half Precision Add)",0,0,0
"GeForce GTX 1080 Ti (0)","void computeValue<float>(unsigned int*, float const *, unsigned int)",1,"flop_count_hp_mul","Floating Point Operation(Half Precision Mul)",0,0,0
"GeForce GTX 1080 Ti (0)","void computeValue<float>(unsigned int*, float const *, unsigned int)",1,"flop_count_hp_fma","Floating Point Operations(Half Precision FMA)",0,0,0
"GeForce GTX 1080 Ti (0)","void computeValue<float>(unsigned int*, float const *, unsigned int)",1,"inst_fp_16","HP Instructions(Half)",0,0,0
"GeForce GTX 1080 Ti (0)","void computeValue<float>(unsigned int*, float const *, unsigned int)",1,"sysmem_read_utilization","System Memory Read Utilization","Idle (0)","Idle (0)","Idle (0)"
"GeForce GTX 1080 Ti (0)","void computeValue<float>(unsigned int*, float const *, unsigned int)",1,"sysmem_write_utilization","System Memory Write Utilization","Low (1)","Low (1)","Low (1)"
"GeForce GTX 1080 Ti (0)","void computeValue<float>(unsigned int*, float const *, unsigned int)",1,"sm_activity","Multiprocessor Activity",41.073854%,41.073854%,41.073854%
"GeForce GTX 1080 Ti (0)","void computeValue<float>(unsigned int*, float const *, unsigned int)",1,"achieved_occupancy","Achieved Occupancy",0.647636,0.647636,0.647636
"GeForce GTX 1080 Ti (0)","void computeValue<float>(unsigned int*, float const *, unsigned int)",1,"executed_ipc","Executed IPC",1.574700,1.574700,1.574700
"GeForce GTX 1080 Ti (0)","void computeValue<float>(unsigned int*, float const *, unsigned int)",1,"issued_ipc","Issued IPC",1.690952,1.690952,1.690952
"GeForce GTX 1080 Ti (0)","void computeValue<float>(unsigned int*, float const *, unsigned int)",1,"issue_slot_utilization","Issue Slot Utilization",37.306824%,37.306824%,37.306824%
"GeForce GTX 1080 Ti (0)","void computeValue<float>(unsigned int*, float const *, unsigned int)",1,"eligible_warps_per_cycle","Eligible Warps Per Active Cycle",1.990778,1.990778,1.990778
"GeForce GTX 1080 Ti (0)","void computeValue<float>(unsigned int*, float const *, unsigned int)",1,"tex_utilization","Unified Cache Utilization","Low (1)","Low (1)","Low (1)"
"GeForce GTX 1080 Ti (0)","void computeValue<float>(unsigned int*, float const *, unsigned int)",1,"l2_utilization","L2 Cache Utilization","Low (2)","Low (2)","Low (2)"
"GeForce GTX 1080 Ti (0)","void computeValue<float>(unsigned int*, float const *, unsigned int)",1,"shared_utilization","Shared Memory Utilization","Low (1)","Low (1)","Low (1)"
"GeForce GTX 1080 Ti (0)","void computeValue<float>(unsigned int*, float const *, unsigned int)",1,"ldst_fu_utilization","Load/Store Function Unit Utilization","Low (2)","Low (2)","Low (2)"
"GeForce GTX 1080 Ti (0)","void computeValue<float>(unsigned int*, float const *, unsigned int)",1,"cf_fu_utilization","Control-Flow Function Unit Utilization","Low (2)","Low (2)","Low (2)"
"GeForce GTX 1080 Ti (0)","void computeValue<float>(unsigned int*, float const *, unsigned int)",1,"special_fu_utilization","Special Function Unit Utilization","Idle (0)","Idle (0)","Idle (0)"
"GeForce GTX 1080 Ti (0)","void computeValue<float>(unsigned int*, float const *, unsigned int)",1,"tex_fu_utilization","Texture Function Unit Utilization","Low (1)","Low (1)","Low (1)"
"GeForce GTX 1080 Ti (0)","void computeValue<float>(unsigned int*, float const *, unsigned int)",1,"single_precision_fu_utilization","Single-Precision Function Unit Utilization","Low (3)","Low (3)","Low (3)"
"GeForce GTX 1080 Ti (0)","void computeValue<float>(unsigned int*, float const *, unsigned int)",1,"double_precision_fu_utilization","Double-Precision Function Unit Utilization","Idle (0)","Idle (0)","Idle (0)"
"GeForce GTX 1080 Ti (0)","void computeValue<float>(unsigned int*, float const *, unsigned int)",1,"flop_hp_efficiency","FLOP Efficiency(Peak Half)",0.000000%,0.000000%,0.000000%
"GeForce GTX 1080 Ti (0)","void computeValue<float>(unsigned int*, float const *, unsigned int)",1,"flop_sp_efficiency","FLOP Efficiency(Peak Single)",0.392274%,0.392274%,0.392274%
"GeForce GTX 1080 Ti (0)","void computeValue<float>(unsigned int*, float const *, unsigned int)",1,"flop_dp_efficiency","FLOP Efficiency(Peak Double)",0.000000%,0.000000%,0.000000%
"GeForce GTX 1080 Ti (0)","void computeValue<float>(unsigned int*, float const *, unsigned int)",1,"dram_read_transactions","Device Memory Read Transactions",0,0,0
"GeForce GTX 1080 Ti (0)","void computeValue<float>(unsigned int*, float const *, unsigned int)",1,"dram_write_transactions","Device Memory Write Transactions",104,104,104
"GeForce GTX 1080 Ti (0)","void computeValue<float>(unsigned int*, float const *, unsigned int)",1,"dram_read_throughput","Device Memory Read Throughput",0.000000B/s,0.000000B/s,0.000000B/s
"GeForce GTX 1080 Ti (0)","void computeValue<float>(unsigned int*, float const *, unsigned int)",1,"dram_write_throughput","Device Memory Write Throughput",667.752604MB/s,667.752604MB/s,667.572021MB/s
"GeForce GTX 1080 Ti (0)","void computeValue<float>(unsigned int*, float const *, unsigned int)",1,"dram_utilization","Device Memory Utilization","Low (1)","Low (1)","Low (1)"
"GeForce GTX 1080 Ti (0)","void computeValue<float>(unsigned int*, float const *, unsigned int)",1,"half_precision_fu_utilization","Half-Precision Function Unit Utilization","Idle (0)","Idle (0)","Idle (0)"
"GeForce GTX 1080 Ti (0)","void computeValue<float>(unsigned int*, float const *, unsigned int)",1,"ecc_transactions","ECC Transactions",0,0,0
"GeForce GTX 1080 Ti (0)","void computeValue<float>(unsigned int*, float const *, unsigned int)",1,"ecc_throughput","ECC Throughput",0.000000B/s,0.000000B/s,0.000000B/s
"GeForce GTX 1080 Ti (0)","void gen_sequenced<curandStateXORWOW, float, int, __operator_&__(float curand_uniform_noargs<curandStateXORWOW>(curandStateXORWOW*, int))>(curandStateXORWOW*, float*, unsigned long, unsigned long, int)",1,"inst_per_warp","Instructions per warp",912.500000,912.500000,912.500000
"GeForce GTX 1080 Ti (0)","void gen_sequenced<curandStateXORWOW, float, int, __operator_&__(float curand_uniform_noargs<curandStateXORWOW>(curandStateXORWOW*, int))>(curandStateXORWOW*, float*, unsigned long, unsigned long, int)",1,"branch_efficiency","Branch Efficiency",100.000000%,100.000000%,100.000000%
"GeForce GTX 1080 Ti (0)","void gen_sequenced<curandStateXORWOW, float, int, __operator_&__(float curand_uniform_noargs<curandStateXORWOW>(curandStateXORWOW*, int))>(curandStateXORWOW*, float*, unsigned long, unsigned long, int)",1,"warp_execution_efficiency","Warp Execution Efficiency",100.000000%,100.000000%,100.000000%
"GeForce GTX 1080 Ti (0)","void gen_sequenced<curandStateXORWOW, float, int, __operator_&__(float curand_uniform_noargs<curandStateXORWOW>(curandStateXORWOW*, int))>(curandStateXORWOW*, float*, unsigned long, unsigned long, int)",1,"warp_nonpred_execution_efficiency","Warp Non-Predicated Execution Efficiency",99.489726%,99.489726%,99.489726%
"GeForce GTX 1080 Ti (0)","void gen_sequenced<curandStateXORWOW, float, int, __operator_&__(float curand_uniform_noargs<curandStateXORWOW>(curandStateXORWOW*, int))>(curandStateXORWOW*, float*, unsigned long, unsigned long, int)",1,"inst_replay_overhead","Instruction Replay Overhead",0.006318,0.006318,0.006318
"GeForce GTX 1080 Ti (0)","void gen_sequenced<curandStateXORWOW, float, int, __operator_&__(float curand_uniform_noargs<curandStateXORWOW>(curandStateXORWOW*, int))>(curandStateXORWOW*, float*, unsigned long, unsigned long, int)",1,"shared_load_transactions_per_request","Shared Memory Load Transactions Per Request",0.000000,0.000000,0.000000
"GeForce GTX 1080 Ti (0)","void gen_sequenced<curandStateXORWOW, float, int, __operator_&__(float curand_uniform_noargs<curandStateXORWOW>(curandStateXORWOW*, int))>(curandStateXORWOW*, float*, unsigned long, unsigned long, int)",1,"shared_store_transactions_per_request","Shared Memory Store Transactions Per Request",0.000000,0.000000,0.000000
"GeForce GTX 1080 Ti (0)","void gen_sequenced<curandStateXORWOW, float, int, __operator_&__(float curand_uniform_noargs<curandStateXORWOW>(curandStateXORWOW*, int))>(curandStateXORWOW*, float*, unsigned long, unsigned long, int)",1,"local_load_transactions_per_request","Local Memory Load Transactions Per Request",0.000000,0.000000,0.000000
"GeForce GTX 1080 Ti (0)","void gen_sequenced<curandStateXORWOW, float, int, __operator_&__(float curand_uniform_noargs<curandStateXORWOW>(curandStateXORWOW*, int))>(curandStateXORWOW*, float*, unsigned long, unsigned long, int)",1,"local_store_transactions_per_request","Local Memory Store Transactions Per Request",0.000000,0.000000,0.000000
"GeForce GTX 1080 Ti (0)","void gen_sequenced<curandStateXORWOW, float, int, __operator_&__(float curand_uniform_noargs<curandStateXORWOW>(curandStateXORWOW*, int))>(curandStateXORWOW*, float*, unsigned long, unsigned long, int)",1,"gld_transactions_per_request","Global Load Transactions Per Request",32.000000,32.000000,32.000000
"GeForce GTX 1080 Ti (0)","void gen_sequenced<curandStateXORWOW, float, int, __operator_&__(float curand_uniform_noargs<curandStateXORWOW>(curandStateXORWOW*, int))>(curandStateXORWOW*, float*, unsigned long, unsigned long, int)",1,"gst_transactions_per_request","Global Store Transactions Per Request",7.064121,7.064121,7.064121
"GeForce GTX 1080 Ti (0)","void gen_sequenced<curandStateXORWOW, float, int, __operator_&__(float curand_uniform_noargs<curandStateXORWOW>(curandStateXORWOW*, int))>(curandStateXORWOW*, float*, unsigned long, unsigned long, int)",1,"shared_store_transactions","Shared Store Transactions",0,0,0
"GeForce GTX 1080 Ti (0)","void gen_sequenced<curandStateXORWOW, float, int, __operator_&__(float curand_uniform_noargs<curandStateXORWOW>(curandStateXORWOW*, int))>(curandStateXORWOW*, float*, unsigned long, unsigned long, int)",1,"shared_load_transactions","Shared Load Transactions",0,0,0
"GeForce GTX 1080 Ti (0)","void gen_sequenced<curandStateXORWOW, float, int, __operator_&__(float curand_uniform_noargs<curandStateXORWOW>(curandStateXORWOW*, int))>(curandStateXORWOW*, float*, unsigned long, unsigned long, int)",1,"local_load_transactions","Local Load Transactions",0,0,0
"GeForce GTX 1080 Ti (0)","void gen_sequenced<curandStateXORWOW, float, int, __operator_&__(float curand_uniform_noargs<curandStateXORWOW>(curandStateXORWOW*, int))>(curandStateXORWOW*, float*, unsigned long, unsigned long, int)",1,"local_store_transactions","Local Store Transactions",0,0,0
"GeForce GTX 1080 Ti (0)","void gen_sequenced<curandStateXORWOW, float, int, __operator_&__(float curand_uniform_noargs<curandStateXORWOW>(curandStateXORWOW*, int))>(curandStateXORWOW*, float*, unsigned long, unsigned long, int)",1,"gld_transactions","Global Load Transactions",24576,24576,24576
"GeForce GTX 1080 Ti (0)","void gen_sequenced<curandStateXORWOW, float, int, __operator_&__(float curand_uniform_noargs<curandStateXORWOW>(curandStateXORWOW*, int))>(curandStateXORWOW*, float*, unsigned long, unsigned long, int)",1,"gst_transactions","Global Store Transactions",49576,49576,49576
"GeForce GTX 1080 Ti (0)","void gen_sequenced<curandStateXORWOW, float, int, __operator_&__(float curand_uniform_noargs<curandStateXORWOW>(curandStateXORWOW*, int))>(curandStateXORWOW*, float*, unsigned long, unsigned long, int)",1,"sysmem_read_transactions","System Memory Read Transactions",0,0,0
"GeForce GTX 1080 Ti (0)","void gen_sequenced<curandStateXORWOW, float, int, __operator_&__(float curand_uniform_noargs<curandStateXORWOW>(curandStateXORWOW*, int))>(curandStateXORWOW*, float*, unsigned long, unsigned long, int)",1,"sysmem_write_transactions","System Memory Write Transactions",5,5,5
"GeForce GTX 1080 Ti (0)","void gen_sequenced<curandStateXORWOW, float, int, __operator_&__(float curand_uniform_noargs<curandStateXORWOW>(curandStateXORWOW*, int))>(curandStateXORWOW*, float*, unsigned long, unsigned long, int)",1,"l2_read_transactions","L2 Read Transactions",24744,24744,24744
"GeForce GTX 1080 Ti (0)","void gen_sequenced<curandStateXORWOW, float, int, __operator_&__(float curand_uniform_noargs<curandStateXORWOW>(curandStateXORWOW*, int))>(curandStateXORWOW*, float*, unsigned long, unsigned long, int)",1,"l2_write_transactions","L2 Write Transactions",49589,49589,49589
"GeForce GTX 1080 Ti (0)","void gen_sequenced<curandStateXORWOW, float, int, __operator_&__(float curand_uniform_noargs<curandStateXORWOW>(curandStateXORWOW*, int))>(curandStateXORWOW*, float*, unsigned long, unsigned long, int)",1,"global_hit_rate","Global Hit Rate",0.000000%,0.000000%,0.000000%
"GeForce GTX 1080 Ti (0)","void gen_sequenced<curandStateXORWOW, float, int, __operator_&__(float curand_uniform_noargs<curandStateXORWOW>(curandStateXORWOW*, int))>(curandStateXORWOW*, float*, unsigned long, unsigned long, int)",1,"local_hit_rate","Local Hit Rate",0.000000%,0.000000%,0.000000%
"GeForce GTX 1080 Ti (0)","void gen_sequenced<curandStateXORWOW, float, int, __operator_&__(float curand_uniform_noargs<curandStateXORWOW>(curandStateXORWOW*, int))>(curandStateXORWOW*, float*, unsigned long, unsigned long, int)",1,"gld_requested_throughput","Requested Global Load Throughput",28.200047GB/s,28.200047GB/s,28.199516GB/s
"GeForce GTX 1080 Ti (0)","void gen_sequenced<curandStateXORWOW, float, int, __operator_&__(float curand_uniform_noargs<curandStateXORWOW>(curandStateXORWOW*, int))>(curandStateXORWOW*, float*, unsigned long, unsigned long, int)",1,"gst_requested_throughput","Requested Global Store Throughput",153.377812GB/s,153.377812GB/s,153.377652GB/s
"GeForce GTX 1080 Ti (0)","void gen_sequenced<curandStateXORWOW, float, int, __operator_&__(float curand_uniform_noargs<curandStateXORWOW>(curandStateXORWOW*, int))>(curandStateXORWOW*, float*, unsigned long, unsigned long, int)",1,"gld_throughput","Global Load Throughput",123.054751GB/s,123.054751GB/s,123.054720GB/s
"GeForce GTX 1080 Ti (0)","void gen_sequenced<curandStateXORWOW, float, int, __operator_&__(float curand_uniform_noargs<curandStateXORWOW>(curandStateXORWOW*, int))>(curandStateXORWOW*, float*, unsigned long, unsigned long, int)",1,"gst_throughput","Global Store Throughput",248.232516GB/s,248.232516GB/s,248.231925GB/s
"GeForce GTX 1080 Ti (0)","void gen_sequenced<curandStateXORWOW, float, int, __operator_&__(float curand_uniform_noargs<curandStateXORWOW>(curandStateXORWOW*, int))>(curandStateXORWOW*, float*, unsigned long, unsigned long, int)",1,"local_memory_overhead","Local Memory Overhead",0.000000%,0.000000%,0.000000%
"GeForce GTX 1080 Ti (0)","void gen_sequenced<curandStateXORWOW, float, int, __operator_&__(float curand_uniform_noargs<curandStateXORWOW>(curandStateXORWOW*, int))>(curandStateXORWOW*, float*, unsigned long, unsigned long, int)",1,"tex_cache_hit_rate","Unified Cache Hit Rate",25.213813%,25.213813%,25.213813%
"GeForce GTX 1080 Ti (0)","void gen_sequenced<curandStateXORWOW, float, int, __operator_&__(float curand_uniform_noargs<curandStateXORWOW>(curandStateXORWOW*, int))>(curandStateXORWOW*, float*, unsigned long, unsigned long, int)",1,"l2_tex_read_hit_rate","L2 Hit Rate (Texture Reads)",100.000000%,100.000000%,100.000000%
"GeForce GTX 1080 Ti (0)","void gen_sequenced<curandStateXORWOW, float, int, __operator_&__(float curand_uniform_noargs<curandStateXORWOW>(curandStateXORWOW*, int))>(curandStateXORWOW*, float*, unsigned long, unsigned long, int)",1,"l2_tex_write_hit_rate","L2 Hit Rate (Texture Writes)",100.000000%,100.000000%,100.000000%
"GeForce GTX 1080 Ti (0)","void gen_sequenced<curandStateXORWOW, float, int, __operator_&__(float curand_uniform_noargs<curandStateXORWOW>(curandStateXORWOW*, int))>(curandStateXORWOW*, float*, unsigned long, unsigned long, int)",1,"tex_cache_throughput","Unified Cache Throughput",28.200047GB/s,28.200047GB/s,28.199516GB/s
"GeForce GTX 1080 Ti (0)","void gen_sequenced<curandStateXORWOW, float, int, __operator_&__(float curand_uniform_noargs<curandStateXORWOW>(curandStateXORWOW*, int))>(curandStateXORWOW*, float*, unsigned long, unsigned long, int)",1,"l2_tex_read_throughput","L2 Throughput (Texture Reads)",123.054751GB/s,123.054751GB/s,123.054720GB/s
"GeForce GTX 1080 Ti (0)","void gen_sequenced<curandStateXORWOW, float, int, __operator_&__(float curand_uniform_noargs<curandStateXORWOW>(curandStateXORWOW*, int))>(curandStateXORWOW*, float*, unsigned long, unsigned long, int)",1,"l2_tex_write_throughput","L2 Throughput (Texture Writes)",248.232516GB/s,248.232516GB/s,248.231925GB/s
"GeForce GTX 1080 Ti (0)","void gen_sequenced<curandStateXORWOW, float, int, __operator_&__(float curand_uniform_noargs<curandStateXORWOW>(curandStateXORWOW*, int))>(curandStateXORWOW*, float*, unsigned long, unsigned long, int)",1,"l2_read_throughput","L2 Throughput (Reads)",123.895945GB/s,123.895945GB/s,123.895705GB/s
"GeForce GTX 1080 Ti (0)","void gen_sequenced<curandStateXORWOW, float, int, __operator_&__(float curand_uniform_noargs<curandStateXORWOW>(curandStateXORWOW*, int))>(curandStateXORWOW*, float*, unsigned long, unsigned long, int)",1,"l2_write_throughput","L2 Throughput (Writes)",248.297608GB/s,248.297608GB/s,248.297118GB/s
"GeForce GTX 1080 Ti (0)","void gen_sequenced<curandStateXORWOW, float, int, __operator_&__(float curand_uniform_noargs<curandStateXORWOW>(curandStateXORWOW*, int))>(curandStateXORWOW*, float*, unsigned long, unsigned long, int)",1,"sysmem_read_throughput","System Memory Read Throughput",0.000000B/s,0.000000B/s,0.000000B/s
"GeForce GTX 1080 Ti (0)","void gen_sequenced<curandStateXORWOW, float, int, __operator_&__(float curand_uniform_noargs<curandStateXORWOW>(curandStateXORWOW*, int))>(curandStateXORWOW*, float*, unsigned long, unsigned long, int)",1,"sysmem_write_throughput","System Memory Write Throughput",25.636406MB/s,25.636406MB/s,24.795532MB/s
"GeForce GTX 1080 Ti (0)","void gen_sequenced<curandStateXORWOW, float, int, __operator_&__(float curand_uniform_noargs<curandStateXORWOW>(curandStateXORWOW*, int))>(curandStateXORWOW*, float*, unsigned long, unsigned long, int)",1,"local_load_throughput","Local Memory Load Throughput",0.000000B/s,0.000000B/s,0.000000B/s
"GeForce GTX 1080 Ti (0)","void gen_sequenced<curandStateXORWOW, float, int, __operator_&__(float curand_uniform_noargs<curandStateXORWOW>(curandStateXORWOW*, int))>(curandStateXORWOW*, float*, unsigned long, unsigned long, int)",1,"local_store_throughput","Local Memory Store Throughput",0.000000B/s,0.000000B/s,0.000000B/s
"GeForce GTX 1080 Ti (0)","void gen_sequenced<curandStateXORWOW, float, int, __operator_&__(float curand_uniform_noargs<curandStateXORWOW>(curandStateXORWOW*, int))>(curandStateXORWOW*, float*, unsigned long, unsigned long, int)",1,"shared_load_throughput","Shared Memory Load Throughput",0.000000B/s,0.000000B/s,0.000000B/s
"GeForce GTX 1080 Ti (0)","void gen_sequenced<curandStateXORWOW, float, int, __operator_&__(float curand_uniform_noargs<curandStateXORWOW>(curandStateXORWOW*, int))>(curandStateXORWOW*, float*, unsigned long, unsigned long, int)",1,"shared_store_throughput","Shared Memory Store Throughput",0.000000B/s,0.000000B/s,0.000000B/s
"GeForce GTX 1080 Ti (0)","void gen_sequenced<curandStateXORWOW, float, int, __operator_&__(float curand_uniform_noargs<curandStateXORWOW>(curandStateXORWOW*, int))>(curandStateXORWOW*, float*, unsigned long, unsigned long, int)",1,"gld_efficiency","Global Memory Load Efficiency",22.916667%,22.916667%,22.916667%
"GeForce GTX 1080 Ti (0)","void gen_sequenced<curandStateXORWOW, float, int, __operator_&__(float curand_uniform_noargs<curandStateXORWOW>(curandStateXORWOW*, int))>(curandStateXORWOW*, float*, unsigned long, unsigned long, int)",1,"gst_efficiency","Global Memory Store Efficiency",61.787962%,61.787962%,61.787962%
"GeForce GTX 1080 Ti (0)","void gen_sequenced<curandStateXORWOW, float, int, __operator_&__(float curand_uniform_noargs<curandStateXORWOW>(curandStateXORWOW*, int))>(curandStateXORWOW*, float*, unsigned long, unsigned long, int)",1,"tex_cache_transactions","Unified Cache Transactions",5632,5632,5632
"GeForce GTX 1080 Ti (0)","void gen_sequenced<curandStateXORWOW, float, int, __operator_&__(float curand_uniform_noargs<curandStateXORWOW>(curandStateXORWOW*, int))>(curandStateXORWOW*, float*, unsigned long, unsigned long, int)",1,"flop_count_dp","Floating Point Operations(Double Precision)",0,0,0
"GeForce GTX 1080 Ti (0)","void gen_sequenced<curandStateXORWOW, float, int, __operator_&__(float curand_uniform_noargs<curandStateXORWOW>(curandStateXORWOW*, int))>(curandStateXORWOW*, float*, unsigned long, unsigned long, int)",1,"flop_count_dp_add","Floating Point Operations(Double Precision Add)",0,0,0
"GeForce GTX 1080 Ti (0)","void gen_sequenced<curandStateXORWOW, float, int, __operator_&__(float curand_uniform_noargs<curandStateXORWOW>(curandStateXORWOW*, int))>(curandStateXORWOW*, float*, unsigned long, unsigned long, int)",1,"flop_count_dp_fma","Floating Point Operations(Double Precision FMA)",0,0,0
"GeForce GTX 1080 Ti (0)","void gen_sequenced<curandStateXORWOW, float, int, __operator_&__(float curand_uniform_noargs<curandStateXORWOW>(curandStateXORWOW*, int))>(curandStateXORWOW*, float*, unsigned long, unsigned long, int)",1,"flop_count_dp_mul","Floating Point Operations(Double Precision Mul)",0,0,0
"GeForce GTX 1080 Ti (0)","void gen_sequenced<curandStateXORWOW, float, int, __operator_&__(float curand_uniform_noargs<curandStateXORWOW>(curandStateXORWOW*, int))>(curandStateXORWOW*, float*, unsigned long, unsigned long, int)",1,"flop_count_sp","Floating Point Operations(Single Precision)",400000,400000,400000
"GeForce GTX 1080 Ti (0)","void gen_sequenced<curandStateXORWOW, float, int, __operator_&__(float curand_uniform_noargs<curandStateXORWOW>(curandStateXORWOW*, int))>(curandStateXORWOW*, float*, unsigned long, unsigned long, int)",1,"flop_count_sp_add","Floating Point Operations(Single Precision Add)",0,0,0
"GeForce GTX 1080 Ti (0)","void gen_sequenced<curandStateXORWOW, float, int, __operator_&__(float curand_uniform_noargs<curandStateXORWOW>(curandStateXORWOW*, int))>(curandStateXORWOW*, float*, unsigned long, unsigned long, int)",1,"flop_count_sp_fma","Floating Point Operations(Single Precision FMA)",200000,200000,200000
"GeForce GTX 1080 Ti (0)","void gen_sequenced<curandStateXORWOW, float, int, __operator_&__(float curand_uniform_noargs<curandStateXORWOW>(curandStateXORWOW*, int))>(curandStateXORWOW*, float*, unsigned long, unsigned long, int)",1,"flop_count_sp_mul","Floating Point Operation(Single Precision Mul)",0,0,0
"GeForce GTX 1080 Ti (0)","void gen_sequenced<curandStateXORWOW, float, int, __operator_&__(float curand_uniform_noargs<curandStateXORWOW>(curandStateXORWOW*, int))>(curandStateXORWOW*, float*, unsigned long, unsigned long, int)",1,"flop_count_sp_special","Floating Point Operations(Single Precision Special)",0,0,0
"GeForce GTX 1080 Ti (0)","void gen_sequenced<curandStateXORWOW, float, int, __operator_&__(float curand_uniform_noargs<curandStateXORWOW>(curandStateXORWOW*, int))>(curandStateXORWOW*, float*, unsigned long, unsigned long, int)",1,"inst_executed","Instructions Executed",116800,116800,116800
"GeForce GTX 1080 Ti (0)","void gen_sequenced<curandStateXORWOW, float, int, __operator_&__(float curand_uniform_noargs<curandStateXORWOW>(curandStateXORWOW*, int))>(curandStateXORWOW*, float*, unsigned long, unsigned long, int)",1,"inst_issued","Instructions Issued",117504,117504,117504
"GeForce GTX 1080 Ti (0)","void gen_sequenced<curandStateXORWOW, float, int, __operator_&__(float curand_uniform_noargs<curandStateXORWOW>(curandStateXORWOW*, int))>(curandStateXORWOW*, float*, unsigned long, unsigned long, int)",1,"sysmem_utilization","System Memory Utilization","Low (1)","Low (1)","Low (1)"
"GeForce GTX 1080 Ti (0)","void gen_sequenced<curandStateXORWOW, float, int, __operator_&__(float curand_uniform_noargs<curandStateXORWOW>(curandStateXORWOW*, int))>(curandStateXORWOW*, float*, unsigned long, unsigned long, int)",1,"stall_inst_fetch","Issue Stall Reasons (Instructions Fetch)",4.801052%,4.801052%,4.801052%
"GeForce GTX 1080 Ti (0)","void gen_sequenced<curandStateXORWOW, float, int, __operator_&__(float curand_uniform_noargs<curandStateXORWOW>(curandStateXORWOW*, int))>(curandStateXORWOW*, float*, unsigned long, unsigned long, int)",1,"stall_exec_dependency","Issue Stall Reasons (Execution Dependency)",35.476472%,35.476472%,35.476472%
"GeForce GTX 1080 Ti (0)","void gen_sequenced<curandStateXORWOW, float, int, __operator_&__(float curand_uniform_noargs<curandStateXORWOW>(curandStateXORWOW*, int))>(curandStateXORWOW*, float*, unsigned long, unsigned long, int)",1,"stall_memory_dependency","Issue Stall Reasons (Data Request)",28.261664%,28.261664%,28.261664%
"GeForce GTX 1080 Ti (0)","void gen_sequenced<curandStateXORWOW, float, int, __operator_&__(float curand_uniform_noargs<curandStateXORWOW>(curandStateXORWOW*, int))>(curandStateXORWOW*, float*, unsigned long, unsigned long, int)",1,"stall_texture","Issue Stall Reasons (Texture)",0.000000%,0.000000%,0.000000%
"GeForce GTX 1080 Ti (0)","void gen_sequenced<curandStateXORWOW, float, int, __operator_&__(float curand_uniform_noargs<curandStateXORWOW>(curandStateXORWOW*, int))>(curandStateXORWOW*, float*, unsigned long, unsigned long, int)",1,"stall_sync","Issue Stall Reasons (Synchronization)",0.000000%,0.000000%,0.000000%
"GeForce GTX 1080 Ti (0)","void gen_sequenced<curandStateXORWOW, float, int, __operator_&__(float curand_uniform_noargs<curandStateXORWOW>(curandStateXORWOW*, int))>(curandStateXORWOW*, float*, unsigned long, unsigned long, int)",1,"stall_other","Issue Stall Reasons (Other)",0.728561%,0.728561%,0.728561%
"GeForce GTX 1080 Ti (0)","void gen_sequenced<curandStateXORWOW, float, int, __operator_&__(float curand_uniform_noargs<curandStateXORWOW>(curandStateXORWOW*, int))>(curandStateXORWOW*, float*, unsigned long, unsigned long, int)",1,"stall_constant_memory_dependency","Issue Stall Reasons (Immediate constant)",13.764408%,13.764408%,13.764408%
"GeForce GTX 1080 Ti (0)","void gen_sequenced<curandStateXORWOW, float, int, __operator_&__(float curand_uniform_noargs<curandStateXORWOW>(curandStateXORWOW*, int))>(curandStateXORWOW*, float*, unsigned long, unsigned long, int)",1,"stall_pipe_busy","Issue Stall Reasons (Pipe Busy)",1.875999%,1.875999%,1.875999%
"GeForce GTX 1080 Ti (0)","void gen_sequenced<curandStateXORWOW, float, int, __operator_&__(float curand_uniform_noargs<curandStateXORWOW>(curandStateXORWOW*, int))>(curandStateXORWOW*, float*, unsigned long, unsigned long, int)",1,"shared_efficiency","Shared Memory Efficiency",0.000000%,0.000000%,0.000000%
"GeForce GTX 1080 Ti (0)","void gen_sequenced<curandStateXORWOW, float, int, __operator_&__(float curand_uniform_noargs<curandStateXORWOW>(curandStateXORWOW*, int))>(curandStateXORWOW*, float*, unsigned long, unsigned long, int)",1,"inst_fp_32","FP Instructions(Single)",200000,200000,200000
"GeForce GTX 1080 Ti (0)","void gen_sequenced<curandStateXORWOW, float, int, __operator_&__(float curand_uniform_noargs<curandStateXORWOW>(curandStateXORWOW*, int))>(curandStateXORWOW*, float*, unsigned long, unsigned long, int)",1,"inst_fp_64","FP Instructions(Double)",0,0,0
"GeForce GTX 1080 Ti (0)","void gen_sequenced<curandStateXORWOW, float, int, __operator_&__(float curand_uniform_noargs<curandStateXORWOW>(curandStateXORWOW*, int))>(curandStateXORWOW*, float*, unsigned long, unsigned long, int)",1,"inst_integer","Integer Instructions",2312576,2312576,2312576
"GeForce GTX 1080 Ti (0)","void gen_sequenced<curandStateXORWOW, float, int, __operator_&__(float curand_uniform_noargs<curandStateXORWOW>(curandStateXORWOW*, int))>(curandStateXORWOW*, float*, unsigned long, unsigned long, int)",1,"inst_bit_convert","Bit-Convert Instructions",200000,200000,200000
"GeForce GTX 1080 Ti (0)","void gen_sequenced<curandStateXORWOW, float, int, __operator_&__(float curand_uniform_noargs<curandStateXORWOW>(curandStateXORWOW*, int))>(curandStateXORWOW*, float*, unsigned long, unsigned long, int)",1,"inst_control","Control-Flow Instructions",92800,92800,92800
"GeForce GTX 1080 Ti (0)","void gen_sequenced<curandStateXORWOW, float, int, __operator_&__(float curand_uniform_noargs<curandStateXORWOW>(curandStateXORWOW*, int))>(curandStateXORWOW*, float*, unsigned long, unsigned long, int)",1,"inst_compute_ld_st","Load/Store Instructions",249152,249152,249152
"GeForce GTX 1080 Ti (0)","void gen_sequenced<curandStateXORWOW, float, int, __operator_&__(float curand_uniform_noargs<curandStateXORWOW>(curandStateXORWOW*, int))>(curandStateXORWOW*, float*, unsigned long, unsigned long, int)",1,"inst_misc","Misc Instructions",664000,664000,664000
"GeForce GTX 1080 Ti (0)","void gen_sequenced<curandStateXORWOW, float, int, __operator_&__(float curand_uniform_noargs<curandStateXORWOW>(curandStateXORWOW*, int))>(curandStateXORWOW*, float*, unsigned long, unsigned long, int)",1,"inst_inter_thread_communication","Inter-Thread Instructions",0,0,0
"GeForce GTX 1080 Ti (0)","void gen_sequenced<curandStateXORWOW, float, int, __operator_&__(float curand_uniform_noargs<curandStateXORWOW>(curandStateXORWOW*, int))>(curandStateXORWOW*, float*, unsigned long, unsigned long, int)",1,"issue_slots","Issue Slots",105698,105698,105698
"GeForce GTX 1080 Ti (0)","void gen_sequenced<curandStateXORWOW, float, int, __operator_&__(float curand_uniform_noargs<curandStateXORWOW>(curandStateXORWOW*, int))>(curandStateXORWOW*, float*, unsigned long, unsigned long, int)",1,"cf_issued","Issued Control-Flow Instructions",3496,3496,3496
"GeForce GTX 1080 Ti (0)","void gen_sequenced<curandStateXORWOW, float, int, __operator_&__(float curand_uniform_noargs<curandStateXORWOW>(curandStateXORWOW*, int))>(curandStateXORWOW*, float*, unsigned long, unsigned long, int)",1,"cf_executed","Executed Control-Flow Instructions",3496,3496,3496
"GeForce GTX 1080 Ti (0)","void gen_sequenced<curandStateXORWOW, float, int, __operator_&__(float curand_uniform_noargs<curandStateXORWOW>(curandStateXORWOW*, int))>(curandStateXORWOW*, float*, unsigned long, unsigned long, int)",1,"ldst_issued","Issued Load/Store Instructions",33960,33960,33960
"GeForce GTX 1080 Ti (0)","void gen_sequenced<curandStateXORWOW, float, int, __operator_&__(float curand_uniform_noargs<curandStateXORWOW>(curandStateXORWOW*, int))>(curandStateXORWOW*, float*, unsigned long, unsigned long, int)",1,"ldst_executed","Executed Load/Store Instructions",8042,8042,8042
"GeForce GTX 1080 Ti (0)","void gen_sequenced<curandStateXORWOW, float, int, __operator_&__(float curand_uniform_noargs<curandStateXORWOW>(curandStateXORWOW*, int))>(curandStateXORWOW*, float*, unsigned long, unsigned long, int)",1,"atomic_transactions","Atomic Transactions",0,0,0
"GeForce GTX 1080 Ti (0)","void gen_sequenced<curandStateXORWOW, float, int, __operator_&__(float curand_uniform_noargs<curandStateXORWOW>(curandStateXORWOW*, int))>(curandStateXORWOW*, float*, unsigned long, unsigned long, int)",1,"atomic_transactions_per_request","Atomic Transactions Per Request",0.000000,0.000000,0.000000
"GeForce GTX 1080 Ti (0)","void gen_sequenced<curandStateXORWOW, float, int, __operator_&__(float curand_uniform_noargs<curandStateXORWOW>(curandStateXORWOW*, int))>(curandStateXORWOW*, float*, unsigned long, unsigned long, int)",1,"l2_atomic_throughput","L2 Throughput (Atomic requests)",0.000000B/s,0.000000B/s,0.000000B/s
"GeForce GTX 1080 Ti (0)","void gen_sequenced<curandStateXORWOW, float, int, __operator_&__(float curand_uniform_noargs<curandStateXORWOW>(curandStateXORWOW*, int))>(curandStateXORWOW*, float*, unsigned long, unsigned long, int)",1,"l2_atomic_transactions","L2 Transactions (Atomic requests)",0,0,0
"GeForce GTX 1080 Ti (0)","void gen_sequenced<curandStateXORWOW, float, int, __operator_&__(float curand_uniform_noargs<curandStateXORWOW>(curandStateXORWOW*, int))>(curandStateXORWOW*, float*, unsigned long, unsigned long, int)",1,"l2_tex_read_transactions","L2 Transactions (Texture Reads)",24576,24576,24576
"GeForce GTX 1080 Ti (0)","void gen_sequenced<curandStateXORWOW, float, int, __operator_&__(float curand_uniform_noargs<curandStateXORWOW>(curandStateXORWOW*, int))>(curandStateXORWOW*, float*, unsigned long, unsigned long, int)",1,"stall_memory_throttle","Issue Stall Reasons (Memory Throttle)",14.002728%,14.002728%,14.002728%
"GeForce GTX 1080 Ti (0)","void gen_sequenced<curandStateXORWOW, float, int, __operator_&__(float curand_uniform_noargs<curandStateXORWOW>(curandStateXORWOW*, int))>(curandStateXORWOW*, float*, unsigned long, unsigned long, int)",1,"stall_not_selected","Issue Stall Reasons (Not Selected)",1.089116%,1.089116%,1.089116%
"GeForce GTX 1080 Ti (0)","void gen_sequenced<curandStateXORWOW, float, int, __operator_&__(float curand_uniform_noargs<curandStateXORWOW>(curandStateXORWOW*, int))>(curandStateXORWOW*, float*, unsigned long, unsigned long, int)",1,"l2_tex_write_transactions","L2 Transactions (Texture Writes)",49576,49576,49576
"GeForce GTX 1080 Ti (0)","void gen_sequenced<curandStateXORWOW, float, int, __operator_&__(float curand_uniform_noargs<curandStateXORWOW>(curandStateXORWOW*, int))>(curandStateXORWOW*, float*, unsigned long, unsigned long, int)",1,"flop_count_hp","Floating Point Operations(Half Precision)",0,0,0
"GeForce GTX 1080 Ti (0)","void gen_sequenced<curandStateXORWOW, float, int, __operator_&__(float curand_uniform_noargs<curandStateXORWOW>(curandStateXORWOW*, int))>(curandStateXORWOW*, float*, unsigned long, unsigned long, int)",1,"flop_count_hp_add","Floating Point Operations(Half Precision Add)",0,0,0
"GeForce GTX 1080 Ti (0)","void gen_sequenced<curandStateXORWOW, float, int, __operator_&__(float curand_uniform_noargs<curandStateXORWOW>(curandStateXORWOW*, int))>(curandStateXORWOW*, float*, unsigned long, unsigned long, int)",1,"flop_count_hp_mul","Floating Point Operation(Half Precision Mul)",0,0,0
"GeForce GTX 1080 Ti (0)","void gen_sequenced<curandStateXORWOW, float, int, __operator_&__(float curand_uniform_noargs<curandStateXORWOW>(curandStateXORWOW*, int))>(curandStateXORWOW*, float*, unsigned long, unsigned long, int)",1,"flop_count_hp_fma","Floating Point Operations(Half Precision FMA)",0,0,0
"GeForce GTX 1080 Ti (0)","void gen_sequenced<curandStateXORWOW, float, int, __operator_&__(float curand_uniform_noargs<curandStateXORWOW>(curandStateXORWOW*, int))>(curandStateXORWOW*, float*, unsigned long, unsigned long, int)",1,"inst_fp_16","HP Instructions(Half)",0,0,0
"GeForce GTX 1080 Ti (0)","void gen_sequenced<curandStateXORWOW, float, int, __operator_&__(float curand_uniform_noargs<curandStateXORWOW>(curandStateXORWOW*, int))>(curandStateXORWOW*, float*, unsigned long, unsigned long, int)",1,"sysmem_read_utilization","System Memory Read Utilization","Idle (0)","Idle (0)","Idle (0)"
"GeForce GTX 1080 Ti (0)","void gen_sequenced<curandStateXORWOW, float, int, __operator_&__(float curand_uniform_noargs<curandStateXORWOW>(curandStateXORWOW*, int))>(curandStateXORWOW*, float*, unsigned long, unsigned long, int)",1,"sysmem_write_utilization","System Memory Write Utilization","Low (1)","Low (1)","Low (1)"
"GeForce GTX 1080 Ti (0)","void gen_sequenced<curandStateXORWOW, float, int, __operator_&__(float curand_uniform_noargs<curandStateXORWOW>(curandStateXORWOW*, int))>(curandStateXORWOW*, float*, unsigned long, unsigned long, int)",1,"sm_activity","Multiprocessor Activity",43.284404%,43.284404%,43.284404%
"GeForce GTX 1080 Ti (0)","void gen_sequenced<curandStateXORWOW, float, int, __operator_&__(float curand_uniform_noargs<curandStateXORWOW>(curandStateXORWOW*, int))>(curandStateXORWOW*, float*, unsigned long, unsigned long, int)",1,"achieved_occupancy","Achieved Occupancy",0.069640,0.069640,0.069640
"GeForce GTX 1080 Ti (0)","void gen_sequenced<curandStateXORWOW, float, int, __operator_&__(float curand_uniform_noargs<curandStateXORWOW>(curandStateXORWOW*, int))>(curandStateXORWOW*, float*, unsigned long, unsigned long, int)",1,"executed_ipc","Executed IPC",0.685989,0.685989,0.685989
"GeForce GTX 1080 Ti (0)","void gen_sequenced<curandStateXORWOW, float, int, __operator_&__(float curand_uniform_noargs<curandStateXORWOW>(curandStateXORWOW*, int))>(curandStateXORWOW*, float*, unsigned long, unsigned long, int)",1,"issued_ipc","Issued IPC",0.775614,0.775614,0.775614
"GeForce GTX 1080 Ti (0)","void gen_sequenced<curandStateXORWOW, float, int, __operator_&__(float curand_uniform_noargs<curandStateXORWOW>(curandStateXORWOW*, int))>(curandStateXORWOW*, float*, unsigned long, unsigned long, int)",1,"issue_slot_utilization","Issue Slot Utilization",17.442144%,17.442144%,17.442144%
"GeForce GTX 1080 Ti (0)","void gen_sequenced<curandStateXORWOW, float, int, __operator_&__(float curand_uniform_noargs<curandStateXORWOW>(curandStateXORWOW*, int))>(curandStateXORWOW*, float*, unsigned long, unsigned long, int)",1,"eligible_warps_per_cycle","Eligible Warps Per Active Cycle",0.736267,0.736267,0.736267
"GeForce GTX 1080 Ti (0)","void gen_sequenced<curandStateXORWOW, float, int, __operator_&__(float curand_uniform_noargs<curandStateXORWOW>(curandStateXORWOW*, int))>(curandStateXORWOW*, float*, unsigned long, unsigned long, int)",1,"tex_utilization","Unified Cache Utilization","Low (1)","Low (1)","Low (1)"
"GeForce GTX 1080 Ti (0)","void gen_sequenced<curandStateXORWOW, float, int, __operator_&__(float curand_uniform_noargs<curandStateXORWOW>(curandStateXORWOW*, int))>(curandStateXORWOW*, float*, unsigned long, unsigned long, int)",1,"l2_utilization","L2 Cache Utilization","Low (3)","Low (3)","Low (3)"
"GeForce GTX 1080 Ti (0)","void gen_sequenced<curandStateXORWOW, float, int, __operator_&__(float curand_uniform_noargs<curandStateXORWOW>(curandStateXORWOW*, int))>(curandStateXORWOW*, float*, unsigned long, unsigned long, int)",1,"shared_utilization","Shared Memory Utilization","Idle (0)","Idle (0)","Idle (0)"
"GeForce GTX 1080 Ti (0)","void gen_sequenced<curandStateXORWOW, float, int, __operator_&__(float curand_uniform_noargs<curandStateXORWOW>(curandStateXORWOW*, int))>(curandStateXORWOW*, float*, unsigned long, unsigned long, int)",1,"ldst_fu_utilization","Load/Store Function Unit Utilization","Low (1)","Low (1)","Low (1)"
"GeForce GTX 1080 Ti (0)","void gen_sequenced<curandStateXORWOW, float, int, __operator_&__(float curand_uniform_noargs<curandStateXORWOW>(curandStateXORWOW*, int))>(curandStateXORWOW*, float*, unsigned long, unsigned long, int)",1,"cf_fu_utilization","Control-Flow Function Unit Utilization","Low (1)","Low (1)","Low (1)"
"GeForce GTX 1080 Ti (0)","void gen_sequenced<curandStateXORWOW, float, int, __operator_&__(float curand_uniform_noargs<curandStateXORWOW>(curandStateXORWOW*, int))>(curandStateXORWOW*, float*, unsigned long, unsigned long, int)",1,"special_fu_utilization","Special Function Unit Utilization","Low (1)","Low (1)","Low (1)"
"GeForce GTX 1080 Ti (0)","void gen_sequenced<curandStateXORWOW, float, int, __operator_&__(float curand_uniform_noargs<curandStateXORWOW>(curandStateXORWOW*, int))>(curandStateXORWOW*, float*, unsigned long, unsigned long, int)",1,"tex_fu_utilization","Texture Function Unit Utilization","Low (2)","Low (2)","Low (2)"
"GeForce GTX 1080 Ti (0)","void gen_sequenced<curandStateXORWOW, float, int, __operator_&__(float curand_uniform_noargs<curandStateXORWOW>(curandStateXORWOW*, int))>(curandStateXORWOW*, float*, unsigned long, unsigned long, int)",1,"single_precision_fu_utilization","Single-Precision Function Unit Utilization","Low (2)","Low (2)","Low (2)"
"GeForce GTX 1080 Ti (0)","void gen_sequenced<curandStateXORWOW, float, int, __operator_&__(float curand_uniform_noargs<curandStateXORWOW>(curandStateXORWOW*, int))>(curandStateXORWOW*, float*, unsigned long, unsigned long, int)",1,"double_precision_fu_utilization","Double-Precision Function Unit Utilization","Idle (0)","Idle (0)","Idle (0)"
"GeForce GTX 1080 Ti (0)","void gen_sequenced<curandStateXORWOW, float, int, __operator_&__(float curand_uniform_noargs<curandStateXORWOW>(curandStateXORWOW*, int))>(curandStateXORWOW*, float*, unsigned long, unsigned long, int)",1,"flop_hp_efficiency","FLOP Efficiency(Peak Half)",0.000000%,0.000000%,0.000000%
"GeForce GTX 1080 Ti (0)","void gen_sequenced<curandStateXORWOW, float, int, __operator_&__(float curand_uniform_noargs<curandStateXORWOW>(curandStateXORWOW*, int))>(curandStateXORWOW*, float*, unsigned long, unsigned long, int)",1,"flop_sp_efficiency","FLOP Efficiency(Peak Single)",0.427426%,0.427426%,0.427426%
"GeForce GTX 1080 Ti (0)","void gen_sequenced<curandStateXORWOW, float, int, __operator_&__(float curand_uniform_noargs<curandStateXORWOW>(curandStateXORWOW*, int))>(curandStateXORWOW*, float*, unsigned long, unsigned long, int)",1,"flop_dp_efficiency","FLOP Efficiency(Peak Double)",0.000000%,0.000000%,0.000000%
"GeForce GTX 1080 Ti (0)","void gen_sequenced<curandStateXORWOW, float, int, __operator_&__(float curand_uniform_noargs<curandStateXORWOW>(curandStateXORWOW*, int))>(curandStateXORWOW*, float*, unsigned long, unsigned long, int)",1,"dram_read_transactions","Device Memory Read Transactions",0,0,0
"GeForce GTX 1080 Ti (0)","void gen_sequenced<curandStateXORWOW, float, int, __operator_&__(float curand_uniform_noargs<curandStateXORWOW>(curandStateXORWOW*, int))>(curandStateXORWOW*, float*, unsigned long, unsigned long, int)",1,"dram_write_transactions","Device Memory Write Transactions",1434,1434,1434
"GeForce GTX 1080 Ti (0)","void gen_sequenced<curandStateXORWOW, float, int, __operator_&__(float curand_uniform_noargs<curandStateXORWOW>(curandStateXORWOW*, int))>(curandStateXORWOW*, float*, unsigned long, unsigned long, int)",1,"dram_read_throughput","Device Memory Read Throughput",0.000000B/s,0.000000B/s,0.000000B/s
"GeForce GTX 1080 Ti (0)","void gen_sequenced<curandStateXORWOW, float, int, __operator_&__(float curand_uniform_noargs<curandStateXORWOW>(curandStateXORWOW*, int))>(curandStateXORWOW*, float*, unsigned long, unsigned long, int)",1,"dram_write_throughput","Device Memory Write Throughput",7.180197GB/s,7.180197GB/s,7.179566GB/s
"GeForce GTX 1080 Ti (0)","void gen_sequenced<curandStateXORWOW, float, int, __operator_&__(float curand_uniform_noargs<curandStateXORWOW>(curandStateXORWOW*, int))>(curandStateXORWOW*, float*, unsigned long, unsigned long, int)",1,"dram_utilization","Device Memory Utilization","Low (1)","Low (1)","Low (1)"
"GeForce GTX 1080 Ti (0)","void gen_sequenced<curandStateXORWOW, float, int, __operator_&__(float curand_uniform_noargs<curandStateXORWOW>(curandStateXORWOW*, int))>(curandStateXORWOW*, float*, unsigned long, unsigned long, int)",1,"half_precision_fu_utilization","Half-Precision Function Unit Utilization","Idle (0)","Idle (0)","Idle (0)"
"GeForce GTX 1080 Ti (0)","void gen_sequenced<curandStateXORWOW, float, int, __operator_&__(float curand_uniform_noargs<curandStateXORWOW>(curandStateXORWOW*, int))>(curandStateXORWOW*, float*, unsigned long, unsigned long, int)",1,"ecc_transactions","ECC Transactions",0,0,0
"GeForce GTX 1080 Ti (0)","void gen_sequenced<curandStateXORWOW, float, int, __operator_&__(float curand_uniform_noargs<curandStateXORWOW>(curandStateXORWOW*, int))>(curandStateXORWOW*, float*, unsigned long, unsigned long, int)",1,"ecc_throughput","ECC Throughput",0.000000B/s,0.000000B/s,0.000000B/s
"GeForce GTX 1080 Ti (0)","generate_seed_pseudo(unsigned __int64, unsigned __int64, unsigned __int64, curandOrdering, curandStateXORWOW*, unsigned int*)",1,"inst_per_warp","Instructions per warp",65201.515625,65201.515625,65201.515625
"GeForce GTX 1080 Ti (0)","generate_seed_pseudo(unsigned __int64, unsigned __int64, unsigned __int64, curandOrdering, curandStateXORWOW*, unsigned int*)",1,"branch_efficiency","Branch Efficiency",99.936445%,99.936445%,99.936445%
"GeForce GTX 1080 Ti (0)","generate_seed_pseudo(unsigned __int64, unsigned __int64, unsigned __int64, curandOrdering, curandStateXORWOW*, unsigned int*)",1,"warp_execution_efficiency","Warp Execution Efficiency",73.461739%,73.461739%,73.461739%
"GeForce GTX 1080 Ti (0)","generate_seed_pseudo(unsigned __int64, unsigned __int64, unsigned __int64, curandOrdering, curandStateXORWOW*, unsigned int*)",1,"warp_nonpred_execution_efficiency","Warp Non-Predicated Execution Efficiency",50.453533%,50.453533%,50.453533%
"GeForce GTX 1080 Ti (0)","generate_seed_pseudo(unsigned __int64, unsigned __int64, unsigned __int64, curandOrdering, curandStateXORWOW*, unsigned int*)",1,"inst_replay_overhead","Instruction Replay Overhead",0.000092,0.000092,0.000092
"GeForce GTX 1080 Ti (0)","generate_seed_pseudo(unsigned __int64, unsigned __int64, unsigned __int64, curandOrdering, curandStateXORWOW*, unsigned int*)",1,"shared_load_transactions_per_request","Shared Memory Load Transactions Per Request",0.000000,0.000000,0.000000
"GeForce GTX 1080 Ti (0)","generate_seed_pseudo(unsigned __int64, unsigned __int64, unsigned __int64, curandOrdering, curandStateXORWOW*, unsigned int*)",1,"shared_store_transactions_per_request","Shared Memory Store Transactions Per Request",0.000000,0.000000,0.000000
"GeForce GTX 1080 Ti (0)","generate_seed_pseudo(unsigned __int64, unsigned __int64, unsigned __int64, curandOrdering, curandStateXORWOW*, unsigned int*)",1,"local_load_transactions_per_request","Local Memory Load Transactions Per Request",0.000000,0.000000,0.000000
"GeForce GTX 1080 Ti (0)","generate_seed_pseudo(unsigned __int64, unsigned __int64, unsigned __int64, curandOrdering, curandStateXORWOW*, unsigned int*)",1,"local_store_transactions_per_request","Local Memory Store Transactions Per Request",0.000000,0.000000,0.000000
"GeForce GTX 1080 Ti (0)","generate_seed_pseudo(unsigned __int64, unsigned __int64, unsigned __int64, curandOrdering, curandStateXORWOW*, unsigned int*)",1,"gld_transactions_per_request","Global Load Transactions Per Request",6.338071,6.338071,6.338071
"GeForce GTX 1080 Ti (0)","generate_seed_pseudo(unsigned __int64, unsigned __int64, unsigned __int64, curandOrdering, curandStateXORWOW*, unsigned int*)",1,"gst_transactions_per_request","Global Store Transactions Per Request",13.327439,13.327439,13.327439
"GeForce GTX 1080 Ti (0)","generate_seed_pseudo(unsigned __int64, unsigned __int64, unsigned __int64, curandOrdering, curandStateXORWOW*, unsigned int*)",1,"shared_store_transactions","Shared Store Transactions",0,0,0
"GeForce GTX 1080 Ti (0)","generate_seed_pseudo(unsigned __int64, unsigned __int64, unsigned __int64, curandOrdering, curandStateXORWOW*, unsigned int*)",1,"shared_load_transactions","Shared Load Transactions",0,0,0
"GeForce GTX 1080 Ti (0)","generate_seed_pseudo(unsigned __int64, unsigned __int64, unsigned __int64, curandOrdering, curandStateXORWOW*, unsigned int*)",1,"local_load_transactions","Local Load Transactions",0,0,0
"GeForce GTX 1080 Ti (0)","generate_seed_pseudo(unsigned __int64, unsigned __int64, unsigned __int64, curandOrdering, curandStateXORWOW*, unsigned int*)",1,"local_store_transactions","Local Store Transactions",0,0,0
"GeForce GTX 1080 Ti (0)","generate_seed_pseudo(unsigned __int64, unsigned __int64, unsigned __int64, curandOrdering, curandStateXORWOW*, unsigned int*)",1,"gld_transactions","Global Load Transactions",8524047,8524047,8524047
"GeForce GTX 1080 Ti (0)","generate_seed_pseudo(unsigned __int64, unsigned __int64, unsigned __int64, curandOrdering, curandStateXORWOW*, unsigned int*)",1,"gst_transactions","Global Store Transactions",15203090,15203090,15203090
"GeForce GTX 1080 Ti (0)","generate_seed_pseudo(unsigned __int64, unsigned __int64, unsigned __int64, curandOrdering, curandStateXORWOW*, unsigned int*)",1,"sysmem_read_transactions","System Memory Read Transactions",0,0,0
"GeForce GTX 1080 Ti (0)","generate_seed_pseudo(unsigned __int64, unsigned __int64, unsigned __int64, curandOrdering, curandStateXORWOW*, unsigned int*)",1,"sysmem_write_transactions","System Memory Write Transactions",5,5,5
"GeForce GTX 1080 Ti (0)","generate_seed_pseudo(unsigned __int64, unsigned __int64, unsigned __int64, curandOrdering, curandStateXORWOW*, unsigned int*)",1,"l2_read_transactions","L2 Read Transactions",5616878,5616878,5616878
"GeForce GTX 1080 Ti (0)","generate_seed_pseudo(unsigned __int64, unsigned __int64, unsigned __int64, curandOrdering, curandStateXORWOW*, unsigned int*)",1,"l2_write_transactions","L2 Write Transactions",15203103,15203103,15203103
"GeForce GTX 1080 Ti (0)","generate_seed_pseudo(unsigned __int64, unsigned __int64, unsigned __int64, curandOrdering, curandStateXORWOW*, unsigned int*)",1,"global_hit_rate","Global Hit Rate",34.123521%,34.123521%,34.123521%
"GeForce GTX 1080 Ti (0)","generate_seed_pseudo(unsigned __int64, unsigned __int64, unsigned __int64, curandOrdering, curandStateXORWOW*, unsigned int*)",1,"local_hit_rate","Local Hit Rate",0.000000%,0.000000%,0.000000%
"GeForce GTX 1080 Ti (0)","generate_seed_pseudo(unsigned __int64, unsigned __int64, unsigned __int64, curandOrdering, curandStateXORWOW*, unsigned int*)",1,"gld_requested_throughput","Requested Global Load Throughput",7.954335GB/s,7.954335GB/s,7.953495GB/s
"GeForce GTX 1080 Ti (0)","generate_seed_pseudo(unsigned __int64, unsigned __int64, unsigned __int64, curandOrdering, curandStateXORWOW*, unsigned int*)",1,"gst_requested_throughput","Requested Global Store Throughput",21.558935GB/s,21.558935GB/s,21.558255GB/s
"GeForce GTX 1080 Ti (0)","generate_seed_pseudo(unsigned __int64, unsigned __int64, unsigned __int64, curandOrdering, curandStateXORWOW*, unsigned int*)",1,"gld_throughput","Global Load Throughput",63.634679GB/s,63.634679GB/s,63.634478GB/s
"GeForce GTX 1080 Ti (0)","generate_seed_pseudo(unsigned __int64, unsigned __int64, unsigned __int64, curandOrdering, curandStateXORWOW*, unsigned int*)",1,"gst_throughput","Global Store Throughput",172.285811GB/s,172.285811GB/s,172.285363GB/s
"GeForce GTX 1080 Ti (0)","generate_seed_pseudo(unsigned __int64, unsigned __int64, unsigned __int64, curandOrdering, curandStateXORWOW*, unsigned int*)",1,"local_memory_overhead","Local Memory Overhead",0.000000%,0.000000%,0.000000%
"GeForce GTX 1080 Ti (0)","generate_seed_pseudo(unsigned __int64, unsigned __int64, unsigned __int64, curandOrdering, curandStateXORWOW*, unsigned int*)",1,"tex_cache_hit_rate","Unified Cache Hit Rate",12.258980%,12.258980%,12.258980%
"GeForce GTX 1080 Ti (0)","generate_seed_pseudo(unsigned __int64, unsigned __int64, unsigned __int64, curandOrdering, curandStateXORWOW*, unsigned int*)",1,"l2_tex_read_hit_rate","L2 Hit Rate (Texture Reads)",99.917547%,99.917547%,99.917547%
"GeForce GTX 1080 Ti (0)","generate_seed_pseudo(unsigned __int64, unsigned __int64, unsigned __int64, curandOrdering, curandStateXORWOW*, unsigned int*)",1,"l2_tex_write_hit_rate","L2 Hit Rate (Texture Writes)",99.937513%,99.937513%,99.937513%
"GeForce GTX 1080 Ti (0)","generate_seed_pseudo(unsigned __int64, unsigned __int64, unsigned __int64, curandOrdering, curandStateXORWOW*, unsigned int*)",1,"tex_cache_throughput","Unified Cache Throughput",55.443111GB/s,55.443111GB/s,55.442564GB/s
"GeForce GTX 1080 Ti (0)","generate_seed_pseudo(unsigned __int64, unsigned __int64, unsigned __int64, curandOrdering, curandStateXORWOW*, unsigned int*)",1,"l2_tex_read_throughput","L2 Throughput (Texture Reads)",63.634679GB/s,63.634679GB/s,63.634478GB/s
"GeForce GTX 1080 Ti (0)","generate_seed_pseudo(unsigned __int64, unsigned __int64, unsigned __int64, curandOrdering, curandStateXORWOW*, unsigned int*)",1,"l2_tex_write_throughput","L2 Throughput (Texture Writes)",172.285811GB/s,172.285811GB/s,172.285363GB/s
"GeForce GTX 1080 Ti (0)","generate_seed_pseudo(unsigned __int64, unsigned __int64, unsigned __int64, curandOrdering, curandStateXORWOW*, unsigned int*)",1,"l2_read_throughput","L2 Throughput (Reads)",63.652085GB/s,63.652085GB/s,63.651241GB/s
"GeForce GTX 1080 Ti (0)","generate_seed_pseudo(unsigned __int64, unsigned __int64, unsigned __int64, curandOrdering, curandStateXORWOW*, unsigned int*)",1,"l2_write_throughput","L2 Throughput (Writes)",172.285958GB/s,172.285958GB/s,172.285363GB/s
"GeForce GTX 1080 Ti (0)","generate_seed_pseudo(unsigned __int64, unsigned __int64, unsigned __int64, curandOrdering, curandStateXORWOW*, unsigned int*)",1,"sysmem_read_throughput","System Memory Read Throughput",0.000000B/s,0.000000B/s,0.000000B/s
"GeForce GTX 1080 Ti (0)","generate_seed_pseudo(unsigned __int64, unsigned __int64, unsigned __int64, curandOrdering, curandStateXORWOW*, unsigned int*)",1,"sysmem_write_throughput","System Memory Write Throughput",59.413086KB/s,59.413086KB/s,0.000000B/s
"GeForce GTX 1080 Ti (0)","generate_seed_pseudo(unsigned __int64, unsigned __int64, unsigned __int64, curandOrdering, curandStateXORWOW*, unsigned int*)",1,"local_load_throughput","Local Memory Load Throughput",0.000000B/s,0.000000B/s,0.000000B/s
"GeForce GTX 1080 Ti (0)","generate_seed_pseudo(unsigned __int64, unsigned __int64, unsigned __int64, curandOrdering, curandStateXORWOW*, unsigned int*)",1,"local_store_throughput","Local Memory Store Throughput",0.000000B/s,0.000000B/s,0.000000B/s
"GeForce GTX 1080 Ti (0)","generate_seed_pseudo(unsigned __int64, unsigned __int64, unsigned __int64, curandOrdering, curandStateXORWOW*, unsigned int*)",1,"shared_load_throughput","Shared Memory Load Throughput",0.000000B/s,0.000000B/s,0.000000B/s
"GeForce GTX 1080 Ti (0)","generate_seed_pseudo(unsigned __int64, unsigned __int64, unsigned __int64, curandOrdering, curandStateXORWOW*, unsigned int*)",1,"shared_store_throughput","Shared Memory Store Throughput",0.000000B/s,0.000000B/s,0.000000B/s
"GeForce GTX 1080 Ti (0)","generate_seed_pseudo(unsigned __int64, unsigned __int64, unsigned __int64, curandOrdering, curandStateXORWOW*, unsigned int*)",1,"gld_efficiency","Global Memory Load Efficiency",12.500000%,12.500000%,12.500000%
"GeForce GTX 1080 Ti (0)","generate_seed_pseudo(unsigned __int64, unsigned __int64, unsigned __int64, curandOrdering, curandStateXORWOW*, unsigned int*)",1,"gst_efficiency","Global Memory Store Efficiency",12.513471%,12.513471%,12.513471%
"GeForce GTX 1080 Ti (0)","generate_seed_pseudo(unsigned __int64, unsigned __int64, unsigned __int64, curandOrdering, curandStateXORWOW*, unsigned int*)",1,"tex_cache_transactions","Unified Cache Transactions",4892490,4892490,4892490
"GeForce GTX 1080 Ti (0)","generate_seed_pseudo(unsigned __int64, unsigned __int64, unsigned __int64, curandOrdering, curandStateXORWOW*, unsigned int*)",1,"flop_count_dp","Floating Point Operations(Double Precision)",0,0,0
"GeForce GTX 1080 Ti (0)","generate_seed_pseudo(unsigned __int64, unsigned __int64, unsigned __int64, curandOrdering, curandStateXORWOW*, unsigned int*)",1,"flop_count_dp_add","Floating Point Operations(Double Precision Add)",0,0,0
"GeForce GTX 1080 Ti (0)","generate_seed_pseudo(unsigned __int64, unsigned __int64, unsigned __int64, curandOrdering, curandStateXORWOW*, unsigned int*)",1,"flop_count_dp_fma","Floating Point Operations(Double Precision FMA)",0,0,0
"GeForce GTX 1080 Ti (0)","generate_seed_pseudo(unsigned __int64, unsigned __int64, unsigned __int64, curandOrdering, curandStateXORWOW*, unsigned int*)",1,"flop_count_dp_mul","Floating Point Operations(Double Precision Mul)",0,0,0
"GeForce GTX 1080 Ti (0)","generate_seed_pseudo(unsigned __int64, unsigned __int64, unsigned __int64, curandOrdering, curandStateXORWOW*, unsigned int*)",1,"flop_count_sp","Floating Point Operations(Single Precision)",0,0,0
"GeForce GTX 1080 Ti (0)","generate_seed_pseudo(unsigned __int64, unsigned __int64, unsigned __int64, curandOrdering, curandStateXORWOW*, unsigned int*)",1,"flop_count_sp_add","Floating Point Operations(Single Precision Add)",0,0,0
"GeForce GTX 1080 Ti (0)","generate_seed_pseudo(unsigned __int64, unsigned __int64, unsigned __int64, curandOrdering, curandStateXORWOW*, unsigned int*)",1,"flop_count_sp_fma","Floating Point Operations(Single Precision FMA)",0,0,0
"GeForce GTX 1080 Ti (0)","generate_seed_pseudo(unsigned __int64, unsigned __int64, unsigned __int64, curandOrdering, curandStateXORWOW*, unsigned int*)",1,"flop_count_sp_mul","Floating Point Operation(Single Precision Mul)",0,0,0
"GeForce GTX 1080 Ti (0)","generate_seed_pseudo(unsigned __int64, unsigned __int64, unsigned __int64, curandOrdering, curandStateXORWOW*, unsigned int*)",1,"flop_count_sp_special","Floating Point Operations(Single Precision Special)",0,0,0
"GeForce GTX 1080 Ti (0)","generate_seed_pseudo(unsigned __int64, unsigned __int64, unsigned __int64, curandOrdering, curandStateXORWOW*, unsigned int*)",1,"inst_executed","Instructions Executed",8345794,8345794,8345794
"GeForce GTX 1080 Ti (0)","generate_seed_pseudo(unsigned __int64, unsigned __int64, unsigned __int64, curandOrdering, curandStateXORWOW*, unsigned int*)",1,"inst_issued","Instructions Issued",8346562,8346562,8346562
"GeForce GTX 1080 Ti (0)","generate_seed_pseudo(unsigned __int64, unsigned __int64, unsigned __int64, curandOrdering, curandStateXORWOW*, unsigned int*)",1,"sysmem_utilization","System Memory Utilization","Low (1)","Low (1)","Low (1)"
"GeForce GTX 1080 Ti (0)","generate_seed_pseudo(unsigned __int64, unsigned __int64, unsigned __int64, curandOrdering, curandStateXORWOW*, unsigned int*)",1,"stall_inst_fetch","Issue Stall Reasons (Instructions Fetch)",2.340670%,2.340670%,2.340670%
"GeForce GTX 1080 Ti (0)","generate_seed_pseudo(unsigned __int64, unsigned __int64, unsigned __int64, curandOrdering, curandStateXORWOW*, unsigned int*)",1,"stall_exec_dependency","Issue Stall Reasons (Execution Dependency)",7.902818%,7.902818%,7.902818%
"GeForce GTX 1080 Ti (0)","generate_seed_pseudo(unsigned __int64, unsigned __int64, unsigned __int64, curandOrdering, curandStateXORWOW*, unsigned int*)",1,"stall_memory_dependency","Issue Stall Reasons (Data Request)",88.208365%,88.208365%,88.208365%
"GeForce GTX 1080 Ti (0)","generate_seed_pseudo(unsigned __int64, unsigned __int64, unsigned __int64, curandOrdering, curandStateXORWOW*, unsigned int*)",1,"stall_texture","Issue Stall Reasons (Texture)",0.000000%,0.000000%,0.000000%
"GeForce GTX 1080 Ti (0)","generate_seed_pseudo(unsigned __int64, unsigned __int64, unsigned __int64, curandOrdering, curandStateXORWOW*, unsigned int*)",1,"stall_sync","Issue Stall Reasons (Synchronization)",0.000000%,0.000000%,0.000000%
"GeForce GTX 1080 Ti (0)","generate_seed_pseudo(unsigned __int64, unsigned __int64, unsigned __int64, curandOrdering, curandStateXORWOW*, unsigned int*)",1,"stall_other","Issue Stall Reasons (Other)",1.474609%,1.474609%,1.474609%
"GeForce GTX 1080 Ti (0)","generate_seed_pseudo(unsigned __int64, unsigned __int64, unsigned __int64, curandOrdering, curandStateXORWOW*, unsigned int*)",1,"stall_constant_memory_dependency","Issue Stall Reasons (Immediate constant)",0.030726%,0.030726%,0.030726%
"GeForce GTX 1080 Ti (0)","generate_seed_pseudo(unsigned __int64, unsigned __int64, unsigned __int64, curandOrdering, curandStateXORWOW*, unsigned int*)",1,"stall_pipe_busy","Issue Stall Reasons (Pipe Busy)",0.037780%,0.037780%,0.037780%
"GeForce GTX 1080 Ti (0)","generate_seed_pseudo(unsigned __int64, unsigned __int64, unsigned __int64, curandOrdering, curandStateXORWOW*, unsigned int*)",1,"shared_efficiency","Shared Memory Efficiency",0.000000%,0.000000%,0.000000%
"GeForce GTX 1080 Ti (0)","generate_seed_pseudo(unsigned __int64, unsigned __int64, unsigned __int64, curandOrdering, curandStateXORWOW*, unsigned int*)",1,"inst_fp_32","FP Instructions(Single)",0,0,0
"GeForce GTX 1080 Ti (0)","generate_seed_pseudo(unsigned __int64, unsigned __int64, unsigned __int64, curandOrdering, curandStateXORWOW*, unsigned int*)",1,"inst_fp_64","FP Instructions(Double)",0,0,0
"GeForce GTX 1080 Ti (0)","generate_seed_pseudo(unsigned __int64, unsigned __int64, unsigned __int64, curandOrdering, curandStateXORWOW*, unsigned int*)",1,"inst_integer","Integer Instructions",65983253,65983253,65983253
"GeForce GTX 1080 Ti (0)","generate_seed_pseudo(unsigned __int64, unsigned __int64, unsigned __int64, curandOrdering, curandStateXORWOW*, unsigned int*)",1,"inst_bit_convert","Bit-Convert Instructions",0,0,0
"GeForce GTX 1080 Ti (0)","generate_seed_pseudo(unsigned __int64, unsigned __int64, unsigned __int64, curandOrdering, curandStateXORWOW*, unsigned int*)",1,"inst_control","Control-Flow Instructions",11951272,11951272,11951272
"GeForce GTX 1080 Ti (0)","generate_seed_pseudo(unsigned __int64, unsigned __int64, unsigned __int64, curandOrdering, curandStateXORWOW*, unsigned int*)",1,"inst_compute_ld_st","Load/Store Instructions",34445842,34445842,34445842
"GeForce GTX 1080 Ti (0)","generate_seed_pseudo(unsigned __int64, unsigned __int64, unsigned __int64, curandOrdering, curandStateXORWOW*, unsigned int*)",1,"inst_misc","Misc Instructions",22363581,22363581,22363581
"GeForce GTX 1080 Ti (0)","generate_seed_pseudo(unsigned __int64, unsigned __int64, unsigned __int64, curandOrdering, curandStateXORWOW*, unsigned int*)",1,"inst_inter_thread_communication","Inter-Thread Instructions",0,0,0
"GeForce GTX 1080 Ti (0)","generate_seed_pseudo(unsigned __int64, unsigned __int64, unsigned __int64, curandOrdering, curandStateXORWOW*, unsigned int*)",1,"issue_slots","Issue Slots",7306262,7306262,7306262
"GeForce GTX 1080 Ti (0)","generate_seed_pseudo(unsigned __int64, unsigned __int64, unsigned __int64, curandOrdering, curandStateXORWOW*, unsigned int*)",1,"cf_issued","Issued Control-Flow Instructions",910948,910948,910948
"GeForce GTX 1080 Ti (0)","generate_seed_pseudo(unsigned __int64, unsigned __int64, unsigned __int64, curandOrdering, curandStateXORWOW*, unsigned int*)",1,"cf_executed","Executed Control-Flow Instructions",910948,910948,910948
"GeForce GTX 1080 Ti (0)","generate_seed_pseudo(unsigned __int64, unsigned __int64, unsigned __int64, curandOrdering, curandStateXORWOW*, unsigned int*)",1,"ldst_issued","Issued Load/Store Instructions",8979819,8979819,8979819
"GeForce GTX 1080 Ti (0)","generate_seed_pseudo(unsigned __int64, unsigned __int64, unsigned __int64, curandOrdering, curandStateXORWOW*, unsigned int*)",1,"ldst_executed","Executed Load/Store Instructions",2485888,2485888,2485888
"GeForce GTX 1080 Ti (0)","generate_seed_pseudo(unsigned __int64, unsigned __int64, unsigned __int64, curandOrdering, curandStateXORWOW*, unsigned int*)",1,"atomic_transactions","Atomic Transactions",0,0,0
"GeForce GTX 1080 Ti (0)","generate_seed_pseudo(unsigned __int64, unsigned __int64, unsigned __int64, curandOrdering, curandStateXORWOW*, unsigned int*)",1,"atomic_transactions_per_request","Atomic Transactions Per Request",0.000000,0.000000,0.000000
"GeForce GTX 1080 Ti (0)","generate_seed_pseudo(unsigned __int64, unsigned __int64, unsigned __int64, curandOrdering, curandStateXORWOW*, unsigned int*)",1,"l2_atomic_throughput","L2 Throughput (Atomic requests)",0.000000B/s,0.000000B/s,0.000000B/s
"GeForce GTX 1080 Ti (0)","generate_seed_pseudo(unsigned __int64, unsigned __int64, unsigned __int64, curandOrdering, curandStateXORWOW*, unsigned int*)",1,"l2_atomic_transactions","L2 Transactions (Atomic requests)",0,0,0
"GeForce GTX 1080 Ti (0)","generate_seed_pseudo(unsigned __int64, unsigned __int64, unsigned __int64, curandOrdering, curandStateXORWOW*, unsigned int*)",1,"l2_tex_read_transactions","L2 Transactions (Texture Reads)",5615342,5615342,5615342
"GeForce GTX 1080 Ti (0)","generate_seed_pseudo(unsigned __int64, unsigned __int64, unsigned __int64, curandOrdering, curandStateXORWOW*, unsigned int*)",1,"stall_memory_throttle","Issue Stall Reasons (Memory Throttle)",0.000814%,0.000814%,0.000814%
"GeForce GTX 1080 Ti (0)","generate_seed_pseudo(unsigned __int64, unsigned __int64, unsigned __int64, curandOrdering, curandStateXORWOW*, unsigned int*)",1,"stall_not_selected","Issue Stall Reasons (Not Selected)",0.004218%,0.004218%,0.004218%
"GeForce GTX 1080 Ti (0)","generate_seed_pseudo(unsigned __int64, unsigned __int64, unsigned __int64, curandOrdering, curandStateXORWOW*, unsigned int*)",1,"l2_tex_write_transactions","L2 Transactions (Texture Writes)",15203090,15203090,15203090
"GeForce GTX 1080 Ti (0)","generate_seed_pseudo(unsigned __int64, unsigned __int64, unsigned __int64, curandOrdering, curandStateXORWOW*, unsigned int*)",1,"flop_count_hp","Floating Point Operations(Half Precision)",0,0,0
"GeForce GTX 1080 Ti (0)","generate_seed_pseudo(unsigned __int64, unsigned __int64, unsigned __int64, curandOrdering, curandStateXORWOW*, unsigned int*)",1,"flop_count_hp_add","Floating Point Operations(Half Precision Add)",0,0,0
"GeForce GTX 1080 Ti (0)","generate_seed_pseudo(unsigned __int64, unsigned __int64, unsigned __int64, curandOrdering, curandStateXORWOW*, unsigned int*)",1,"flop_count_hp_mul","Floating Point Operation(Half Precision Mul)",0,0,0
"GeForce GTX 1080 Ti (0)","generate_seed_pseudo(unsigned __int64, unsigned __int64, unsigned __int64, curandOrdering, curandStateXORWOW*, unsigned int*)",1,"flop_count_hp_fma","Floating Point Operations(Half Precision FMA)",0,0,0
"GeForce GTX 1080 Ti (0)","generate_seed_pseudo(unsigned __int64, unsigned __int64, unsigned __int64, curandOrdering, curandStateXORWOW*, unsigned int*)",1,"inst_fp_16","HP Instructions(Half)",0,0,0
"GeForce GTX 1080 Ti (0)","generate_seed_pseudo(unsigned __int64, unsigned __int64, unsigned __int64, curandOrdering, curandStateXORWOW*, unsigned int*)",1,"sysmem_read_utilization","System Memory Read Utilization","Idle (0)","Idle (0)","Idle (0)"
"GeForce GTX 1080 Ti (0)","generate_seed_pseudo(unsigned __int64, unsigned __int64, unsigned __int64, curandOrdering, curandStateXORWOW*, unsigned int*)",1,"sysmem_write_utilization","System Memory Write Utilization","Low (1)","Low (1)","Low (1)"
"GeForce GTX 1080 Ti (0)","generate_seed_pseudo(unsigned __int64, unsigned __int64, unsigned __int64, curandOrdering, curandStateXORWOW*, unsigned int*)",1,"sm_activity","Multiprocessor Activity",79.746448%,79.746448%,79.746448%
"GeForce GTX 1080 Ti (0)","generate_seed_pseudo(unsigned __int64, unsigned __int64, unsigned __int64, curandOrdering, curandStateXORWOW*, unsigned int*)",1,"achieved_occupancy","Achieved Occupancy",0.059514,0.059514,0.059514
"GeForce GTX 1080 Ti (0)","generate_seed_pseudo(unsigned __int64, unsigned __int64, unsigned __int64, curandOrdering, curandStateXORWOW*, unsigned int*)",1,"executed_ipc","Executed IPC",0.083851,0.083851,0.083851
"GeForce GTX 1080 Ti (0)","generate_seed_pseudo(unsigned __int64, unsigned __int64, unsigned __int64, curandOrdering, curandStateXORWOW*, unsigned int*)",1,"issued_ipc","Issued IPC",0.083854,0.083854,0.083854
"GeForce GTX 1080 Ti (0)","generate_seed_pseudo(unsigned __int64, unsigned __int64, unsigned __int64, curandOrdering, curandStateXORWOW*, unsigned int*)",1,"issue_slot_utilization","Issue Slot Utilization",1.835072%,1.835072%,1.835072%
"GeForce GTX 1080 Ti (0)","generate_seed_pseudo(unsigned __int64, unsigned __int64, unsigned __int64, curandOrdering, curandStateXORWOW*, unsigned int*)",1,"eligible_warps_per_cycle","Eligible Warps Per Active Cycle",0.073558,0.073558,0.073558
"GeForce GTX 1080 Ti (0)","generate_seed_pseudo(unsigned __int64, unsigned __int64, unsigned __int64, curandOrdering, curandStateXORWOW*, unsigned int*)",1,"tex_utilization","Unified Cache Utilization","Low (1)","Low (1)","Low (1)"
"GeForce GTX 1080 Ti (0)","generate_seed_pseudo(unsigned __int64, unsigned __int64, unsigned __int64, curandOrdering, curandStateXORWOW*, unsigned int*)",1,"l2_utilization","L2 Cache Utilization","Low (2)","Low (2)","Low (2)"
"GeForce GTX 1080 Ti (0)","generate_seed_pseudo(unsigned __int64, unsigned __int64, unsigned __int64, curandOrdering, curandStateXORWOW*, unsigned int*)",1,"shared_utilization","Shared Memory Utilization","Idle (0)","Idle (0)","Idle (0)"
"GeForce GTX 1080 Ti (0)","generate_seed_pseudo(unsigned __int64, unsigned __int64, unsigned __int64, curandOrdering, curandStateXORWOW*, unsigned int*)",1,"ldst_fu_utilization","Load/Store Function Unit Utilization","Low (1)","Low (1)","Low (1)"
"GeForce GTX 1080 Ti (0)","generate_seed_pseudo(unsigned __int64, unsigned __int64, unsigned __int64, curandOrdering, curandStateXORWOW*, unsigned int*)",1,"cf_fu_utilization","Control-Flow Function Unit Utilization","Low (1)","Low (1)","Low (1)"
"GeForce GTX 1080 Ti (0)","generate_seed_pseudo(unsigned __int64, unsigned __int64, unsigned __int64, curandOrdering, curandStateXORWOW*, unsigned int*)",1,"special_fu_utilization","Special Function Unit Utilization","Idle (0)","Idle (0)","Idle (0)"
"GeForce GTX 1080 Ti (0)","generate_seed_pseudo(unsigned __int64, unsigned __int64, unsigned __int64, curandOrdering, curandStateXORWOW*, unsigned int*)",1,"tex_fu_utilization","Texture Function Unit Utilization","Low (1)","Low (1)","Low (1)"
"GeForce GTX 1080 Ti (0)","generate_seed_pseudo(unsigned __int64, unsigned __int64, unsigned __int64, curandOrdering, curandStateXORWOW*, unsigned int*)",1,"single_precision_fu_utilization","Single-Precision Function Unit Utilization","Low (1)","Low (1)","Low (1)"
"GeForce GTX 1080 Ti (0)","generate_seed_pseudo(unsigned __int64, unsigned __int64, unsigned __int64, curandOrdering, curandStateXORWOW*, unsigned int*)",1,"double_precision_fu_utilization","Double-Precision Function Unit Utilization","Idle (0)","Idle (0)","Idle (0)"
"GeForce GTX 1080 Ti (0)","generate_seed_pseudo(unsigned __int64, unsigned __int64, unsigned __int64, curandOrdering, curandStateXORWOW*, unsigned int*)",1,"flop_hp_efficiency","FLOP Efficiency(Peak Half)",0.000000%,0.000000%,0.000000%
"GeForce GTX 1080 Ti (0)","generate_seed_pseudo(unsigned __int64, unsigned __int64, unsigned __int64, curandOrdering, curandStateXORWOW*, unsigned int*)",1,"flop_sp_efficiency","FLOP Efficiency(Peak Single)",0.000000%,0.000000%,0.000000%
"GeForce GTX 1080 Ti (0)","generate_seed_pseudo(unsigned __int64, unsigned __int64, unsigned __int64, curandOrdering, curandStateXORWOW*, unsigned int*)",1,"flop_dp_efficiency","FLOP Efficiency(Peak Double)",0.000000%,0.000000%,0.000000%
"GeForce GTX 1080 Ti (0)","generate_seed_pseudo(unsigned __int64, unsigned __int64, unsigned __int64, curandOrdering, curandStateXORWOW*, unsigned int*)",1,"dram_read_transactions","Device Memory Read Transactions",4409,4409,4409
"GeForce GTX 1080 Ti (0)","generate_seed_pseudo(unsigned __int64, unsigned __int64, unsigned __int64, curandOrdering, curandStateXORWOW*, unsigned int*)",1,"dram_write_transactions","Device Memory Write Transactions",51000,51000,51000
"GeForce GTX 1080 Ti (0)","generate_seed_pseudo(unsigned __int64, unsigned __int64, unsigned __int64, curandOrdering, curandStateXORWOW*, unsigned int*)",1,"dram_read_throughput","Device Memory Read Throughput",51.163199MB/s,51.163199MB/s,50.544739MB/s
"GeForce GTX 1080 Ti (0)","generate_seed_pseudo(unsigned __int64, unsigned __int64, unsigned __int64, curandOrdering, curandStateXORWOW*, unsigned int*)",1,"dram_write_throughput","Device Memory Write Throughput",591.817464MB/s,591.817464MB/s,591.278076MB/s
"GeForce GTX 1080 Ti (0)","generate_seed_pseudo(unsigned __int64, unsigned __int64, unsigned __int64, curandOrdering, curandStateXORWOW*, unsigned int*)",1,"dram_utilization","Device Memory Utilization","Low (1)","Low (1)","Low (1)"
"GeForce GTX 1080 Ti (0)","generate_seed_pseudo(unsigned __int64, unsigned __int64, unsigned __int64, curandOrdering, curandStateXORWOW*, unsigned int*)",1,"half_precision_fu_utilization","Half-Precision Function Unit Utilization","Idle (0)","Idle (0)","Idle (0)"
"GeForce GTX 1080 Ti (0)","generate_seed_pseudo(unsigned __int64, unsigned __int64, unsigned __int64, curandOrdering, curandStateXORWOW*, unsigned int*)",1,"ecc_transactions","ECC Transactions",0,0,0
"GeForce GTX 1080 Ti (0)","generate_seed_pseudo(unsigned __int64, unsigned __int64, unsigned __int64, curandOrdering, curandStateXORWOW*, unsigned int*)",1,"ecc_throughput","ECC Throughput",0.000000B/s,0.000000B/s,0.000000B/s
