==19561== NVPROF is profiling process 19561, command: ./simpleCUFFT
==19561== Some kernel(s) will be replayed on device 0 in order to collect all events/metrics.
==19561== Profiling application: ./simpleCUFFT
==19561== Profiling result:
==19561== Metric result:
"Device","Kernel","Invocations","Metric Name","Metric Description","Min","Max","Avg"
"GeForce GTX 1080 Ti (0)","ComplexPointwiseMulAndScale(float2*, float2 const *, int, float)",1,"inst_per_warp","Instructions per warp",8.179688,8.179688,8.179688
"GeForce GTX 1080 Ti (0)","ComplexPointwiseMulAndScale(float2*, float2 const *, int, float)",1,"branch_efficiency","Branch Efficiency",100.000000%,100.000000%,100.000000%
"GeForce GTX 1080 Ti (0)","ComplexPointwiseMulAndScale(float2*, float2 const *, int, float)",1,"warp_execution_efficiency","Warp Execution Efficiency",99.725406%,99.725406%,99.725406%
"GeForce GTX 1080 Ti (0)","ComplexPointwiseMulAndScale(float2*, float2 const *, int, float)",1,"warp_nonpred_execution_efficiency","Warp Non-Predicated Execution Efficiency",99.558262%,99.558262%,99.558262%
"GeForce GTX 1080 Ti (0)","ComplexPointwiseMulAndScale(float2*, float2 const *, int, float)",1,"inst_replay_overhead","Instruction Replay Overhead",0.244508,0.244508,0.244508
"GeForce GTX 1080 Ti (0)","ComplexPointwiseMulAndScale(float2*, float2 const *, int, float)",1,"shared_load_transactions_per_request","Shared Memory Load Transactions Per Request",0.000000,0.000000,0.000000
"GeForce GTX 1080 Ti (0)","ComplexPointwiseMulAndScale(float2*, float2 const *, int, float)",1,"shared_store_transactions_per_request","Shared Memory Store Transactions Per Request",0.000000,0.000000,0.000000
"GeForce GTX 1080 Ti (0)","ComplexPointwiseMulAndScale(float2*, float2 const *, int, float)",1,"local_load_transactions_per_request","Local Memory Load Transactions Per Request",0.000000,0.000000,0.000000
"GeForce GTX 1080 Ti (0)","ComplexPointwiseMulAndScale(float2*, float2 const *, int, float)",1,"local_store_transactions_per_request","Local Memory Store Transactions Per Request",0.000000,0.000000,0.000000
"GeForce GTX 1080 Ti (0)","ComplexPointwiseMulAndScale(float2*, float2 const *, int, float)",1,"gld_transactions_per_request","Global Load Transactions Per Request",7.000000,7.000000,7.000000
"GeForce GTX 1080 Ti (0)","ComplexPointwiseMulAndScale(float2*, float2 const *, int, float)",1,"gst_transactions_per_request","Global Store Transactions Per Request",7.000000,7.000000,7.000000
"GeForce GTX 1080 Ti (0)","ComplexPointwiseMulAndScale(float2*, float2 const *, int, float)",1,"shared_store_transactions","Shared Store Transactions",0,0,0
"GeForce GTX 1080 Ti (0)","ComplexPointwiseMulAndScale(float2*, float2 const *, int, float)",1,"shared_load_transactions","Shared Load Transactions",0,0,0
"GeForce GTX 1080 Ti (0)","ComplexPointwiseMulAndScale(float2*, float2 const *, int, float)",1,"local_load_transactions","Local Load Transactions",0,0,0
"GeForce GTX 1080 Ti (0)","ComplexPointwiseMulAndScale(float2*, float2 const *, int, float)",1,"local_store_transactions","Local Store Transactions",0,0,0
"GeForce GTX 1080 Ti (0)","ComplexPointwiseMulAndScale(float2*, float2 const *, int, float)",1,"gld_transactions","Global Load Transactions",28,28,28
"GeForce GTX 1080 Ti (0)","ComplexPointwiseMulAndScale(float2*, float2 const *, int, float)",1,"gst_transactions","Global Store Transactions",14,14,14
"GeForce GTX 1080 Ti (0)","ComplexPointwiseMulAndScale(float2*, float2 const *, int, float)",1,"sysmem_read_transactions","System Memory Read Transactions",0,0,0
"GeForce GTX 1080 Ti (0)","ComplexPointwiseMulAndScale(float2*, float2 const *, int, float)",1,"sysmem_write_transactions","System Memory Write Transactions",5,5,5
"GeForce GTX 1080 Ti (0)","ComplexPointwiseMulAndScale(float2*, float2 const *, int, float)",1,"l2_read_transactions","L2 Read Transactions",124,124,124
"GeForce GTX 1080 Ti (0)","ComplexPointwiseMulAndScale(float2*, float2 const *, int, float)",1,"l2_write_transactions","L2 Write Transactions",27,27,27
"GeForce GTX 1080 Ti (0)","ComplexPointwiseMulAndScale(float2*, float2 const *, int, float)",1,"global_hit_rate","Global Hit Rate",0.000000%,0.000000%,0.000000%
"GeForce GTX 1080 Ti (0)","ComplexPointwiseMulAndScale(float2*, float2 const *, int, float)",1,"local_hit_rate","Local Hit Rate",0.000000%,0.000000%,0.000000%
"GeForce GTX 1080 Ti (0)","ComplexPointwiseMulAndScale(float2*, float2 const *, int, float)",1,"gld_requested_throughput","Requested Global Load Throughput",372.165586MB/s,372.165586MB/s,371.932983MB/s
"GeForce GTX 1080 Ti (0)","ComplexPointwiseMulAndScale(float2*, float2 const *, int, float)",1,"gst_requested_throughput","Requested Global Store Throughput",186.082793MB/s,186.082793MB/s,185.966492MB/s
"GeForce GTX 1080 Ti (0)","ComplexPointwiseMulAndScale(float2*, float2 const *, int, float)",1,"gld_throughput","Global Load Throughput",372.165586MB/s,372.165586MB/s,371.932983MB/s
"GeForce GTX 1080 Ti (0)","ComplexPointwiseMulAndScale(float2*, float2 const *, int, float)",1,"gst_throughput","Global Store Throughput",186.082793MB/s,186.082793MB/s,185.966492MB/s
"GeForce GTX 1080 Ti (0)","ComplexPointwiseMulAndScale(float2*, float2 const *, int, float)",1,"local_memory_overhead","Local Memory Overhead",0.000000%,0.000000%,0.000000%
"GeForce GTX 1080 Ti (0)","ComplexPointwiseMulAndScale(float2*, float2 const *, int, float)",1,"tex_cache_hit_rate","Unified Cache Hit Rate",0.000000%,0.000000%,0.000000%
"GeForce GTX 1080 Ti (0)","ComplexPointwiseMulAndScale(float2*, float2 const *, int, float)",1,"l2_tex_read_hit_rate","L2 Hit Rate (Texture Reads)",100.000000%,100.000000%,100.000000%
"GeForce GTX 1080 Ti (0)","ComplexPointwiseMulAndScale(float2*, float2 const *, int, float)",1,"l2_tex_write_hit_rate","L2 Hit Rate (Texture Writes)",100.000000%,100.000000%,100.000000%
"GeForce GTX 1080 Ti (0)","ComplexPointwiseMulAndScale(float2*, float2 const *, int, float)",1,"tex_cache_throughput","Unified Cache Throughput",425.332099MB/s,425.332099MB/s,424.385071MB/s
"GeForce GTX 1080 Ti (0)","ComplexPointwiseMulAndScale(float2*, float2 const *, int, float)",1,"l2_tex_read_throughput","L2 Throughput (Texture Reads)",372.165586MB/s,372.165586MB/s,371.932983MB/s
"GeForce GTX 1080 Ti (0)","ComplexPointwiseMulAndScale(float2*, float2 const *, int, float)",1,"l2_tex_write_throughput","L2 Throughput (Texture Writes)",186.082793MB/s,186.082793MB/s,185.966492MB/s
"GeForce GTX 1080 Ti (0)","ComplexPointwiseMulAndScale(float2*, float2 const *, int, float)",1,"l2_read_throughput","L2 Throughput (Reads)",1.609533GB/s,1.609533GB/s,1.609325GB/s
"GeForce GTX 1080 Ti (0)","ComplexPointwiseMulAndScale(float2*, float2 const *, int, float)",1,"l2_write_throughput","L2 Throughput (Writes)",358.873959MB/s,358.873959MB/s,358.581543MB/s
"GeForce GTX 1080 Ti (0)","ComplexPointwiseMulAndScale(float2*, float2 const *, int, float)",1,"sysmem_read_throughput","System Memory Read Throughput",0.000000B/s,0.000000B/s,0.000000B/s
"GeForce GTX 1080 Ti (0)","ComplexPointwiseMulAndScale(float2*, float2 const *, int, float)",1,"sysmem_write_throughput","System Memory Write Throughput",66.458140MB/s,66.458140MB/s,65.803528MB/s
"GeForce GTX 1080 Ti (0)","ComplexPointwiseMulAndScale(float2*, float2 const *, int, float)",1,"local_load_throughput","Local Memory Load Throughput",0.000000B/s,0.000000B/s,0.000000B/s
"GeForce GTX 1080 Ti (0)","ComplexPointwiseMulAndScale(float2*, float2 const *, int, float)",1,"local_store_throughput","Local Memory Store Throughput",0.000000B/s,0.000000B/s,0.000000B/s
"GeForce GTX 1080 Ti (0)","ComplexPointwiseMulAndScale(float2*, float2 const *, int, float)",1,"shared_load_throughput","Shared Memory Load Throughput",0.000000B/s,0.000000B/s,0.000000B/s
"GeForce GTX 1080 Ti (0)","ComplexPointwiseMulAndScale(float2*, float2 const *, int, float)",1,"shared_store_throughput","Shared Memory Store Throughput",0.000000B/s,0.000000B/s,0.000000B/s
"GeForce GTX 1080 Ti (0)","ComplexPointwiseMulAndScale(float2*, float2 const *, int, float)",1,"gld_efficiency","Global Memory Load Efficiency",100.000000%,100.000000%,100.000000%
"GeForce GTX 1080 Ti (0)","ComplexPointwiseMulAndScale(float2*, float2 const *, int, float)",1,"gst_efficiency","Global Memory Store Efficiency",100.000000%,100.000000%,100.000000%
"GeForce GTX 1080 Ti (0)","ComplexPointwiseMulAndScale(float2*, float2 const *, int, float)",1,"tex_cache_transactions","Unified Cache Transactions",32,32,32
"GeForce GTX 1080 Ti (0)","ComplexPointwiseMulAndScale(float2*, float2 const *, int, float)",1,"flop_count_dp","Floating Point Operations(Double Precision)",0,0,0
"GeForce GTX 1080 Ti (0)","ComplexPointwiseMulAndScale(float2*, float2 const *, int, float)",1,"flop_count_dp_add","Floating Point Operations(Double Precision Add)",0,0,0
"GeForce GTX 1080 Ti (0)","ComplexPointwiseMulAndScale(float2*, float2 const *, int, float)",1,"flop_count_dp_fma","Floating Point Operations(Double Precision FMA)",0,0,0
"GeForce GTX 1080 Ti (0)","ComplexPointwiseMulAndScale(float2*, float2 const *, int, float)",1,"flop_count_dp_mul","Floating Point Operations(Double Precision Mul)",0,0,0
"GeForce GTX 1080 Ti (0)","ComplexPointwiseMulAndScale(float2*, float2 const *, int, float)",1,"flop_count_sp","Floating Point Operations(Single Precision)",448,448,448
"GeForce GTX 1080 Ti (0)","ComplexPointwiseMulAndScale(float2*, float2 const *, int, float)",1,"flop_count_sp_add","Floating Point Operations(Single Precision Add)",0,0,0
"GeForce GTX 1080 Ti (0)","ComplexPointwiseMulAndScale(float2*, float2 const *, int, float)",1,"flop_count_sp_fma","Floating Point Operations(Single Precision FMA)",112,112,112
"GeForce GTX 1080 Ti (0)","ComplexPointwiseMulAndScale(float2*, float2 const *, int, float)",1,"flop_count_sp_mul","Floating Point Operation(Single Precision Mul)",224,224,224
"GeForce GTX 1080 Ti (0)","ComplexPointwiseMulAndScale(float2*, float2 const *, int, float)",1,"flop_count_sp_special","Floating Point Operations(Single Precision Special)",0,0,0
"GeForce GTX 1080 Ti (0)","ComplexPointwiseMulAndScale(float2*, float2 const *, int, float)",1,"inst_executed","Instructions Executed",2094,2094,2094
"GeForce GTX 1080 Ti (0)","ComplexPointwiseMulAndScale(float2*, float2 const *, int, float)",1,"inst_issued","Instructions Issued",2606,2606,2606
"GeForce GTX 1080 Ti (0)","ComplexPointwiseMulAndScale(float2*, float2 const *, int, float)",1,"sysmem_utilization","System Memory Utilization","Low (2)","Low (2)","Low (2)"
"GeForce GTX 1080 Ti (0)","ComplexPointwiseMulAndScale(float2*, float2 const *, int, float)",1,"stall_inst_fetch","Issue Stall Reasons (Instructions Fetch)",40.325195%,40.325195%,40.325195%
"GeForce GTX 1080 Ti (0)","ComplexPointwiseMulAndScale(float2*, float2 const *, int, float)",1,"stall_exec_dependency","Issue Stall Reasons (Execution Dependency)",6.040445%,6.040445%,6.040445%
"GeForce GTX 1080 Ti (0)","ComplexPointwiseMulAndScale(float2*, float2 const *, int, float)",1,"stall_memory_dependency","Issue Stall Reasons (Data Request)",0.144649%,0.144649%,0.144649%
"GeForce GTX 1080 Ti (0)","ComplexPointwiseMulAndScale(float2*, float2 const *, int, float)",1,"stall_texture","Issue Stall Reasons (Texture)",0.000000%,0.000000%,0.000000%
"GeForce GTX 1080 Ti (0)","ComplexPointwiseMulAndScale(float2*, float2 const *, int, float)",1,"stall_sync","Issue Stall Reasons (Synchronization)",0.000000%,0.000000%,0.000000%
"GeForce GTX 1080 Ti (0)","ComplexPointwiseMulAndScale(float2*, float2 const *, int, float)",1,"stall_other","Issue Stall Reasons (Other)",1.674663%,1.674663%,1.674663%
"GeForce GTX 1080 Ti (0)","ComplexPointwiseMulAndScale(float2*, float2 const *, int, float)",1,"stall_constant_memory_dependency","Issue Stall Reasons (Immediate constant)",51.807229%,51.807229%,51.807229%
"GeForce GTX 1080 Ti (0)","ComplexPointwiseMulAndScale(float2*, float2 const *, int, float)",1,"stall_pipe_busy","Issue Stall Reasons (Pipe Busy)",0.001777%,0.001777%,0.001777%
"GeForce GTX 1080 Ti (0)","ComplexPointwiseMulAndScale(float2*, float2 const *, int, float)",1,"shared_efficiency","Shared Memory Efficiency",0.000000%,0.000000%,0.000000%
"GeForce GTX 1080 Ti (0)","ComplexPointwiseMulAndScale(float2*, float2 const *, int, float)",1,"inst_fp_32","FP Instructions(Single)",336,336,336
"GeForce GTX 1080 Ti (0)","ComplexPointwiseMulAndScale(float2*, float2 const *, int, float)",1,"inst_fp_64","FP Instructions(Double)",0,0,0
"GeForce GTX 1080 Ti (0)","ComplexPointwiseMulAndScale(float2*, float2 const *, int, float)",1,"inst_integer","Integer Instructions",33328,33328,33328
"GeForce GTX 1080 Ti (0)","ComplexPointwiseMulAndScale(float2*, float2 const *, int, float)",1,"inst_bit_convert","Bit-Convert Instructions",0,0,0
"GeForce GTX 1080 Ti (0)","ComplexPointwiseMulAndScale(float2*, float2 const *, int, float)",1,"inst_control","Control-Flow Instructions",8192,8192,8192
"GeForce GTX 1080 Ti (0)","ComplexPointwiseMulAndScale(float2*, float2 const *, int, float)",1,"inst_compute_ld_st","Load/Store Instructions",168,168,168
"GeForce GTX 1080 Ti (0)","ComplexPointwiseMulAndScale(float2*, float2 const *, int, float)",1,"inst_misc","Misc Instructions",24688,24688,24688
"GeForce GTX 1080 Ti (0)","ComplexPointwiseMulAndScale(float2*, float2 const *, int, float)",1,"inst_inter_thread_communication","Inter-Thread Instructions",0,0,0
"GeForce GTX 1080 Ti (0)","ComplexPointwiseMulAndScale(float2*, float2 const *, int, float)",1,"issue_slots","Issue Slots",2602,2602,2602
"GeForce GTX 1080 Ti (0)","ComplexPointwiseMulAndScale(float2*, float2 const *, int, float)",1,"cf_issued","Issued Control-Flow Instructions",260,260,260
"GeForce GTX 1080 Ti (0)","ComplexPointwiseMulAndScale(float2*, float2 const *, int, float)",1,"cf_executed","Executed Control-Flow Instructions",260,260,260
"GeForce GTX 1080 Ti (0)","ComplexPointwiseMulAndScale(float2*, float2 const *, int, float)",1,"ldst_issued","Issued Load/Store Instructions",542,542,542
"GeForce GTX 1080 Ti (0)","ComplexPointwiseMulAndScale(float2*, float2 const *, int, float)",1,"ldst_executed","Executed Load/Store Instructions",518,518,518
"GeForce GTX 1080 Ti (0)","ComplexPointwiseMulAndScale(float2*, float2 const *, int, float)",1,"atomic_transactions","Atomic Transactions",0,0,0
"GeForce GTX 1080 Ti (0)","ComplexPointwiseMulAndScale(float2*, float2 const *, int, float)",1,"atomic_transactions_per_request","Atomic Transactions Per Request",0.000000,0.000000,0.000000
"GeForce GTX 1080 Ti (0)","ComplexPointwiseMulAndScale(float2*, float2 const *, int, float)",1,"l2_atomic_throughput","L2 Throughput (Atomic requests)",0.000000B/s,0.000000B/s,0.000000B/s
"GeForce GTX 1080 Ti (0)","ComplexPointwiseMulAndScale(float2*, float2 const *, int, float)",1,"l2_atomic_transactions","L2 Transactions (Atomic requests)",0,0,0
"GeForce GTX 1080 Ti (0)","ComplexPointwiseMulAndScale(float2*, float2 const *, int, float)",1,"l2_tex_read_transactions","L2 Transactions (Texture Reads)",28,28,28
"GeForce GTX 1080 Ti (0)","ComplexPointwiseMulAndScale(float2*, float2 const *, int, float)",1,"stall_memory_throttle","Issue Stall Reasons (Memory Throttle)",0.000711%,0.000711%,0.000711%
"GeForce GTX 1080 Ti (0)","ComplexPointwiseMulAndScale(float2*, float2 const *, int, float)",1,"stall_not_selected","Issue Stall Reasons (Not Selected)",0.005331%,0.005331%,0.005331%
"GeForce GTX 1080 Ti (0)","ComplexPointwiseMulAndScale(float2*, float2 const *, int, float)",1,"l2_tex_write_transactions","L2 Transactions (Texture Writes)",14,14,14
"GeForce GTX 1080 Ti (0)","ComplexPointwiseMulAndScale(float2*, float2 const *, int, float)",1,"flop_count_hp","Floating Point Operations(Half Precision)",0,0,0
"GeForce GTX 1080 Ti (0)","ComplexPointwiseMulAndScale(float2*, float2 const *, int, float)",1,"flop_count_hp_add","Floating Point Operations(Half Precision Add)",0,0,0
"GeForce GTX 1080 Ti (0)","ComplexPointwiseMulAndScale(float2*, float2 const *, int, float)",1,"flop_count_hp_mul","Floating Point Operation(Half Precision Mul)",0,0,0
"GeForce GTX 1080 Ti (0)","ComplexPointwiseMulAndScale(float2*, float2 const *, int, float)",1,"flop_count_hp_fma","Floating Point Operations(Half Precision FMA)",0,0,0
"GeForce GTX 1080 Ti (0)","ComplexPointwiseMulAndScale(float2*, float2 const *, int, float)",1,"inst_fp_16","HP Instructions(Half)",0,0,0
"GeForce GTX 1080 Ti (0)","ComplexPointwiseMulAndScale(float2*, float2 const *, int, float)",1,"sysmem_read_utilization","System Memory Read Utilization","Idle (0)","Idle (0)","Idle (0)"
"GeForce GTX 1080 Ti (0)","ComplexPointwiseMulAndScale(float2*, float2 const *, int, float)",1,"sysmem_write_utilization","System Memory Write Utilization","Low (2)","Low (2)","Low (2)"
"GeForce GTX 1080 Ti (0)","ComplexPointwiseMulAndScale(float2*, float2 const *, int, float)",1,"sm_activity","Multiprocessor Activity",15.384615%,15.384615%,15.384615%
"GeForce GTX 1080 Ti (0)","ComplexPointwiseMulAndScale(float2*, float2 const *, int, float)",1,"achieved_occupancy","Achieved Occupancy",0.139433,0.139433,0.139433
"GeForce GTX 1080 Ti (0)","ComplexPointwiseMulAndScale(float2*, float2 const *, int, float)",1,"executed_ipc","Executed IPC",0.062777,0.062777,0.062777
"GeForce GTX 1080 Ti (0)","ComplexPointwiseMulAndScale(float2*, float2 const *, int, float)",1,"issued_ipc","Issued IPC",0.122601,0.122601,0.122601
"GeForce GTX 1080 Ti (0)","ComplexPointwiseMulAndScale(float2*, float2 const *, int, float)",1,"issue_slot_utilization","Issue Slot Utilization",3.060312%,3.060312%,3.060312%
"GeForce GTX 1080 Ti (0)","ComplexPointwiseMulAndScale(float2*, float2 const *, int, float)",1,"eligible_warps_per_cycle","Eligible Warps Per Active Cycle",0.122870,0.122870,0.122870
"GeForce GTX 1080 Ti (0)","ComplexPointwiseMulAndScale(float2*, float2 const *, int, float)",1,"tex_utilization","Unified Cache Utilization","Low (1)","Low (1)","Low (1)"
"GeForce GTX 1080 Ti (0)","ComplexPointwiseMulAndScale(float2*, float2 const *, int, float)",1,"l2_utilization","L2 Cache Utilization","Low (1)","Low (1)","Low (1)"
"GeForce GTX 1080 Ti (0)","ComplexPointwiseMulAndScale(float2*, float2 const *, int, float)",1,"shared_utilization","Shared Memory Utilization","Idle (0)","Idle (0)","Idle (0)"
"GeForce GTX 1080 Ti (0)","ComplexPointwiseMulAndScale(float2*, float2 const *, int, float)",1,"ldst_fu_utilization","Load/Store Function Unit Utilization","Low (1)","Low (1)","Low (1)"
"GeForce GTX 1080 Ti (0)","ComplexPointwiseMulAndScale(float2*, float2 const *, int, float)",1,"cf_fu_utilization","Control-Flow Function Unit Utilization","Low (1)","Low (1)","Low (1)"
"GeForce GTX 1080 Ti (0)","ComplexPointwiseMulAndScale(float2*, float2 const *, int, float)",1,"special_fu_utilization","Special Function Unit Utilization","Idle (0)","Idle (0)","Idle (0)"
"GeForce GTX 1080 Ti (0)","ComplexPointwiseMulAndScale(float2*, float2 const *, int, float)",1,"tex_fu_utilization","Texture Function Unit Utilization","Low (1)","Low (1)","Low (1)"
"GeForce GTX 1080 Ti (0)","ComplexPointwiseMulAndScale(float2*, float2 const *, int, float)",1,"single_precision_fu_utilization","Single-Precision Function Unit Utilization","Low (1)","Low (1)","Low (1)"
"GeForce GTX 1080 Ti (0)","ComplexPointwiseMulAndScale(float2*, float2 const *, int, float)",1,"double_precision_fu_utilization","Double-Precision Function Unit Utilization","Idle (0)","Idle (0)","Idle (0)"
"GeForce GTX 1080 Ti (0)","ComplexPointwiseMulAndScale(float2*, float2 const *, int, float)",1,"flop_hp_efficiency","FLOP Efficiency(Peak Half)",0.000000%,0.000000%,0.000000%
"GeForce GTX 1080 Ti (0)","ComplexPointwiseMulAndScale(float2*, float2 const *, int, float)",1,"flop_sp_efficiency","FLOP Efficiency(Peak Single)",0.000797%,0.000797%,0.000797%
"GeForce GTX 1080 Ti (0)","ComplexPointwiseMulAndScale(float2*, float2 const *, int, float)",1,"flop_dp_efficiency","FLOP Efficiency(Peak Double)",0.000000%,0.000000%,0.000000%
"GeForce GTX 1080 Ti (0)","ComplexPointwiseMulAndScale(float2*, float2 const *, int, float)",1,"dram_read_transactions","Device Memory Read Transactions",32,32,32
"GeForce GTX 1080 Ti (0)","ComplexPointwiseMulAndScale(float2*, float2 const *, int, float)",1,"dram_write_transactions","Device Memory Write Transactions",28,28,28
"GeForce GTX 1080 Ti (0)","ComplexPointwiseMulAndScale(float2*, float2 const *, int, float)",1,"dram_read_throughput","Device Memory Read Throughput",425.332099MB/s,425.332099MB/s,424.385071MB/s
"GeForce GTX 1080 Ti (0)","ComplexPointwiseMulAndScale(float2*, float2 const *, int, float)",1,"dram_write_throughput","Device Memory Write Throughput",372.165586MB/s,372.165586MB/s,371.932983MB/s
"GeForce GTX 1080 Ti (0)","ComplexPointwiseMulAndScale(float2*, float2 const *, int, float)",1,"dram_utilization","Device Memory Utilization","Low (1)","Low (1)","Low (1)"
"GeForce GTX 1080 Ti (0)","ComplexPointwiseMulAndScale(float2*, float2 const *, int, float)",1,"half_precision_fu_utilization","Half-Precision Function Unit Utilization","Idle (0)","Idle (0)","Idle (0)"
"GeForce GTX 1080 Ti (0)","ComplexPointwiseMulAndScale(float2*, float2 const *, int, float)",1,"ecc_transactions","ECC Transactions",0,0,0
"GeForce GTX 1080 Ti (0)","ComplexPointwiseMulAndScale(float2*, float2 const *, int, float)",1,"ecc_throughput","ECC Throughput",0.000000B/s,0.000000B/s,0.000000B/s
"GeForce GTX 1080 Ti (0)","void composite_2way_fft<unsigned int=56, unsigned int=1, unsigned int=7, unsigned int=8, unsigned int=0, unsigned int=0, unsigned int=2, unsigned int=8, unsigned int=1, unsigned int=0, unsigned int, float>(kernel_arguments_t<unsigned int>)",3,"inst_per_warp","Instructions per warp",230.500000,230.500000,230.500000
"GeForce GTX 1080 Ti (0)","void composite_2way_fft<unsigned int=56, unsigned int=1, unsigned int=7, unsigned int=8, unsigned int=0, unsigned int=0, unsigned int=2, unsigned int=8, unsigned int=1, unsigned int=0, unsigned int, float>(kernel_arguments_t<unsigned int>)",3,"branch_efficiency","Branch Efficiency",100.000000%,100.000000%,100.000000%
"GeForce GTX 1080 Ti (0)","void composite_2way_fft<unsigned int=56, unsigned int=1, unsigned int=7, unsigned int=8, unsigned int=0, unsigned int=0, unsigned int=2, unsigned int=8, unsigned int=1, unsigned int=0, unsigned int, float>(kernel_arguments_t<unsigned int>)",3,"warp_execution_efficiency","Warp Execution Efficiency",26.409978%,26.409978%,26.409978%
"GeForce GTX 1080 Ti (0)","void composite_2way_fft<unsigned int=56, unsigned int=1, unsigned int=7, unsigned int=8, unsigned int=0, unsigned int=0, unsigned int=2, unsigned int=8, unsigned int=1, unsigned int=0, unsigned int, float>(kernel_arguments_t<unsigned int>)",3,"warp_nonpred_execution_efficiency","Warp Non-Predicated Execution Efficiency",25.799892%,25.799892%,25.799892%
"GeForce GTX 1080 Ti (0)","void composite_2way_fft<unsigned int=56, unsigned int=1, unsigned int=7, unsigned int=8, unsigned int=0, unsigned int=0, unsigned int=2, unsigned int=8, unsigned int=1, unsigned int=0, unsigned int, float>(kernel_arguments_t<unsigned int>)",3,"inst_replay_overhead","Instruction Replay Overhead",0.023861,0.023861,0.023861
"GeForce GTX 1080 Ti (0)","void composite_2way_fft<unsigned int=56, unsigned int=1, unsigned int=7, unsigned int=8, unsigned int=0, unsigned int=0, unsigned int=2, unsigned int=8, unsigned int=1, unsigned int=0, unsigned int, float>(kernel_arguments_t<unsigned int>)",3,"shared_load_transactions_per_request","Shared Memory Load Transactions Per Request",2.000000,2.000000,2.000000
"GeForce GTX 1080 Ti (0)","void composite_2way_fft<unsigned int=56, unsigned int=1, unsigned int=7, unsigned int=8, unsigned int=0, unsigned int=0, unsigned int=2, unsigned int=8, unsigned int=1, unsigned int=0, unsigned int, float>(kernel_arguments_t<unsigned int>)",3,"shared_store_transactions_per_request","Shared Memory Store Transactions Per Request",2.000000,2.000000,2.000000
"GeForce GTX 1080 Ti (0)","void composite_2way_fft<unsigned int=56, unsigned int=1, unsigned int=7, unsigned int=8, unsigned int=0, unsigned int=0, unsigned int=2, unsigned int=8, unsigned int=1, unsigned int=0, unsigned int, float>(kernel_arguments_t<unsigned int>)",3,"local_load_transactions_per_request","Local Memory Load Transactions Per Request",0.000000,0.000000,0.000000
"GeForce GTX 1080 Ti (0)","void composite_2way_fft<unsigned int=56, unsigned int=1, unsigned int=7, unsigned int=8, unsigned int=0, unsigned int=0, unsigned int=2, unsigned int=8, unsigned int=1, unsigned int=0, unsigned int, float>(kernel_arguments_t<unsigned int>)",3,"local_store_transactions_per_request","Local Memory Store Transactions Per Request",0.000000,0.000000,0.000000
"GeForce GTX 1080 Ti (0)","void composite_2way_fft<unsigned int=56, unsigned int=1, unsigned int=7, unsigned int=8, unsigned int=0, unsigned int=0, unsigned int=2, unsigned int=8, unsigned int=1, unsigned int=0, unsigned int, float>(kernel_arguments_t<unsigned int>)",3,"gld_transactions_per_request","Global Load Transactions Per Request",3.111111,3.111111,3.111111
"GeForce GTX 1080 Ti (0)","void composite_2way_fft<unsigned int=56, unsigned int=1, unsigned int=7, unsigned int=8, unsigned int=0, unsigned int=0, unsigned int=2, unsigned int=8, unsigned int=1, unsigned int=0, unsigned int, float>(kernel_arguments_t<unsigned int>)",3,"gst_transactions_per_request","Global Store Transactions Per Request",2.000000,2.000000,2.000000
"GeForce GTX 1080 Ti (0)","void composite_2way_fft<unsigned int=56, unsigned int=1, unsigned int=7, unsigned int=8, unsigned int=0, unsigned int=0, unsigned int=2, unsigned int=8, unsigned int=1, unsigned int=0, unsigned int, float>(kernel_arguments_t<unsigned int>)",3,"shared_store_transactions","Shared Store Transactions",30,30,30
"GeForce GTX 1080 Ti (0)","void composite_2way_fft<unsigned int=56, unsigned int=1, unsigned int=7, unsigned int=8, unsigned int=0, unsigned int=0, unsigned int=2, unsigned int=8, unsigned int=1, unsigned int=0, unsigned int, float>(kernel_arguments_t<unsigned int>)",3,"shared_load_transactions","Shared Load Transactions",28,28,28
"GeForce GTX 1080 Ti (0)","void composite_2way_fft<unsigned int=56, unsigned int=1, unsigned int=7, unsigned int=8, unsigned int=0, unsigned int=0, unsigned int=2, unsigned int=8, unsigned int=1, unsigned int=0, unsigned int, float>(kernel_arguments_t<unsigned int>)",3,"local_load_transactions","Local Load Transactions",0,0,0
"GeForce GTX 1080 Ti (0)","void composite_2way_fft<unsigned int=56, unsigned int=1, unsigned int=7, unsigned int=8, unsigned int=0, unsigned int=0, unsigned int=2, unsigned int=8, unsigned int=1, unsigned int=0, unsigned int, float>(kernel_arguments_t<unsigned int>)",3,"local_store_transactions","Local Store Transactions",0,0,0
"GeForce GTX 1080 Ti (0)","void composite_2way_fft<unsigned int=56, unsigned int=1, unsigned int=7, unsigned int=8, unsigned int=0, unsigned int=0, unsigned int=2, unsigned int=8, unsigned int=1, unsigned int=0, unsigned int, float>(kernel_arguments_t<unsigned int>)",3,"gld_transactions","Global Load Transactions",28,28,28
"GeForce GTX 1080 Ti (0)","void composite_2way_fft<unsigned int=56, unsigned int=1, unsigned int=7, unsigned int=8, unsigned int=0, unsigned int=0, unsigned int=2, unsigned int=8, unsigned int=1, unsigned int=0, unsigned int, float>(kernel_arguments_t<unsigned int>)",3,"gst_transactions","Global Store Transactions",14,14,14
"GeForce GTX 1080 Ti (0)","void composite_2way_fft<unsigned int=56, unsigned int=1, unsigned int=7, unsigned int=8, unsigned int=0, unsigned int=0, unsigned int=2, unsigned int=8, unsigned int=1, unsigned int=0, unsigned int, float>(kernel_arguments_t<unsigned int>)",3,"sysmem_read_transactions","System Memory Read Transactions",0,0,0
"GeForce GTX 1080 Ti (0)","void composite_2way_fft<unsigned int=56, unsigned int=1, unsigned int=7, unsigned int=8, unsigned int=0, unsigned int=0, unsigned int=2, unsigned int=8, unsigned int=1, unsigned int=0, unsigned int, float>(kernel_arguments_t<unsigned int>)",3,"sysmem_write_transactions","System Memory Write Transactions",5,5,5
"GeForce GTX 1080 Ti (0)","void composite_2way_fft<unsigned int=56, unsigned int=1, unsigned int=7, unsigned int=8, unsigned int=0, unsigned int=0, unsigned int=2, unsigned int=8, unsigned int=1, unsigned int=0, unsigned int, float>(kernel_arguments_t<unsigned int>)",3,"l2_read_transactions","L2 Read Transactions",136,256,213
"GeForce GTX 1080 Ti (0)","void composite_2way_fft<unsigned int=56, unsigned int=1, unsigned int=7, unsigned int=8, unsigned int=0, unsigned int=0, unsigned int=2, unsigned int=8, unsigned int=1, unsigned int=0, unsigned int, float>(kernel_arguments_t<unsigned int>)",3,"l2_write_transactions","L2 Write Transactions",27,27,27
"GeForce GTX 1080 Ti (0)","void composite_2way_fft<unsigned int=56, unsigned int=1, unsigned int=7, unsigned int=8, unsigned int=0, unsigned int=0, unsigned int=2, unsigned int=8, unsigned int=1, unsigned int=0, unsigned int, float>(kernel_arguments_t<unsigned int>)",3,"global_hit_rate","Global Hit Rate",42.857143%,42.857143%,42.857143%
"GeForce GTX 1080 Ti (0)","void composite_2way_fft<unsigned int=56, unsigned int=1, unsigned int=7, unsigned int=8, unsigned int=0, unsigned int=0, unsigned int=2, unsigned int=8, unsigned int=1, unsigned int=0, unsigned int, float>(kernel_arguments_t<unsigned int>)",3,"local_hit_rate","Local Hit Rate",0.000000%,0.000000%,0.000000%
"GeForce GTX 1080 Ti (0)","void composite_2way_fft<unsigned int=56, unsigned int=1, unsigned int=7, unsigned int=8, unsigned int=0, unsigned int=0, unsigned int=2, unsigned int=8, unsigned int=1, unsigned int=0, unsigned int, float>(kernel_arguments_t<unsigned int>)",3,"gld_requested_throughput","Requested Global Load Throughput",98.072200MB/s,99.472651MB/s,97.274780MB/s
"GeForce GTX 1080 Ti (0)","void composite_2way_fft<unsigned int=56, unsigned int=1, unsigned int=7, unsigned int=8, unsigned int=0, unsigned int=0, unsigned int=2, unsigned int=8, unsigned int=1, unsigned int=0, unsigned int, float>(kernel_arguments_t<unsigned int>)",3,"gst_requested_throughput","Requested Global Store Throughput",87.175289MB/s,88.420135MB/s,86.784363MB/s
"GeForce GTX 1080 Ti (0)","void composite_2way_fft<unsigned int=56, unsigned int=1, unsigned int=7, unsigned int=8, unsigned int=0, unsigned int=0, unsigned int=2, unsigned int=8, unsigned int=1, unsigned int=0, unsigned int, float>(kernel_arguments_t<unsigned int>)",3,"gld_throughput","Global Load Throughput",174.350578MB/s,176.840270MB/s,174.522400MB/s
"GeForce GTX 1080 Ti (0)","void composite_2way_fft<unsigned int=56, unsigned int=1, unsigned int=7, unsigned int=8, unsigned int=0, unsigned int=0, unsigned int=2, unsigned int=8, unsigned int=1, unsigned int=0, unsigned int, float>(kernel_arguments_t<unsigned int>)",3,"gst_throughput","Global Store Throughput",87.175289MB/s,88.420135MB/s,86.784363MB/s
"GeForce GTX 1080 Ti (0)","void composite_2way_fft<unsigned int=56, unsigned int=1, unsigned int=7, unsigned int=8, unsigned int=0, unsigned int=0, unsigned int=2, unsigned int=8, unsigned int=1, unsigned int=0, unsigned int, float>(kernel_arguments_t<unsigned int>)",3,"local_memory_overhead","Local Memory Overhead",0.000000%,0.000000%,0.000000%
"GeForce GTX 1080 Ti (0)","void composite_2way_fft<unsigned int=56, unsigned int=1, unsigned int=7, unsigned int=8, unsigned int=0, unsigned int=0, unsigned int=2, unsigned int=8, unsigned int=1, unsigned int=0, unsigned int, float>(kernel_arguments_t<unsigned int>)",3,"tex_cache_hit_rate","Unified Cache Hit Rate",28.571429%,28.571429%,28.571429%
"GeForce GTX 1080 Ti (0)","void composite_2way_fft<unsigned int=56, unsigned int=1, unsigned int=7, unsigned int=8, unsigned int=0, unsigned int=0, unsigned int=2, unsigned int=8, unsigned int=1, unsigned int=0, unsigned int, float>(kernel_arguments_t<unsigned int>)",3,"l2_tex_read_hit_rate","L2 Hit Rate (Texture Reads)",100.000000%,100.000000%,100.000000%
"GeForce GTX 1080 Ti (0)","void composite_2way_fft<unsigned int=56, unsigned int=1, unsigned int=7, unsigned int=8, unsigned int=0, unsigned int=0, unsigned int=2, unsigned int=8, unsigned int=1, unsigned int=0, unsigned int, float>(kernel_arguments_t<unsigned int>)",3,"l2_tex_write_hit_rate","L2 Hit Rate (Texture Writes)",100.000000%,100.000000%,100.000000%
"GeForce GTX 1080 Ti (0)","void composite_2way_fft<unsigned int=56, unsigned int=1, unsigned int=7, unsigned int=8, unsigned int=0, unsigned int=0, unsigned int=2, unsigned int=8, unsigned int=1, unsigned int=0, unsigned int, float>(kernel_arguments_t<unsigned int>)",3,"tex_cache_throughput","Unified Cache Throughput",224.165030MB/s,227.366062MB/s,225.067139MB/s
"GeForce GTX 1080 Ti (0)","void composite_2way_fft<unsigned int=56, unsigned int=1, unsigned int=7, unsigned int=8, unsigned int=0, unsigned int=0, unsigned int=2, unsigned int=8, unsigned int=1, unsigned int=0, unsigned int, float>(kernel_arguments_t<unsigned int>)",3,"l2_tex_read_throughput","L2 Throughput (Texture Reads)",99.628901MB/s,101.051582MB/s,99.182129MB/s
"GeForce GTX 1080 Ti (0)","void composite_2way_fft<unsigned int=56, unsigned int=1, unsigned int=7, unsigned int=8, unsigned int=0, unsigned int=0, unsigned int=2, unsigned int=8, unsigned int=1, unsigned int=0, unsigned int, float>(kernel_arguments_t<unsigned int>)",3,"l2_tex_write_throughput","L2 Throughput (Texture Writes)",87.175289MB/s,88.420135MB/s,86.784363MB/s
"GeForce GTX 1080 Ti (0)","void composite_2way_fft<unsigned int=56, unsigned int=1, unsigned int=7, unsigned int=8, unsigned int=0, unsigned int=0, unsigned int=2, unsigned int=8, unsigned int=1, unsigned int=0, unsigned int, float>(kernel_arguments_t<unsigned int>)",3,"l2_read_throughput","L2 Throughput (Reads)",854.517320MB/s,1.556702GB/s,1.306646GB/s
"GeForce GTX 1080 Ti (0)","void composite_2way_fft<unsigned int=56, unsigned int=1, unsigned int=7, unsigned int=8, unsigned int=0, unsigned int=0, unsigned int=2, unsigned int=8, unsigned int=1, unsigned int=0, unsigned int, float>(kernel_arguments_t<unsigned int>)",3,"l2_write_throughput","L2 Throughput (Writes)",168.123772MB/s,170.524547MB/s,167.846680MB/s
"GeForce GTX 1080 Ti (0)","void composite_2way_fft<unsigned int=56, unsigned int=1, unsigned int=7, unsigned int=8, unsigned int=0, unsigned int=0, unsigned int=2, unsigned int=8, unsigned int=1, unsigned int=0, unsigned int, float>(kernel_arguments_t<unsigned int>)",3,"sysmem_read_throughput","System Memory Read Throughput",0.000000B/s,0.000000B/s,0.000000B/s
"GeForce GTX 1080 Ti (0)","void composite_2way_fft<unsigned int=56, unsigned int=1, unsigned int=7, unsigned int=8, unsigned int=0, unsigned int=0, unsigned int=2, unsigned int=8, unsigned int=1, unsigned int=0, unsigned int, float>(kernel_arguments_t<unsigned int>)",3,"sysmem_write_throughput","System Memory Write Throughput",31.134031MB/s,31.578619MB/s,30.517578MB/s
"GeForce GTX 1080 Ti (0)","void composite_2way_fft<unsigned int=56, unsigned int=1, unsigned int=7, unsigned int=8, unsigned int=0, unsigned int=0, unsigned int=2, unsigned int=8, unsigned int=1, unsigned int=0, unsigned int, float>(kernel_arguments_t<unsigned int>)",3,"local_load_throughput","Local Memory Load Throughput",0.000000B/s,0.000000B/s,0.000000B/s
"GeForce GTX 1080 Ti (0)","void composite_2way_fft<unsigned int=56, unsigned int=1, unsigned int=7, unsigned int=8, unsigned int=0, unsigned int=0, unsigned int=2, unsigned int=8, unsigned int=1, unsigned int=0, unsigned int, float>(kernel_arguments_t<unsigned int>)",3,"local_store_throughput","Local Memory Store Throughput",0.000000B/s,0.000000B/s,0.000000B/s
"GeForce GTX 1080 Ti (0)","void composite_2way_fft<unsigned int=56, unsigned int=1, unsigned int=7, unsigned int=8, unsigned int=0, unsigned int=0, unsigned int=2, unsigned int=8, unsigned int=1, unsigned int=0, unsigned int, float>(kernel_arguments_t<unsigned int>)",3,"shared_load_throughput","Shared Memory Load Throughput",697.402315MB/s,707.361082MB/s,701.904297MB/s
"GeForce GTX 1080 Ti (0)","void composite_2way_fft<unsigned int=56, unsigned int=1, unsigned int=7, unsigned int=8, unsigned int=0, unsigned int=0, unsigned int=2, unsigned int=8, unsigned int=1, unsigned int=0, unsigned int, float>(kernel_arguments_t<unsigned int>)",3,"shared_store_throughput","Shared Memory Store Throughput",747.216766MB/s,757.886873MB/s,751.495361MB/s
"GeForce GTX 1080 Ti (0)","void composite_2way_fft<unsigned int=56, unsigned int=1, unsigned int=7, unsigned int=8, unsigned int=0, unsigned int=0, unsigned int=2, unsigned int=8, unsigned int=1, unsigned int=0, unsigned int, float>(kernel_arguments_t<unsigned int>)",3,"gld_efficiency","Global Memory Load Efficiency",56.250000%,56.250000%,56.250000%
"GeForce GTX 1080 Ti (0)","void composite_2way_fft<unsigned int=56, unsigned int=1, unsigned int=7, unsigned int=8, unsigned int=0, unsigned int=0, unsigned int=2, unsigned int=8, unsigned int=1, unsigned int=0, unsigned int, float>(kernel_arguments_t<unsigned int>)",3,"gst_efficiency","Global Memory Store Efficiency",100.000000%,100.000000%,100.000000%
"GeForce GTX 1080 Ti (0)","void composite_2way_fft<unsigned int=56, unsigned int=1, unsigned int=7, unsigned int=8, unsigned int=0, unsigned int=0, unsigned int=2, unsigned int=8, unsigned int=1, unsigned int=0, unsigned int, float>(kernel_arguments_t<unsigned int>)",3,"tex_cache_transactions","Unified Cache Transactions",36,36,36
"GeForce GTX 1080 Ti (0)","void composite_2way_fft<unsigned int=56, unsigned int=1, unsigned int=7, unsigned int=8, unsigned int=0, unsigned int=0, unsigned int=2, unsigned int=8, unsigned int=1, unsigned int=0, unsigned int, float>(kernel_arguments_t<unsigned int>)",3,"flop_count_dp","Floating Point Operations(Double Precision)",0,0,0
"GeForce GTX 1080 Ti (0)","void composite_2way_fft<unsigned int=56, unsigned int=1, unsigned int=7, unsigned int=8, unsigned int=0, unsigned int=0, unsigned int=2, unsigned int=8, unsigned int=1, unsigned int=0, unsigned int, float>(kernel_arguments_t<unsigned int>)",3,"flop_count_dp_add","Floating Point Operations(Double Precision Add)",0,0,0
"GeForce GTX 1080 Ti (0)","void composite_2way_fft<unsigned int=56, unsigned int=1, unsigned int=7, unsigned int=8, unsigned int=0, unsigned int=0, unsigned int=2, unsigned int=8, unsigned int=1, unsigned int=0, unsigned int, float>(kernel_arguments_t<unsigned int>)",3,"flop_count_dp_fma","Floating Point Operations(Double Precision FMA)",0,0,0
"GeForce GTX 1080 Ti (0)","void composite_2way_fft<unsigned int=56, unsigned int=1, unsigned int=7, unsigned int=8, unsigned int=0, unsigned int=0, unsigned int=2, unsigned int=8, unsigned int=1, unsigned int=0, unsigned int, float>(kernel_arguments_t<unsigned int>)",3,"flop_count_dp_mul","Floating Point Operations(Double Precision Mul)",0,0,0
"GeForce GTX 1080 Ti (0)","void composite_2way_fft<unsigned int=56, unsigned int=1, unsigned int=7, unsigned int=8, unsigned int=0, unsigned int=0, unsigned int=2, unsigned int=8, unsigned int=1, unsigned int=0, unsigned int, float>(kernel_arguments_t<unsigned int>)",3,"flop_count_sp","Floating Point Operations(Single Precision)",1727,1727,1727
"GeForce GTX 1080 Ti (0)","void composite_2way_fft<unsigned int=56, unsigned int=1, unsigned int=7, unsigned int=8, unsigned int=0, unsigned int=0, unsigned int=2, unsigned int=8, unsigned int=1, unsigned int=0, unsigned int, float>(kernel_arguments_t<unsigned int>)",3,"flop_count_sp_add","Floating Point Operations(Single Precision Add)",576,576,576
"GeForce GTX 1080 Ti (0)","void composite_2way_fft<unsigned int=56, unsigned int=1, unsigned int=7, unsigned int=8, unsigned int=0, unsigned int=0, unsigned int=2, unsigned int=8, unsigned int=1, unsigned int=0, unsigned int, float>(kernel_arguments_t<unsigned int>)",3,"flop_count_sp_fma","Floating Point Operations(Single Precision FMA)",450,450,450
"GeForce GTX 1080 Ti (0)","void composite_2way_fft<unsigned int=56, unsigned int=1, unsigned int=7, unsigned int=8, unsigned int=0, unsigned int=0, unsigned int=2, unsigned int=8, unsigned int=1, unsigned int=0, unsigned int, float>(kernel_arguments_t<unsigned int>)",3,"flop_count_sp_mul","Floating Point Operation(Single Precision Mul)",251,251,251
"GeForce GTX 1080 Ti (0)","void composite_2way_fft<unsigned int=56, unsigned int=1, unsigned int=7, unsigned int=8, unsigned int=0, unsigned int=0, unsigned int=2, unsigned int=8, unsigned int=1, unsigned int=0, unsigned int, float>(kernel_arguments_t<unsigned int>)",3,"flop_count_sp_special","Floating Point Operations(Single Precision Special)",15,15,15
"GeForce GTX 1080 Ti (0)","void composite_2way_fft<unsigned int=56, unsigned int=1, unsigned int=7, unsigned int=8, unsigned int=0, unsigned int=0, unsigned int=2, unsigned int=8, unsigned int=1, unsigned int=0, unsigned int, float>(kernel_arguments_t<unsigned int>)",3,"inst_executed","Instructions Executed",461,461,461
"GeForce GTX 1080 Ti (0)","void composite_2way_fft<unsigned int=56, unsigned int=1, unsigned int=7, unsigned int=8, unsigned int=0, unsigned int=0, unsigned int=2, unsigned int=8, unsigned int=1, unsigned int=0, unsigned int, float>(kernel_arguments_t<unsigned int>)",3,"inst_issued","Instructions Issued",472,472,472
"GeForce GTX 1080 Ti (0)","void composite_2way_fft<unsigned int=56, unsigned int=1, unsigned int=7, unsigned int=8, unsigned int=0, unsigned int=0, unsigned int=2, unsigned int=8, unsigned int=1, unsigned int=0, unsigned int, float>(kernel_arguments_t<unsigned int>)",3,"sysmem_utilization","System Memory Utilization","Low (1)","Low (1)","Low (1)"
"GeForce GTX 1080 Ti (0)","void composite_2way_fft<unsigned int=56, unsigned int=1, unsigned int=7, unsigned int=8, unsigned int=0, unsigned int=0, unsigned int=2, unsigned int=8, unsigned int=1, unsigned int=0, unsigned int, float>(kernel_arguments_t<unsigned int>)",3,"stall_inst_fetch","Issue Stall Reasons (Instructions Fetch)",31.547508%,73.201161%,52.576153%
"GeForce GTX 1080 Ti (0)","void composite_2way_fft<unsigned int=56, unsigned int=1, unsigned int=7, unsigned int=8, unsigned int=0, unsigned int=0, unsigned int=2, unsigned int=8, unsigned int=1, unsigned int=0, unsigned int, float>(kernel_arguments_t<unsigned int>)",3,"stall_exec_dependency","Issue Stall Reasons (Execution Dependency)",7.533849%,14.691058%,11.888063%
"GeForce GTX 1080 Ti (0)","void composite_2way_fft<unsigned int=56, unsigned int=1, unsigned int=7, unsigned int=8, unsigned int=0, unsigned int=0, unsigned int=2, unsigned int=8, unsigned int=1, unsigned int=0, unsigned int, float>(kernel_arguments_t<unsigned int>)",3,"stall_memory_dependency","Issue Stall Reasons (Data Request)",0.000000%,0.667311%,0.222437%
"GeForce GTX 1080 Ti (0)","void composite_2way_fft<unsigned int=56, unsigned int=1, unsigned int=7, unsigned int=8, unsigned int=0, unsigned int=0, unsigned int=2, unsigned int=8, unsigned int=1, unsigned int=0, unsigned int, float>(kernel_arguments_t<unsigned int>)",3,"stall_texture","Issue Stall Reasons (Texture)",0.000000%,0.000000%,0.000000%
"GeForce GTX 1080 Ti (0)","void composite_2way_fft<unsigned int=56, unsigned int=1, unsigned int=7, unsigned int=8, unsigned int=0, unsigned int=0, unsigned int=2, unsigned int=8, unsigned int=1, unsigned int=0, unsigned int, float>(kernel_arguments_t<unsigned int>)",3,"stall_sync","Issue Stall Reasons (Synchronization)",0.822050%,1.232033%,1.070484%
"GeForce GTX 1080 Ti (0)","void composite_2way_fft<unsigned int=56, unsigned int=1, unsigned int=7, unsigned int=8, unsigned int=0, unsigned int=0, unsigned int=2, unsigned int=8, unsigned int=1, unsigned int=0, unsigned int, float>(kernel_arguments_t<unsigned int>)",3,"stall_other","Issue Stall Reasons (Other)",1.537718%,20.813888%,8.412129%
"GeForce GTX 1080 Ti (0)","void composite_2way_fft<unsigned int=56, unsigned int=1, unsigned int=7, unsigned int=8, unsigned int=0, unsigned int=0, unsigned int=2, unsigned int=8, unsigned int=1, unsigned int=0, unsigned int, float>(kernel_arguments_t<unsigned int>)",3,"stall_constant_memory_dependency","Issue Stall Reasons (Immediate constant)",15.725338%,30.371477%,24.751221%
"GeForce GTX 1080 Ti (0)","void composite_2way_fft<unsigned int=56, unsigned int=1, unsigned int=7, unsigned int=8, unsigned int=0, unsigned int=0, unsigned int=2, unsigned int=8, unsigned int=1, unsigned int=0, unsigned int, float>(kernel_arguments_t<unsigned int>)",3,"stall_pipe_busy","Issue Stall Reasons (Pipe Busy)",0.270793%,0.560015%,0.449677%
"GeForce GTX 1080 Ti (0)","void composite_2way_fft<unsigned int=56, unsigned int=1, unsigned int=7, unsigned int=8, unsigned int=0, unsigned int=0, unsigned int=2, unsigned int=8, unsigned int=1, unsigned int=0, unsigned int, float>(kernel_arguments_t<unsigned int>)",3,"shared_efficiency","Shared Memory Efficiency",24.137931%,24.137931%,24.137931%
"GeForce GTX 1080 Ti (0)","void composite_2way_fft<unsigned int=56, unsigned int=1, unsigned int=7, unsigned int=8, unsigned int=0, unsigned int=0, unsigned int=2, unsigned int=8, unsigned int=1, unsigned int=0, unsigned int, float>(kernel_arguments_t<unsigned int>)",3,"inst_fp_32","FP Instructions(Single)",1292,1292,1292
"GeForce GTX 1080 Ti (0)","void composite_2way_fft<unsigned int=56, unsigned int=1, unsigned int=7, unsigned int=8, unsigned int=0, unsigned int=0, unsigned int=2, unsigned int=8, unsigned int=1, unsigned int=0, unsigned int, float>(kernel_arguments_t<unsigned int>)",3,"inst_fp_64","FP Instructions(Double)",0,0,0
"GeForce GTX 1080 Ti (0)","void composite_2way_fft<unsigned int=56, unsigned int=1, unsigned int=7, unsigned int=8, unsigned int=0, unsigned int=0, unsigned int=2, unsigned int=8, unsigned int=1, unsigned int=0, unsigned int, float>(kernel_arguments_t<unsigned int>)",3,"inst_integer","Integer Instructions",1235,1235,1235
"GeForce GTX 1080 Ti (0)","void composite_2way_fft<unsigned int=56, unsigned int=1, unsigned int=7, unsigned int=8, unsigned int=0, unsigned int=0, unsigned int=2, unsigned int=8, unsigned int=1, unsigned int=0, unsigned int, float>(kernel_arguments_t<unsigned int>)",3,"inst_bit_convert","Bit-Convert Instructions",30,30,30
"GeForce GTX 1080 Ti (0)","void composite_2way_fft<unsigned int=56, unsigned int=1, unsigned int=7, unsigned int=8, unsigned int=0, unsigned int=0, unsigned int=2, unsigned int=8, unsigned int=1, unsigned int=0, unsigned int, float>(kernel_arguments_t<unsigned int>)",3,"inst_control","Control-Flow Instructions",135,135,135
"GeForce GTX 1080 Ti (0)","void composite_2way_fft<unsigned int=56, unsigned int=1, unsigned int=7, unsigned int=8, unsigned int=0, unsigned int=0, unsigned int=2, unsigned int=8, unsigned int=1, unsigned int=0, unsigned int, float>(kernel_arguments_t<unsigned int>)",3,"inst_compute_ld_st","Load/Store Instructions",343,343,343
"GeForce GTX 1080 Ti (0)","void composite_2way_fft<unsigned int=56, unsigned int=1, unsigned int=7, unsigned int=8, unsigned int=0, unsigned int=0, unsigned int=2, unsigned int=8, unsigned int=1, unsigned int=0, unsigned int, float>(kernel_arguments_t<unsigned int>)",3,"inst_misc","Misc Instructions",771,771,771
"GeForce GTX 1080 Ti (0)","void composite_2way_fft<unsigned int=56, unsigned int=1, unsigned int=7, unsigned int=8, unsigned int=0, unsigned int=0, unsigned int=2, unsigned int=8, unsigned int=1, unsigned int=0, unsigned int, float>(kernel_arguments_t<unsigned int>)",3,"inst_inter_thread_communication","Inter-Thread Instructions",0,0,0
"GeForce GTX 1080 Ti (0)","void composite_2way_fft<unsigned int=56, unsigned int=1, unsigned int=7, unsigned int=8, unsigned int=0, unsigned int=0, unsigned int=2, unsigned int=8, unsigned int=1, unsigned int=0, unsigned int, float>(kernel_arguments_t<unsigned int>)",3,"issue_slots","Issue Slots",440,440,440
"GeForce GTX 1080 Ti (0)","void composite_2way_fft<unsigned int=56, unsigned int=1, unsigned int=7, unsigned int=8, unsigned int=0, unsigned int=0, unsigned int=2, unsigned int=8, unsigned int=1, unsigned int=0, unsigned int, float>(kernel_arguments_t<unsigned int>)",3,"cf_issued","Issued Control-Flow Instructions",15,15,15
"GeForce GTX 1080 Ti (0)","void composite_2way_fft<unsigned int=56, unsigned int=1, unsigned int=7, unsigned int=8, unsigned int=0, unsigned int=0, unsigned int=2, unsigned int=8, unsigned int=1, unsigned int=0, unsigned int, float>(kernel_arguments_t<unsigned int>)",3,"cf_executed","Executed Control-Flow Instructions",15,15,15
"GeForce GTX 1080 Ti (0)","void composite_2way_fft<unsigned int=56, unsigned int=1, unsigned int=7, unsigned int=8, unsigned int=0, unsigned int=0, unsigned int=2, unsigned int=8, unsigned int=1, unsigned int=0, unsigned int, float>(kernel_arguments_t<unsigned int>)",3,"ldst_issued","Issued Load/Store Instructions",71,71,71
"GeForce GTX 1080 Ti (0)","void composite_2way_fft<unsigned int=56, unsigned int=1, unsigned int=7, unsigned int=8, unsigned int=0, unsigned int=0, unsigned int=2, unsigned int=8, unsigned int=1, unsigned int=0, unsigned int, float>(kernel_arguments_t<unsigned int>)",3,"ldst_executed","Executed Load/Store Instructions",55,55,55
"GeForce GTX 1080 Ti (0)","void composite_2way_fft<unsigned int=56, unsigned int=1, unsigned int=7, unsigned int=8, unsigned int=0, unsigned int=0, unsigned int=2, unsigned int=8, unsigned int=1, unsigned int=0, unsigned int, float>(kernel_arguments_t<unsigned int>)",3,"atomic_transactions","Atomic Transactions",0,0,0
"GeForce GTX 1080 Ti (0)","void composite_2way_fft<unsigned int=56, unsigned int=1, unsigned int=7, unsigned int=8, unsigned int=0, unsigned int=0, unsigned int=2, unsigned int=8, unsigned int=1, unsigned int=0, unsigned int, float>(kernel_arguments_t<unsigned int>)",3,"atomic_transactions_per_request","Atomic Transactions Per Request",0.000000,0.000000,0.000000
"GeForce GTX 1080 Ti (0)","void composite_2way_fft<unsigned int=56, unsigned int=1, unsigned int=7, unsigned int=8, unsigned int=0, unsigned int=0, unsigned int=2, unsigned int=8, unsigned int=1, unsigned int=0, unsigned int, float>(kernel_arguments_t<unsigned int>)",3,"l2_atomic_throughput","L2 Throughput (Atomic requests)",0.000000B/s,0.000000B/s,0.000000B/s
"GeForce GTX 1080 Ti (0)","void composite_2way_fft<unsigned int=56, unsigned int=1, unsigned int=7, unsigned int=8, unsigned int=0, unsigned int=0, unsigned int=2, unsigned int=8, unsigned int=1, unsigned int=0, unsigned int, float>(kernel_arguments_t<unsigned int>)",3,"l2_atomic_transactions","L2 Transactions (Atomic requests)",0,0,0
"GeForce GTX 1080 Ti (0)","void composite_2way_fft<unsigned int=56, unsigned int=1, unsigned int=7, unsigned int=8, unsigned int=0, unsigned int=0, unsigned int=2, unsigned int=8, unsigned int=1, unsigned int=0, unsigned int, float>(kernel_arguments_t<unsigned int>)",3,"l2_tex_read_transactions","L2 Transactions (Texture Reads)",16,16,16
"GeForce GTX 1080 Ti (0)","void composite_2way_fft<unsigned int=56, unsigned int=1, unsigned int=7, unsigned int=8, unsigned int=0, unsigned int=0, unsigned int=2, unsigned int=8, unsigned int=1, unsigned int=0, unsigned int, float>(kernel_arguments_t<unsigned int>)",3,"stall_memory_throttle","Issue Stall Reasons (Memory Throttle)",0.241779%,0.863707%,0.629836%
"GeForce GTX 1080 Ti (0)","void composite_2way_fft<unsigned int=56, unsigned int=1, unsigned int=7, unsigned int=8, unsigned int=0, unsigned int=0, unsigned int=2, unsigned int=8, unsigned int=1, unsigned int=0, unsigned int, float>(kernel_arguments_t<unsigned int>)",3,"stall_not_selected","Issue Stall Reasons (Not Selected)",0.000000%,0.000000%,0.000000%
"GeForce GTX 1080 Ti (0)","void composite_2way_fft<unsigned int=56, unsigned int=1, unsigned int=7, unsigned int=8, unsigned int=0, unsigned int=0, unsigned int=2, unsigned int=8, unsigned int=1, unsigned int=0, unsigned int, float>(kernel_arguments_t<unsigned int>)",3,"l2_tex_write_transactions","L2 Transactions (Texture Writes)",14,14,14
"GeForce GTX 1080 Ti (0)","void composite_2way_fft<unsigned int=56, unsigned int=1, unsigned int=7, unsigned int=8, unsigned int=0, unsigned int=0, unsigned int=2, unsigned int=8, unsigned int=1, unsigned int=0, unsigned int, float>(kernel_arguments_t<unsigned int>)",3,"flop_count_hp","Floating Point Operations(Half Precision)",0,0,0
"GeForce GTX 1080 Ti (0)","void composite_2way_fft<unsigned int=56, unsigned int=1, unsigned int=7, unsigned int=8, unsigned int=0, unsigned int=0, unsigned int=2, unsigned int=8, unsigned int=1, unsigned int=0, unsigned int, float>(kernel_arguments_t<unsigned int>)",3,"flop_count_hp_add","Floating Point Operations(Half Precision Add)",0,0,0
"GeForce GTX 1080 Ti (0)","void composite_2way_fft<unsigned int=56, unsigned int=1, unsigned int=7, unsigned int=8, unsigned int=0, unsigned int=0, unsigned int=2, unsigned int=8, unsigned int=1, unsigned int=0, unsigned int, float>(kernel_arguments_t<unsigned int>)",3,"flop_count_hp_mul","Floating Point Operation(Half Precision Mul)",0,0,0
"GeForce GTX 1080 Ti (0)","void composite_2way_fft<unsigned int=56, unsigned int=1, unsigned int=7, unsigned int=8, unsigned int=0, unsigned int=0, unsigned int=2, unsigned int=8, unsigned int=1, unsigned int=0, unsigned int, float>(kernel_arguments_t<unsigned int>)",3,"flop_count_hp_fma","Floating Point Operations(Half Precision FMA)",0,0,0
"GeForce GTX 1080 Ti (0)","void composite_2way_fft<unsigned int=56, unsigned int=1, unsigned int=7, unsigned int=8, unsigned int=0, unsigned int=0, unsigned int=2, unsigned int=8, unsigned int=1, unsigned int=0, unsigned int, float>(kernel_arguments_t<unsigned int>)",3,"inst_fp_16","HP Instructions(Half)",0,0,0
"GeForce GTX 1080 Ti (0)","void composite_2way_fft<unsigned int=56, unsigned int=1, unsigned int=7, unsigned int=8, unsigned int=0, unsigned int=0, unsigned int=2, unsigned int=8, unsigned int=1, unsigned int=0, unsigned int, float>(kernel_arguments_t<unsigned int>)",3,"sysmem_read_utilization","System Memory Read Utilization","Idle (0)","Idle (0)","Idle (0)"
"GeForce GTX 1080 Ti (0)","void composite_2way_fft<unsigned int=56, unsigned int=1, unsigned int=7, unsigned int=8, unsigned int=0, unsigned int=0, unsigned int=2, unsigned int=8, unsigned int=1, unsigned int=0, unsigned int, float>(kernel_arguments_t<unsigned int>)",3,"sysmem_write_utilization","System Memory Write Utilization","Low (1)","Low (1)","Low (1)"
"GeForce GTX 1080 Ti (0)","void composite_2way_fft<unsigned int=56, unsigned int=1, unsigned int=7, unsigned int=8, unsigned int=0, unsigned int=0, unsigned int=2, unsigned int=8, unsigned int=1, unsigned int=0, unsigned int, float>(kernel_arguments_t<unsigned int>)",3,"sm_activity","Multiprocessor Activity",2.173354%,2.192343%,2.183964%
"GeForce GTX 1080 Ti (0)","void composite_2way_fft<unsigned int=56, unsigned int=1, unsigned int=7, unsigned int=8, unsigned int=0, unsigned int=0, unsigned int=2, unsigned int=8, unsigned int=1, unsigned int=0, unsigned int, float>(kernel_arguments_t<unsigned int>)",3,"achieved_occupancy","Achieved Occupancy",0.017264,0.018415,0.017731
"GeForce GTX 1080 Ti (0)","void composite_2way_fft<unsigned int=56, unsigned int=1, unsigned int=7, unsigned int=8, unsigned int=0, unsigned int=0, unsigned int=2, unsigned int=8, unsigned int=1, unsigned int=0, unsigned int, float>(kernel_arguments_t<unsigned int>)",3,"executed_ipc","Executed IPC",0.044335,0.086736,0.058731
"GeForce GTX 1080 Ti (0)","void composite_2way_fft<unsigned int=56, unsigned int=1, unsigned int=7, unsigned int=8, unsigned int=0, unsigned int=0, unsigned int=2, unsigned int=8, unsigned int=1, unsigned int=0, unsigned int, float>(kernel_arguments_t<unsigned int>)",3,"issued_ipc","Issued IPC",0.045155,0.090962,0.060771
"GeForce GTX 1080 Ti (0)","void composite_2way_fft<unsigned int=56, unsigned int=1, unsigned int=7, unsigned int=8, unsigned int=0, unsigned int=0, unsigned int=2, unsigned int=8, unsigned int=1, unsigned int=0, unsigned int, float>(kernel_arguments_t<unsigned int>)",3,"issue_slot_utilization","Issue Slot Utilization",1.052329%,2.119869%,1.416278%
"GeForce GTX 1080 Ti (0)","void composite_2way_fft<unsigned int=56, unsigned int=1, unsigned int=7, unsigned int=8, unsigned int=0, unsigned int=0, unsigned int=2, unsigned int=8, unsigned int=1, unsigned int=0, unsigned int, float>(kernel_arguments_t<unsigned int>)",3,"eligible_warps_per_cycle","Eligible Warps Per Active Cycle",0.042093,0.084795,0.056904
"GeForce GTX 1080 Ti (0)","void composite_2way_fft<unsigned int=56, unsigned int=1, unsigned int=7, unsigned int=8, unsigned int=0, unsigned int=0, unsigned int=2, unsigned int=8, unsigned int=1, unsigned int=0, unsigned int, float>(kernel_arguments_t<unsigned int>)",3,"tex_utilization","Unified Cache Utilization","Low (1)","Low (1)","Low (1)"
"GeForce GTX 1080 Ti (0)","void composite_2way_fft<unsigned int=56, unsigned int=1, unsigned int=7, unsigned int=8, unsigned int=0, unsigned int=0, unsigned int=2, unsigned int=8, unsigned int=1, unsigned int=0, unsigned int, float>(kernel_arguments_t<unsigned int>)",3,"l2_utilization","L2 Cache Utilization","Low (1)","Low (1)","Low (1)"
"GeForce GTX 1080 Ti (0)","void composite_2way_fft<unsigned int=56, unsigned int=1, unsigned int=7, unsigned int=8, unsigned int=0, unsigned int=0, unsigned int=2, unsigned int=8, unsigned int=1, unsigned int=0, unsigned int, float>(kernel_arguments_t<unsigned int>)",3,"shared_utilization","Shared Memory Utilization","Low (1)","Low (1)","Low (1)"
"GeForce GTX 1080 Ti (0)","void composite_2way_fft<unsigned int=56, unsigned int=1, unsigned int=7, unsigned int=8, unsigned int=0, unsigned int=0, unsigned int=2, unsigned int=8, unsigned int=1, unsigned int=0, unsigned int, float>(kernel_arguments_t<unsigned int>)",3,"ldst_fu_utilization","Load/Store Function Unit Utilization","Low (1)","Low (1)","Low (1)"
"GeForce GTX 1080 Ti (0)","void composite_2way_fft<unsigned int=56, unsigned int=1, unsigned int=7, unsigned int=8, unsigned int=0, unsigned int=0, unsigned int=2, unsigned int=8, unsigned int=1, unsigned int=0, unsigned int, float>(kernel_arguments_t<unsigned int>)",3,"cf_fu_utilization","Control-Flow Function Unit Utilization","Low (1)","Low (1)","Low (1)"
"GeForce GTX 1080 Ti (0)","void composite_2way_fft<unsigned int=56, unsigned int=1, unsigned int=7, unsigned int=8, unsigned int=0, unsigned int=0, unsigned int=2, unsigned int=8, unsigned int=1, unsigned int=0, unsigned int, float>(kernel_arguments_t<unsigned int>)",3,"special_fu_utilization","Special Function Unit Utilization","Low (1)","Low (1)","Low (1)"
"GeForce GTX 1080 Ti (0)","void composite_2way_fft<unsigned int=56, unsigned int=1, unsigned int=7, unsigned int=8, unsigned int=0, unsigned int=0, unsigned int=2, unsigned int=8, unsigned int=1, unsigned int=0, unsigned int, float>(kernel_arguments_t<unsigned int>)",3,"tex_fu_utilization","Texture Function Unit Utilization","Low (1)","Low (1)","Low (1)"
"GeForce GTX 1080 Ti (0)","void composite_2way_fft<unsigned int=56, unsigned int=1, unsigned int=7, unsigned int=8, unsigned int=0, unsigned int=0, unsigned int=2, unsigned int=8, unsigned int=1, unsigned int=0, unsigned int, float>(kernel_arguments_t<unsigned int>)",3,"single_precision_fu_utilization","Single-Precision Function Unit Utilization","Low (1)","Low (1)","Low (1)"
"GeForce GTX 1080 Ti (0)","void composite_2way_fft<unsigned int=56, unsigned int=1, unsigned int=7, unsigned int=8, unsigned int=0, unsigned int=0, unsigned int=2, unsigned int=8, unsigned int=1, unsigned int=0, unsigned int, float>(kernel_arguments_t<unsigned int>)",3,"double_precision_fu_utilization","Double-Precision Function Unit Utilization","Idle (0)","Idle (0)","Idle (0)"
"GeForce GTX 1080 Ti (0)","void composite_2way_fft<unsigned int=56, unsigned int=1, unsigned int=7, unsigned int=8, unsigned int=0, unsigned int=0, unsigned int=2, unsigned int=8, unsigned int=1, unsigned int=0, unsigned int, float>(kernel_arguments_t<unsigned int>)",3,"flop_hp_efficiency","FLOP Efficiency(Peak Half)",0.000000%,0.000000%,0.000000%
"GeForce GTX 1080 Ti (0)","void composite_2way_fft<unsigned int=56, unsigned int=1, unsigned int=7, unsigned int=8, unsigned int=0, unsigned int=0, unsigned int=2, unsigned int=8, unsigned int=1, unsigned int=0, unsigned int, float>(kernel_arguments_t<unsigned int>)",3,"flop_sp_efficiency","FLOP Efficiency(Peak Single)",0.001356%,0.002213%,0.001916%
"GeForce GTX 1080 Ti (0)","void composite_2way_fft<unsigned int=56, unsigned int=1, unsigned int=7, unsigned int=8, unsigned int=0, unsigned int=0, unsigned int=2, unsigned int=8, unsigned int=1, unsigned int=0, unsigned int, float>(kernel_arguments_t<unsigned int>)",3,"flop_dp_efficiency","FLOP Efficiency(Peak Double)",0.000000%,0.000000%,0.000000%
"GeForce GTX 1080 Ti (0)","void composite_2way_fft<unsigned int=56, unsigned int=1, unsigned int=7, unsigned int=8, unsigned int=0, unsigned int=0, unsigned int=2, unsigned int=8, unsigned int=1, unsigned int=0, unsigned int, float>(kernel_arguments_t<unsigned int>)",3,"dram_read_transactions","Device Memory Read Transactions",117,221,183
"GeForce GTX 1080 Ti (0)","void composite_2way_fft<unsigned int=56, unsigned int=1, unsigned int=7, unsigned int=8, unsigned int=0, unsigned int=0, unsigned int=2, unsigned int=8, unsigned int=1, unsigned int=0, unsigned int, float>(kernel_arguments_t<unsigned int>)",3,"dram_write_transactions","Device Memory Write Transactions",36,49,40
"GeForce GTX 1080 Ti (0)","void composite_2way_fft<unsigned int=56, unsigned int=1, unsigned int=7, unsigned int=8, unsigned int=0, unsigned int=0, unsigned int=2, unsigned int=8, unsigned int=1, unsigned int=0, unsigned int, float>(kernel_arguments_t<unsigned int>)",3,"dram_read_throughput","Device Memory Read Throughput",738.939702MB/s,1.343871GB/s,1.124106GB/s
"GeForce GTX 1080 Ti (0)","void composite_2way_fft<unsigned int=56, unsigned int=1, unsigned int=7, unsigned int=8, unsigned int=0, unsigned int=0, unsigned int=2, unsigned int=8, unsigned int=1, unsigned int=0, unsigned int, float>(kernel_arguments_t<unsigned int>)",3,"dram_write_throughput","Device Memory Write Throughput",224.165030MB/s,307.877563MB/s,251.770020MB/s
"GeForce GTX 1080 Ti (0)","void composite_2way_fft<unsigned int=56, unsigned int=1, unsigned int=7, unsigned int=8, unsigned int=0, unsigned int=0, unsigned int=2, unsigned int=8, unsigned int=1, unsigned int=0, unsigned int, float>(kernel_arguments_t<unsigned int>)",3,"dram_utilization","Device Memory Utilization","Low (1)","Low (1)","Low (1)"
"GeForce GTX 1080 Ti (0)","void composite_2way_fft<unsigned int=56, unsigned int=1, unsigned int=7, unsigned int=8, unsigned int=0, unsigned int=0, unsigned int=2, unsigned int=8, unsigned int=1, unsigned int=0, unsigned int, float>(kernel_arguments_t<unsigned int>)",3,"half_precision_fu_utilization","Half-Precision Function Unit Utilization","Idle (0)","Idle (0)","Idle (0)"
"GeForce GTX 1080 Ti (0)","void composite_2way_fft<unsigned int=56, unsigned int=1, unsigned int=7, unsigned int=8, unsigned int=0, unsigned int=0, unsigned int=2, unsigned int=8, unsigned int=1, unsigned int=0, unsigned int, float>(kernel_arguments_t<unsigned int>)",3,"ecc_transactions","ECC Transactions",0,0,0
"GeForce GTX 1080 Ti (0)","void composite_2way_fft<unsigned int=56, unsigned int=1, unsigned int=7, unsigned int=8, unsigned int=0, unsigned int=0, unsigned int=2, unsigned int=8, unsigned int=1, unsigned int=0, unsigned int, float>(kernel_arguments_t<unsigned int>)",3,"ecc_throughput","ECC Throughput",0.000000B/s,0.000000B/s,0.000000B/s
