==18875== NVPROF is profiling process 18875, command: ./threadFenceReduction
==18875== Some kernel(s) will be replayed on device 0 in order to collect all events/metrics.
==18875== Profiling application: ./threadFenceReduction
==18875== Profiling result:
==18875== Metric result:
"Device","Kernel","Invocations","Metric Name","Metric Description","Min","Max","Avg"
"GeForce GTX 1080 Ti (0)","void reduceMultiPass<unsigned int=128, bool=1>(float const *, float*, unsigned int)",1,"inst_per_warp","Instructions per warp",929.000000,929.000000,929.000000
"GeForce GTX 1080 Ti (0)","void reduceMultiPass<unsigned int=128, bool=1>(float const *, float*, unsigned int)",1,"branch_efficiency","Branch Efficiency",100.000000%,100.000000%,100.000000%
"GeForce GTX 1080 Ti (0)","void reduceMultiPass<unsigned int=128, bool=1>(float const *, float*, unsigned int)",1,"warp_execution_efficiency","Warp Execution Efficiency",99.869678%,99.869678%,99.869678%
"GeForce GTX 1080 Ti (0)","void reduceMultiPass<unsigned int=128, bool=1>(float const *, float*, unsigned int)",1,"warp_nonpred_execution_efficiency","Warp Non-Predicated Execution Efficiency",99.411329%,99.411329%,99.411329%
"GeForce GTX 1080 Ti (0)","void reduceMultiPass<unsigned int=128, bool=1>(float const *, float*, unsigned int)",1,"inst_replay_overhead","Instruction Replay Overhead",0.002153,0.002153,0.002153
"GeForce GTX 1080 Ti (0)","void reduceMultiPass<unsigned int=128, bool=1>(float const *, float*, unsigned int)",1,"shared_load_transactions_per_request","Shared Memory Load Transactions Per Request",0.818182,0.818182,0.818182
"GeForce GTX 1080 Ti (0)","void reduceMultiPass<unsigned int=128, bool=1>(float const *, float*, unsigned int)",1,"shared_store_transactions_per_request","Shared Memory Store Transactions Per Request",0.857143,0.857143,0.857143
"GeForce GTX 1080 Ti (0)","void reduceMultiPass<unsigned int=128, bool=1>(float const *, float*, unsigned int)",1,"local_load_transactions_per_request","Local Memory Load Transactions Per Request",0.000000,0.000000,0.000000
"GeForce GTX 1080 Ti (0)","void reduceMultiPass<unsigned int=128, bool=1>(float const *, float*, unsigned int)",1,"local_store_transactions_per_request","Local Memory Store Transactions Per Request",0.000000,0.000000,0.000000
"GeForce GTX 1080 Ti (0)","void reduceMultiPass<unsigned int=128, bool=1>(float const *, float*, unsigned int)",1,"gld_transactions_per_request","Global Load Transactions Per Request",8.000000,8.000000,8.000000
"GeForce GTX 1080 Ti (0)","void reduceMultiPass<unsigned int=128, bool=1>(float const *, float*, unsigned int)",1,"gst_transactions_per_request","Global Store Transactions Per Request",1.000000,1.000000,1.000000
"GeForce GTX 1080 Ti (0)","void reduceMultiPass<unsigned int=128, bool=1>(float const *, float*, unsigned int)",1,"shared_store_transactions","Shared Store Transactions",768,768,768
"GeForce GTX 1080 Ti (0)","void reduceMultiPass<unsigned int=128, bool=1>(float const *, float*, unsigned int)",1,"shared_load_transactions","Shared Load Transactions",576,576,576
"GeForce GTX 1080 Ti (0)","void reduceMultiPass<unsigned int=128, bool=1>(float const *, float*, unsigned int)",1,"local_load_transactions","Local Load Transactions",0,0,0
"GeForce GTX 1080 Ti (0)","void reduceMultiPass<unsigned int=128, bool=1>(float const *, float*, unsigned int)",1,"local_store_transactions","Local Store Transactions",0,0,0
"GeForce GTX 1080 Ti (0)","void reduceMultiPass<unsigned int=128, bool=1>(float const *, float*, unsigned int)",1,"gld_transactions","Global Load Transactions",262144,262144,262144
"GeForce GTX 1080 Ti (0)","void reduceMultiPass<unsigned int=128, bool=1>(float const *, float*, unsigned int)",1,"gst_transactions","Global Store Transactions",64,64,64
"GeForce GTX 1080 Ti (0)","void reduceMultiPass<unsigned int=128, bool=1>(float const *, float*, unsigned int)",1,"sysmem_read_transactions","System Memory Read Transactions",0,0,0
"GeForce GTX 1080 Ti (0)","void reduceMultiPass<unsigned int=128, bool=1>(float const *, float*, unsigned int)",1,"sysmem_write_transactions","System Memory Write Transactions",5,5,5
"GeForce GTX 1080 Ti (0)","void reduceMultiPass<unsigned int=128, bool=1>(float const *, float*, unsigned int)",1,"l2_read_transactions","L2 Read Transactions",131168,131168,131168
"GeForce GTX 1080 Ti (0)","void reduceMultiPass<unsigned int=128, bool=1>(float const *, float*, unsigned int)",1,"l2_write_transactions","L2 Write Transactions",77,77,77
"GeForce GTX 1080 Ti (0)","void reduceMultiPass<unsigned int=128, bool=1>(float const *, float*, unsigned int)",1,"global_hit_rate","Global Hit Rate",50.000000%,50.000000%,50.000000%
"GeForce GTX 1080 Ti (0)","void reduceMultiPass<unsigned int=128, bool=1>(float const *, float*, unsigned int)",1,"local_hit_rate","Local Hit Rate",0.000000%,0.000000%,0.000000%
"GeForce GTX 1080 Ti (0)","void reduceMultiPass<unsigned int=128, bool=1>(float const *, float*, unsigned int)",1,"gld_requested_throughput","Requested Global Load Throughput",136.049387GB/s,136.049387GB/s,136.048533GB/s
"GeForce GTX 1080 Ti (0)","void reduceMultiPass<unsigned int=128, bool=1>(float const *, float*, unsigned int)",1,"gst_requested_throughput","Requested Global Store Throughput",8.503086MB/s,8.503086MB/s,7.629395MB/s
"GeForce GTX 1080 Ti (0)","void reduceMultiPass<unsigned int=128, bool=1>(float const *, float*, unsigned int)",1,"gld_throughput","Global Load Throughput",136.049387GB/s,136.049387GB/s,136.048533GB/s
"GeForce GTX 1080 Ti (0)","void reduceMultiPass<unsigned int=128, bool=1>(float const *, float*, unsigned int)",1,"gst_throughput","Global Store Throughput",68.024693MB/s,68.024693MB/s,67.710876MB/s
"GeForce GTX 1080 Ti (0)","void reduceMultiPass<unsigned int=128, bool=1>(float const *, float*, unsigned int)",1,"local_memory_overhead","Local Memory Overhead",0.000000%,0.000000%,0.000000%
"GeForce GTX 1080 Ti (0)","void reduceMultiPass<unsigned int=128, bool=1>(float const *, float*, unsigned int)",1,"tex_cache_hit_rate","Unified Cache Hit Rate",49.987796%,49.987796%,49.987796%
"GeForce GTX 1080 Ti (0)","void reduceMultiPass<unsigned int=128, bool=1>(float const *, float*, unsigned int)",1,"l2_tex_read_hit_rate","L2 Hit Rate (Texture Reads)",0.061035%,0.061035%,0.061035%
"GeForce GTX 1080 Ti (0)","void reduceMultiPass<unsigned int=128, bool=1>(float const *, float*, unsigned int)",1,"l2_tex_write_hit_rate","L2 Hit Rate (Texture Writes)",96.875000%,96.875000%,96.875000%
"GeForce GTX 1080 Ti (0)","void reduceMultiPass<unsigned int=128, bool=1>(float const *, float*, unsigned int)",1,"tex_cache_throughput","Unified Cache Throughput",136.049387GB/s,136.049387GB/s,136.048533GB/s
"GeForce GTX 1080 Ti (0)","void reduceMultiPass<unsigned int=128, bool=1>(float const *, float*, unsigned int)",1,"l2_tex_read_throughput","L2 Throughput (Texture Reads)",136.049387GB/s,136.049387GB/s,136.048533GB/s
"GeForce GTX 1080 Ti (0)","void reduceMultiPass<unsigned int=128, bool=1>(float const *, float*, unsigned int)",1,"l2_tex_write_throughput","L2 Throughput (Texture Writes)",68.024693MB/s,68.024693MB/s,67.710876MB/s
"GeForce GTX 1080 Ti (0)","void reduceMultiPass<unsigned int=128, bool=1>(float const *, float*, unsigned int)",1,"l2_read_throughput","L2 Throughput (Reads)",136.149033GB/s,136.149033GB/s,136.148185GB/s
"GeForce GTX 1080 Ti (0)","void reduceMultiPass<unsigned int=128, bool=1>(float const *, float*, unsigned int)",1,"l2_write_throughput","L2 Throughput (Writes)",81.842209MB/s,81.842209MB/s,81.062317MB/s
"GeForce GTX 1080 Ti (0)","void reduceMultiPass<unsigned int=128, bool=1>(float const *, float*, unsigned int)",1,"sysmem_read_throughput","System Memory Read Throughput",0.000000B/s,0.000000B/s,0.000000B/s
"GeForce GTX 1080 Ti (0)","void reduceMultiPass<unsigned int=128, bool=1>(float const *, float*, unsigned int)",1,"sysmem_write_throughput","System Memory Write Throughput",5.314428MB/s,5.314428MB/s,4.768372MB/s
"GeForce GTX 1080 Ti (0)","void reduceMultiPass<unsigned int=128, bool=1>(float const *, float*, unsigned int)",1,"local_load_throughput","Local Memory Load Throughput",0.000000B/s,0.000000B/s,0.000000B/s
"GeForce GTX 1080 Ti (0)","void reduceMultiPass<unsigned int=128, bool=1>(float const *, float*, unsigned int)",1,"local_store_throughput","Local Memory Store Throughput",0.000000B/s,0.000000B/s,0.000000B/s
"GeForce GTX 1080 Ti (0)","void reduceMultiPass<unsigned int=128, bool=1>(float const *, float*, unsigned int)",1,"shared_load_throughput","Shared Memory Load Throughput",2.391493GB/s,2.391493GB/s,2.390705GB/s
"GeForce GTX 1080 Ti (0)","void reduceMultiPass<unsigned int=128, bool=1>(float const *, float*, unsigned int)",1,"shared_store_throughput","Shared Memory Store Throughput",3.188658GB/s,3.188658GB/s,3.187917GB/s
"GeForce GTX 1080 Ti (0)","void reduceMultiPass<unsigned int=128, bool=1>(float const *, float*, unsigned int)",1,"gld_efficiency","Global Memory Load Efficiency",100.000000%,100.000000%,100.000000%
"GeForce GTX 1080 Ti (0)","void reduceMultiPass<unsigned int=128, bool=1>(float const *, float*, unsigned int)",1,"gst_efficiency","Global Memory Store Efficiency",12.500000%,12.500000%,12.500000%
"GeForce GTX 1080 Ti (0)","void reduceMultiPass<unsigned int=128, bool=1>(float const *, float*, unsigned int)",1,"tex_cache_transactions","Unified Cache Transactions",131072,131072,131072
"GeForce GTX 1080 Ti (0)","void reduceMultiPass<unsigned int=128, bool=1>(float const *, float*, unsigned int)",1,"flop_count_dp","Floating Point Operations(Double Precision)",0,0,0
"GeForce GTX 1080 Ti (0)","void reduceMultiPass<unsigned int=128, bool=1>(float const *, float*, unsigned int)",1,"flop_count_dp_add","Floating Point Operations(Double Precision Add)",0,0,0
"GeForce GTX 1080 Ti (0)","void reduceMultiPass<unsigned int=128, bool=1>(float const *, float*, unsigned int)",1,"flop_count_dp_fma","Floating Point Operations(Double Precision FMA)",0,0,0
"GeForce GTX 1080 Ti (0)","void reduceMultiPass<unsigned int=128, bool=1>(float const *, float*, unsigned int)",1,"flop_count_dp_mul","Floating Point Operations(Double Precision Mul)",0,0,0
"GeForce GTX 1080 Ti (0)","void reduceMultiPass<unsigned int=128, bool=1>(float const *, float*, unsigned int)",1,"flop_count_sp","Floating Point Operations(Single Precision)",1064960,1064960,1064960
"GeForce GTX 1080 Ti (0)","void reduceMultiPass<unsigned int=128, bool=1>(float const *, float*, unsigned int)",1,"flop_count_sp_add","Floating Point Operations(Single Precision Add)",1064960,1064960,1064960
"GeForce GTX 1080 Ti (0)","void reduceMultiPass<unsigned int=128, bool=1>(float const *, float*, unsigned int)",1,"flop_count_sp_fma","Floating Point Operations(Single Precision FMA)",0,0,0
"GeForce GTX 1080 Ti (0)","void reduceMultiPass<unsigned int=128, bool=1>(float const *, float*, unsigned int)",1,"flop_count_sp_mul","Floating Point Operation(Single Precision Mul)",0,0,0
"GeForce GTX 1080 Ti (0)","void reduceMultiPass<unsigned int=128, bool=1>(float const *, float*, unsigned int)",1,"flop_count_sp_special","Floating Point Operations(Single Precision Special)",0,0,0
"GeForce GTX 1080 Ti (0)","void reduceMultiPass<unsigned int=128, bool=1>(float const *, float*, unsigned int)",1,"inst_executed","Instructions Executed",237824,237824,237824
"GeForce GTX 1080 Ti (0)","void reduceMultiPass<unsigned int=128, bool=1>(float const *, float*, unsigned int)",1,"inst_issued","Instructions Issued",238336,238336,238336
"GeForce GTX 1080 Ti (0)","void reduceMultiPass<unsigned int=128, bool=1>(float const *, float*, unsigned int)",1,"sysmem_utilization","System Memory Utilization","Low (1)","Low (1)","Low (1)"
"GeForce GTX 1080 Ti (0)","void reduceMultiPass<unsigned int=128, bool=1>(float const *, float*, unsigned int)",1,"stall_inst_fetch","Issue Stall Reasons (Instructions Fetch)",3.955914%,3.955914%,3.955914%
"GeForce GTX 1080 Ti (0)","void reduceMultiPass<unsigned int=128, bool=1>(float const *, float*, unsigned int)",1,"stall_exec_dependency","Issue Stall Reasons (Execution Dependency)",6.634264%,6.634264%,6.634264%
"GeForce GTX 1080 Ti (0)","void reduceMultiPass<unsigned int=128, bool=1>(float const *, float*, unsigned int)",1,"stall_memory_dependency","Issue Stall Reasons (Data Request)",85.299181%,85.299181%,85.299181%
"GeForce GTX 1080 Ti (0)","void reduceMultiPass<unsigned int=128, bool=1>(float const *, float*, unsigned int)",1,"stall_texture","Issue Stall Reasons (Texture)",0.000000%,0.000000%,0.000000%
"GeForce GTX 1080 Ti (0)","void reduceMultiPass<unsigned int=128, bool=1>(float const *, float*, unsigned int)",1,"stall_sync","Issue Stall Reasons (Synchronization)",1.408272%,1.408272%,1.408272%
"GeForce GTX 1080 Ti (0)","void reduceMultiPass<unsigned int=128, bool=1>(float const *, float*, unsigned int)",1,"stall_other","Issue Stall Reasons (Other)",1.245295%,1.245295%,1.245295%
"GeForce GTX 1080 Ti (0)","void reduceMultiPass<unsigned int=128, bool=1>(float const *, float*, unsigned int)",1,"stall_constant_memory_dependency","Issue Stall Reasons (Immediate constant)",1.316754%,1.316754%,1.316754%
"GeForce GTX 1080 Ti (0)","void reduceMultiPass<unsigned int=128, bool=1>(float const *, float*, unsigned int)",1,"stall_pipe_busy","Issue Stall Reasons (Pipe Busy)",0.043902%,0.043902%,0.043902%
"GeForce GTX 1080 Ti (0)","void reduceMultiPass<unsigned int=128, bool=1>(float const *, float*, unsigned int)",1,"shared_efficiency","Shared Memory Efficiency",95.386905%,95.386905%,95.386905%
"GeForce GTX 1080 Ti (0)","void reduceMultiPass<unsigned int=128, bool=1>(float const *, float*, unsigned int)",1,"inst_fp_32","FP Instructions(Single)",1064960,1064960,1064960
"GeForce GTX 1080 Ti (0)","void reduceMultiPass<unsigned int=128, bool=1>(float const *, float*, unsigned int)",1,"inst_fp_64","FP Instructions(Double)",0,0,0
"GeForce GTX 1080 Ti (0)","void reduceMultiPass<unsigned int=128, bool=1>(float const *, float*, unsigned int)",1,"inst_integer","Integer Instructions",3719296,3719296,3719296
"GeForce GTX 1080 Ti (0)","void reduceMultiPass<unsigned int=128, bool=1>(float const *, float*, unsigned int)",1,"inst_bit_convert","Bit-Convert Instructions",0,0,0
"GeForce GTX 1080 Ti (0)","void reduceMultiPass<unsigned int=128, bool=1>(float const *, float*, unsigned int)",1,"inst_control","Control-Flow Instructions",573440,573440,573440
"GeForce GTX 1080 Ti (0)","void reduceMultiPass<unsigned int=128, bool=1>(float const *, float*, unsigned int)",1,"inst_compute_ld_st","Load/Store Instructions",1089664,1089664,1089664
"GeForce GTX 1080 Ti (0)","void reduceMultiPass<unsigned int=128, bool=1>(float const *, float*, unsigned int)",1,"inst_misc","Misc Instructions",1118208,1118208,1118208
"GeForce GTX 1080 Ti (0)","void reduceMultiPass<unsigned int=128, bool=1>(float const *, float*, unsigned int)",1,"inst_inter_thread_communication","Inter-Thread Instructions",0,0,0
"GeForce GTX 1080 Ti (0)","void reduceMultiPass<unsigned int=128, bool=1>(float const *, float*, unsigned int)",1,"issue_slots","Issue Slots",204224,204224,204224
"GeForce GTX 1080 Ti (0)","void reduceMultiPass<unsigned int=128, bool=1>(float const *, float*, unsigned int)",1,"cf_issued","Issued Control-Flow Instructions",18560,18560,18560
"GeForce GTX 1080 Ti (0)","void reduceMultiPass<unsigned int=128, bool=1>(float const *, float*, unsigned int)",1,"cf_executed","Executed Control-Flow Instructions",18560,18560,18560
"GeForce GTX 1080 Ti (0)","void reduceMultiPass<unsigned int=128, bool=1>(float const *, float*, unsigned int)",1,"ldst_issued","Issued Load/Store Instructions",133760,133760,133760
"GeForce GTX 1080 Ti (0)","void reduceMultiPass<unsigned int=128, bool=1>(float const *, float*, unsigned int)",1,"ldst_executed","Executed Load/Store Instructions",35456,35456,35456
"GeForce GTX 1080 Ti (0)","void reduceMultiPass<unsigned int=128, bool=1>(float const *, float*, unsigned int)",1,"atomic_transactions","Atomic Transactions",0,0,0
"GeForce GTX 1080 Ti (0)","void reduceMultiPass<unsigned int=128, bool=1>(float const *, float*, unsigned int)",1,"atomic_transactions_per_request","Atomic Transactions Per Request",0.000000,0.000000,0.000000
"GeForce GTX 1080 Ti (0)","void reduceMultiPass<unsigned int=128, bool=1>(float const *, float*, unsigned int)",1,"l2_atomic_throughput","L2 Throughput (Atomic requests)",0.000000B/s,0.000000B/s,0.000000B/s
"GeForce GTX 1080 Ti (0)","void reduceMultiPass<unsigned int=128, bool=1>(float const *, float*, unsigned int)",1,"l2_atomic_transactions","L2 Transactions (Atomic requests)",0,0,0
"GeForce GTX 1080 Ti (0)","void reduceMultiPass<unsigned int=128, bool=1>(float const *, float*, unsigned int)",1,"l2_tex_read_transactions","L2 Transactions (Texture Reads)",131072,131072,131072
"GeForce GTX 1080 Ti (0)","void reduceMultiPass<unsigned int=128, bool=1>(float const *, float*, unsigned int)",1,"stall_memory_throttle","Issue Stall Reasons (Memory Throttle)",0.013314%,0.013314%,0.013314%
"GeForce GTX 1080 Ti (0)","void reduceMultiPass<unsigned int=128, bool=1>(float const *, float*, unsigned int)",1,"stall_not_selected","Issue Stall Reasons (Not Selected)",0.083102%,0.083102%,0.083102%
"GeForce GTX 1080 Ti (0)","void reduceMultiPass<unsigned int=128, bool=1>(float const *, float*, unsigned int)",1,"l2_tex_write_transactions","L2 Transactions (Texture Writes)",64,64,64
"GeForce GTX 1080 Ti (0)","void reduceMultiPass<unsigned int=128, bool=1>(float const *, float*, unsigned int)",1,"flop_count_hp","Floating Point Operations(Half Precision)",0,0,0
"GeForce GTX 1080 Ti (0)","void reduceMultiPass<unsigned int=128, bool=1>(float const *, float*, unsigned int)",1,"flop_count_hp_add","Floating Point Operations(Half Precision Add)",0,0,0
"GeForce GTX 1080 Ti (0)","void reduceMultiPass<unsigned int=128, bool=1>(float const *, float*, unsigned int)",1,"flop_count_hp_mul","Floating Point Operation(Half Precision Mul)",0,0,0
"GeForce GTX 1080 Ti (0)","void reduceMultiPass<unsigned int=128, bool=1>(float const *, float*, unsigned int)",1,"flop_count_hp_fma","Floating Point Operations(Half Precision FMA)",0,0,0
"GeForce GTX 1080 Ti (0)","void reduceMultiPass<unsigned int=128, bool=1>(float const *, float*, unsigned int)",1,"inst_fp_16","HP Instructions(Half)",0,0,0
"GeForce GTX 1080 Ti (0)","void reduceMultiPass<unsigned int=128, bool=1>(float const *, float*, unsigned int)",1,"sysmem_read_utilization","System Memory Read Utilization","Idle (0)","Idle (0)","Idle (0)"
"GeForce GTX 1080 Ti (0)","void reduceMultiPass<unsigned int=128, bool=1>(float const *, float*, unsigned int)",1,"sysmem_write_utilization","System Memory Write Utilization","Low (1)","Low (1)","Low (1)"
"GeForce GTX 1080 Ti (0)","void reduceMultiPass<unsigned int=128, bool=1>(float const *, float*, unsigned int)",1,"sm_activity","Multiprocessor Activity",84.012322%,84.012322%,84.012322%
"GeForce GTX 1080 Ti (0)","void reduceMultiPass<unsigned int=128, bool=1>(float const *, float*, unsigned int)",1,"achieved_occupancy","Achieved Occupancy",0.142103,0.142103,0.142103
"GeForce GTX 1080 Ti (0)","void reduceMultiPass<unsigned int=128, bool=1>(float const *, float*, unsigned int)",1,"executed_ipc","Executed IPC",0.216282,0.216282,0.216282
"GeForce GTX 1080 Ti (0)","void reduceMultiPass<unsigned int=128, bool=1>(float const *, float*, unsigned int)",1,"issued_ipc","Issued IPC",0.216748,0.216748,0.216748
"GeForce GTX 1080 Ti (0)","void reduceMultiPass<unsigned int=128, bool=1>(float const *, float*, unsigned int)",1,"issue_slot_utilization","Issue Slot Utilization",4.643135%,4.643135%,4.643135%
"GeForce GTX 1080 Ti (0)","void reduceMultiPass<unsigned int=128, bool=1>(float const *, float*, unsigned int)",1,"eligible_warps_per_cycle","Eligible Warps Per Active Cycle",0.191644,0.191644,0.191644
"GeForce GTX 1080 Ti (0)","void reduceMultiPass<unsigned int=128, bool=1>(float const *, float*, unsigned int)",1,"tex_utilization","Unified Cache Utilization","Low (1)","Low (1)","Low (1)"
"GeForce GTX 1080 Ti (0)","void reduceMultiPass<unsigned int=128, bool=1>(float const *, float*, unsigned int)",1,"l2_utilization","L2 Cache Utilization","Low (2)","Low (2)","Low (2)"
"GeForce GTX 1080 Ti (0)","void reduceMultiPass<unsigned int=128, bool=1>(float const *, float*, unsigned int)",1,"shared_utilization","Shared Memory Utilization","Low (1)","Low (1)","Low (1)"
"GeForce GTX 1080 Ti (0)","void reduceMultiPass<unsigned int=128, bool=1>(float const *, float*, unsigned int)",1,"ldst_fu_utilization","Load/Store Function Unit Utilization","Low (1)","Low (1)","Low (1)"
"GeForce GTX 1080 Ti (0)","void reduceMultiPass<unsigned int=128, bool=1>(float const *, float*, unsigned int)",1,"cf_fu_utilization","Control-Flow Function Unit Utilization","Low (1)","Low (1)","Low (1)"
"GeForce GTX 1080 Ti (0)","void reduceMultiPass<unsigned int=128, bool=1>(float const *, float*, unsigned int)",1,"special_fu_utilization","Special Function Unit Utilization","Idle (0)","Idle (0)","Idle (0)"
"GeForce GTX 1080 Ti (0)","void reduceMultiPass<unsigned int=128, bool=1>(float const *, float*, unsigned int)",1,"tex_fu_utilization","Texture Function Unit Utilization","Low (1)","Low (1)","Low (1)"
"GeForce GTX 1080 Ti (0)","void reduceMultiPass<unsigned int=128, bool=1>(float const *, float*, unsigned int)",1,"single_precision_fu_utilization","Single-Precision Function Unit Utilization","Low (1)","Low (1)","Low (1)"
"GeForce GTX 1080 Ti (0)","void reduceMultiPass<unsigned int=128, bool=1>(float const *, float*, unsigned int)",1,"double_precision_fu_utilization","Double-Precision Function Unit Utilization","Idle (0)","Idle (0)","Idle (0)"
"GeForce GTX 1080 Ti (0)","void reduceMultiPass<unsigned int=128, bool=1>(float const *, float*, unsigned int)",1,"flop_hp_efficiency","FLOP Efficiency(Peak Half)",0.000000%,0.000000%,0.000000%
"GeForce GTX 1080 Ti (0)","void reduceMultiPass<unsigned int=128, bool=1>(float const *, float*, unsigned int)",1,"flop_sp_efficiency","FLOP Efficiency(Peak Single)",0.322661%,0.322661%,0.322661%
"GeForce GTX 1080 Ti (0)","void reduceMultiPass<unsigned int=128, bool=1>(float const *, float*, unsigned int)",1,"flop_dp_efficiency","FLOP Efficiency(Peak Double)",0.000000%,0.000000%,0.000000%
"GeForce GTX 1080 Ti (0)","void reduceMultiPass<unsigned int=128, bool=1>(float const *, float*, unsigned int)",1,"dram_read_transactions","Device Memory Read Transactions",130992,130992,130992
"GeForce GTX 1080 Ti (0)","void reduceMultiPass<unsigned int=128, bool=1>(float const *, float*, unsigned int)",1,"dram_write_transactions","Device Memory Write Transactions",42496,42496,42496
"GeForce GTX 1080 Ti (0)","void reduceMultiPass<unsigned int=128, bool=1>(float const *, float*, unsigned int)",1,"dram_read_throughput","Device Memory Read Throughput",135.966349GB/s,135.966349GB/s,135.965645GB/s
"GeForce GTX 1080 Ti (0)","void reduceMultiPass<unsigned int=128, bool=1>(float const *, float*, unsigned int)",1,"dram_write_throughput","Device Memory Write Throughput",44.109762GB/s,44.109762GB/s,44.109300GB/s
"GeForce GTX 1080 Ti (0)","void reduceMultiPass<unsigned int=128, bool=1>(float const *, float*, unsigned int)",1,"dram_utilization","Device Memory Utilization","Mid (4)","Mid (4)","Mid (4)"
"GeForce GTX 1080 Ti (0)","void reduceMultiPass<unsigned int=128, bool=1>(float const *, float*, unsigned int)",1,"half_precision_fu_utilization","Half-Precision Function Unit Utilization","Idle (0)","Idle (0)","Idle (0)"
"GeForce GTX 1080 Ti (0)","void reduceMultiPass<unsigned int=128, bool=1>(float const *, float*, unsigned int)",1,"ecc_transactions","ECC Transactions",0,0,0
"GeForce GTX 1080 Ti (0)","void reduceMultiPass<unsigned int=128, bool=1>(float const *, float*, unsigned int)",1,"ecc_throughput","ECC Throughput",0.000000B/s,0.000000B/s,0.000000B/s
"GeForce GTX 1080 Ti (0)","void reduceSinglePass<unsigned int=128, bool=1>(float const *, float*, unsigned int)",100,"inst_per_warp","Instructions per warp",945.558594,945.558594,945.558594
"GeForce GTX 1080 Ti (0)","void reduceSinglePass<unsigned int=128, bool=1>(float const *, float*, unsigned int)",100,"branch_efficiency","Branch Efficiency",100.000000%,100.000000%,100.000000%
"GeForce GTX 1080 Ti (0)","void reduceSinglePass<unsigned int=128, bool=1>(float const *, float*, unsigned int)",100,"warp_execution_efficiency","Warp Execution Efficiency",99.765996%,99.766512%,99.766273%
"GeForce GTX 1080 Ti (0)","void reduceSinglePass<unsigned int=128, bool=1>(float const *, float*, unsigned int)",100,"warp_nonpred_execution_efficiency","Warp Non-Predicated Execution Efficiency",98.782626%,98.782652%,98.782639%
"GeForce GTX 1080 Ti (0)","void reduceSinglePass<unsigned int=128, bool=1>(float const *, float*, unsigned int)",100,"inst_replay_overhead","Instruction Replay Overhead",0.002115,0.002115,0.002115
"GeForce GTX 1080 Ti (0)","void reduceSinglePass<unsigned int=128, bool=1>(float const *, float*, unsigned int)",100,"shared_load_transactions_per_request","Shared Memory Load Transactions Per Request",0.723130,0.723130,0.723130
"GeForce GTX 1080 Ti (0)","void reduceSinglePass<unsigned int=128, bool=1>(float const *, float*, unsigned int)",100,"shared_store_transactions_per_request","Shared Memory Store Transactions Per Request",0.866530,0.866530,0.866530
"GeForce GTX 1080 Ti (0)","void reduceSinglePass<unsigned int=128, bool=1>(float const *, float*, unsigned int)",100,"local_load_transactions_per_request","Local Memory Load Transactions Per Request",0.000000,0.000000,0.000000
"GeForce GTX 1080 Ti (0)","void reduceSinglePass<unsigned int=128, bool=1>(float const *, float*, unsigned int)",100,"local_store_transactions_per_request","Local Memory Store Transactions Per Request",0.000000,0.000000,0.000000
"GeForce GTX 1080 Ti (0)","void reduceSinglePass<unsigned int=128, bool=1>(float const *, float*, unsigned int)",100,"gld_transactions_per_request","Global Load Transactions Per Request",8.000000,8.000000,8.000000
"GeForce GTX 1080 Ti (0)","void reduceSinglePass<unsigned int=128, bool=1>(float const *, float*, unsigned int)",100,"gst_transactions_per_request","Global Store Transactions Per Request",0.255814,0.255814,0.255814
"GeForce GTX 1080 Ti (0)","void reduceSinglePass<unsigned int=128, bool=1>(float const *, float*, unsigned int)",100,"shared_store_transactions","Shared Store Transactions",844,844,844
"GeForce GTX 1080 Ti (0)","void reduceSinglePass<unsigned int=128, bool=1>(float const *, float*, unsigned int)",100,"shared_load_transactions","Shared Load Transactions",841,841,841
"GeForce GTX 1080 Ti (0)","void reduceSinglePass<unsigned int=128, bool=1>(float const *, float*, unsigned int)",100,"local_load_transactions","Local Load Transactions",0,0,0
"GeForce GTX 1080 Ti (0)","void reduceSinglePass<unsigned int=128, bool=1>(float const *, float*, unsigned int)",100,"local_store_transactions","Local Store Transactions",0,0,0
"GeForce GTX 1080 Ti (0)","void reduceSinglePass<unsigned int=128, bool=1>(float const *, float*, unsigned int)",100,"gld_transactions","Global Load Transactions",262160,262160,262160
"GeForce GTX 1080 Ti (0)","void reduceSinglePass<unsigned int=128, bool=1>(float const *, float*, unsigned int)",100,"gst_transactions","Global Store Transactions",66,66,66
"GeForce GTX 1080 Ti (0)","void reduceSinglePass<unsigned int=128, bool=1>(float const *, float*, unsigned int)",100,"sysmem_read_transactions","System Memory Read Transactions",0,0,0
"GeForce GTX 1080 Ti (0)","void reduceSinglePass<unsigned int=128, bool=1>(float const *, float*, unsigned int)",100,"sysmem_write_transactions","System Memory Write Transactions",5,5,5
"GeForce GTX 1080 Ti (0)","void reduceSinglePass<unsigned int=128, bool=1>(float const *, float*, unsigned int)",100,"l2_read_transactions","L2 Read Transactions",131240,131776,131404
"GeForce GTX 1080 Ti (0)","void reduceSinglePass<unsigned int=128, bool=1>(float const *, float*, unsigned int)",100,"l2_write_transactions","L2 Write Transactions",143,143,143
"GeForce GTX 1080 Ti (0)","void reduceSinglePass<unsigned int=128, bool=1>(float const *, float*, unsigned int)",100,"global_hit_rate","Global Hit Rate",50.000000%,50.000000%,50.000000%
"GeForce GTX 1080 Ti (0)","void reduceSinglePass<unsigned int=128, bool=1>(float const *, float*, unsigned int)",100,"local_hit_rate","Local Hit Rate",0.000000%,0.000000%,0.000000%
"GeForce GTX 1080 Ti (0)","void reduceSinglePass<unsigned int=128, bool=1>(float const *, float*, unsigned int)",100,"gld_requested_throughput","Requested Global Load Throughput",128.909993GB/s,130.774251GB/s,129.764900GB/s
"GeForce GTX 1080 Ti (0)","void reduceSinglePass<unsigned int=128, bool=1>(float const *, float*, unsigned int)",100,"gst_requested_throughput","Requested Global Store Throughput",8.308145MB/s,8.428294MB/s,7.629395MB/s
"GeForce GTX 1080 Ti (0)","void reduceSinglePass<unsigned int=128, bool=1>(float const *, float*, unsigned int)",100,"gld_throughput","Global Load Throughput",128.909993GB/s,130.774251GB/s,129.764900GB/s
"GeForce GTX 1080 Ti (0)","void reduceSinglePass<unsigned int=128, bool=1>(float const *, float*, unsigned int)",100,"gst_throughput","Global Store Throughput",66.465158MB/s,67.426357MB/s,65.803528MB/s
"GeForce GTX 1080 Ti (0)","void reduceSinglePass<unsigned int=128, bool=1>(float const *, float*, unsigned int)",100,"local_memory_overhead","Local Memory Overhead",0.000000%,0.000000%,0.000000%
"GeForce GTX 1080 Ti (0)","void reduceSinglePass<unsigned int=128, bool=1>(float const *, float*, unsigned int)",100,"tex_cache_hit_rate","Unified Cache Hit Rate",49.999619%,49.999619%,49.999619%
"GeForce GTX 1080 Ti (0)","void reduceSinglePass<unsigned int=128, bool=1>(float const *, float*, unsigned int)",100,"l2_tex_read_hit_rate","L2 Hit Rate (Texture Reads)",0.006103%,0.201404%,0.095606%
"GeForce GTX 1080 Ti (0)","void reduceSinglePass<unsigned int=128, bool=1>(float const *, float*, unsigned int)",100,"l2_tex_write_hit_rate","L2 Hit Rate (Texture Writes)",96.969697%,96.969697%,96.969697%
"GeForce GTX 1080 Ti (0)","void reduceSinglePass<unsigned int=128, bool=1>(float const *, float*, unsigned int)",100,"tex_cache_throughput","Unified Cache Throughput",128.972933GB/s,130.838101GB/s,129.828230GB/s
"GeForce GTX 1080 Ti (0)","void reduceSinglePass<unsigned int=128, bool=1>(float const *, float*, unsigned int)",100,"l2_tex_read_throughput","L2 Throughput (Texture Reads)",128.909993GB/s,130.774251GB/s,129.764900GB/s
"GeForce GTX 1080 Ti (0)","void reduceSinglePass<unsigned int=128, bool=1>(float const *, float*, unsigned int)",100,"l2_tex_write_throughput","L2 Throughput (Texture Writes)",66.465158MB/s,67.426357MB/s,65.803528MB/s
"GeForce GTX 1080 Ti (0)","void reduceSinglePass<unsigned int=128, bool=1>(float const *, float*, unsigned int)",100,"l2_read_throughput","L2 Throughput (Reads)",129.238889GB/s,131.208404GB/s,130.086206GB/s
"GeForce GTX 1080 Ti (0)","void reduceSinglePass<unsigned int=128, bool=1>(float const *, float*, unsigned int)",100,"l2_write_throughput","L2 Throughput (Writes)",144.007842MB/s,146.090441MB/s,144.004822MB/s
"GeForce GTX 1080 Ti (0)","void reduceSinglePass<unsigned int=128, bool=1>(float const *, float*, unsigned int)",100,"sysmem_read_throughput","System Memory Read Throughput",0.000000B/s,0.000000B/s,0.000000B/s
"GeForce GTX 1080 Ti (0)","void reduceSinglePass<unsigned int=128, bool=1>(float const *, float*, unsigned int)",100,"sysmem_write_throughput","System Memory Write Throughput",5.035239MB/s,5.108057MB/s,4.768372MB/s
"GeForce GTX 1080 Ti (0)","void reduceSinglePass<unsigned int=128, bool=1>(float const *, float*, unsigned int)",100,"local_load_throughput","Local Memory Load Throughput",0.000000B/s,0.000000B/s,0.000000B/s
"GeForce GTX 1080 Ti (0)","void reduceSinglePass<unsigned int=128, bool=1>(float const *, float*, unsigned int)",100,"local_store_throughput","Local Memory Store Throughput",0.000000B/s,0.000000B/s,0.000000B/s
"GeForce GTX 1080 Ti (0)","void reduceSinglePass<unsigned int=128, bool=1>(float const *, float*, unsigned int)",100,"shared_load_throughput","Shared Memory Load Throughput",3.308310GB/s,3.356153GB/s,3.329478GB/s
"GeForce GTX 1080 Ti (0)","void reduceSinglePass<unsigned int=128, bool=1>(float const *, float*, unsigned int)",100,"shared_store_throughput","Shared Memory Store Throughput",3.320111GB/s,3.368125GB/s,3.341585GB/s
"GeForce GTX 1080 Ti (0)","void reduceSinglePass<unsigned int=128, bool=1>(float const *, float*, unsigned int)",100,"gld_efficiency","Global Memory Load Efficiency",100.000000%,100.000000%,100.000000%
"GeForce GTX 1080 Ti (0)","void reduceSinglePass<unsigned int=128, bool=1>(float const *, float*, unsigned int)",100,"gst_efficiency","Global Memory Store Efficiency",12.500000%,12.500000%,12.500000%
"GeForce GTX 1080 Ti (0)","void reduceSinglePass<unsigned int=128, bool=1>(float const *, float*, unsigned int)",100,"tex_cache_transactions","Unified Cache Transactions",131144,131144,131144
"GeForce GTX 1080 Ti (0)","void reduceSinglePass<unsigned int=128, bool=1>(float const *, float*, unsigned int)",100,"flop_count_dp","Floating Point Operations(Double Precision)",0,0,0
"GeForce GTX 1080 Ti (0)","void reduceSinglePass<unsigned int=128, bool=1>(float const *, float*, unsigned int)",100,"flop_count_dp_add","Floating Point Operations(Double Precision Add)",0,0,0
"GeForce GTX 1080 Ti (0)","void reduceSinglePass<unsigned int=128, bool=1>(float const *, float*, unsigned int)",100,"flop_count_dp_fma","Floating Point Operations(Double Precision FMA)",0,0,0
"GeForce GTX 1080 Ti (0)","void reduceSinglePass<unsigned int=128, bool=1>(float const *, float*, unsigned int)",100,"flop_count_dp_mul","Floating Point Operations(Double Precision Mul)",0,0,0
"GeForce GTX 1080 Ti (0)","void reduceSinglePass<unsigned int=128, bool=1>(float const *, float*, unsigned int)",100,"flop_count_sp","Floating Point Operations(Single Precision)",1065280,1065280,1065280
"GeForce GTX 1080 Ti (0)","void reduceSinglePass<unsigned int=128, bool=1>(float const *, float*, unsigned int)",100,"flop_count_sp_add","Floating Point Operations(Single Precision Add)",1065280,1065280,1065280
"GeForce GTX 1080 Ti (0)","void reduceSinglePass<unsigned int=128, bool=1>(float const *, float*, unsigned int)",100,"flop_count_sp_fma","Floating Point Operations(Single Precision FMA)",0,0,0
"GeForce GTX 1080 Ti (0)","void reduceSinglePass<unsigned int=128, bool=1>(float const *, float*, unsigned int)",100,"flop_count_sp_mul","Floating Point Operation(Single Precision Mul)",0,0,0
"GeForce GTX 1080 Ti (0)","void reduceSinglePass<unsigned int=128, bool=1>(float const *, float*, unsigned int)",100,"flop_count_sp_special","Floating Point Operations(Single Precision Special)",0,0,0
"GeForce GTX 1080 Ti (0)","void reduceSinglePass<unsigned int=128, bool=1>(float const *, float*, unsigned int)",100,"inst_executed","Instructions Executed",242063,242063,242063
"GeForce GTX 1080 Ti (0)","void reduceSinglePass<unsigned int=128, bool=1>(float const *, float*, unsigned int)",100,"inst_issued","Instructions Issued",242575,242575,242575
"GeForce GTX 1080 Ti (0)","void reduceSinglePass<unsigned int=128, bool=1>(float const *, float*, unsigned int)",100,"sysmem_utilization","System Memory Utilization","Low (1)","Low (1)","Low (1)"
"GeForce GTX 1080 Ti (0)","void reduceSinglePass<unsigned int=128, bool=1>(float const *, float*, unsigned int)",100,"stall_inst_fetch","Issue Stall Reasons (Instructions Fetch)",3.121188%,4.422513%,3.578759%
"GeForce GTX 1080 Ti (0)","void reduceSinglePass<unsigned int=128, bool=1>(float const *, float*, unsigned int)",100,"stall_exec_dependency","Issue Stall Reasons (Execution Dependency)",6.598469%,6.819565%,6.729529%
"GeForce GTX 1080 Ti (0)","void reduceSinglePass<unsigned int=128, bool=1>(float const *, float*, unsigned int)",100,"stall_memory_dependency","Issue Stall Reasons (Data Request)",83.228178%,84.622010%,83.952311%
"GeForce GTX 1080 Ti (0)","void reduceSinglePass<unsigned int=128, bool=1>(float const *, float*, unsigned int)",100,"stall_texture","Issue Stall Reasons (Texture)",0.000000%,0.000000%,0.000000%
"GeForce GTX 1080 Ti (0)","void reduceSinglePass<unsigned int=128, bool=1>(float const *, float*, unsigned int)",100,"stall_sync","Issue Stall Reasons (Synchronization)",2.776841%,3.451859%,3.036382%
"GeForce GTX 1080 Ti (0)","void reduceSinglePass<unsigned int=128, bool=1>(float const *, float*, unsigned int)",100,"stall_other","Issue Stall Reasons (Other)",1.117703%,1.277518%,1.175049%
"GeForce GTX 1080 Ti (0)","void reduceSinglePass<unsigned int=128, bool=1>(float const *, float*, unsigned int)",100,"stall_constant_memory_dependency","Issue Stall Reasons (Immediate constant)",1.284309%,1.813985%,1.401341%
"GeForce GTX 1080 Ti (0)","void reduceSinglePass<unsigned int=128, bool=1>(float const *, float*, unsigned int)",100,"stall_pipe_busy","Issue Stall Reasons (Pipe Busy)",0.042692%,0.048931%,0.046263%
"GeForce GTX 1080 Ti (0)","void reduceSinglePass<unsigned int=128, bool=1>(float const *, float*, unsigned int)",100,"shared_efficiency","Shared Memory Efficiency",81.099777%,81.099777%,81.099777%
"GeForce GTX 1080 Ti (0)","void reduceSinglePass<unsigned int=128, bool=1>(float const *, float*, unsigned int)",100,"inst_fp_32","FP Instructions(Single)",1065280,1065280,1065280
"GeForce GTX 1080 Ti (0)","void reduceSinglePass<unsigned int=128, bool=1>(float const *, float*, unsigned int)",100,"inst_fp_64","FP Instructions(Double)",0,0,0
"GeForce GTX 1080 Ti (0)","void reduceSinglePass<unsigned int=128, bool=1>(float const *, float*, unsigned int)",100,"inst_integer","Integer Instructions",3744832,3744832,3744832
"GeForce GTX 1080 Ti (0)","void reduceSinglePass<unsigned int=128, bool=1>(float const *, float*, unsigned int)",100,"inst_bit_convert","Bit-Convert Instructions",0,0,0
"GeForce GTX 1080 Ti (0)","void reduceSinglePass<unsigned int=128, bool=1>(float const *, float*, unsigned int)",100,"inst_control","Control-Flow Instructions",590848,590848,590848
"GeForce GTX 1080 Ti (0)","void reduceSinglePass<unsigned int=128, bool=1>(float const *, float*, unsigned int)",100,"inst_compute_ld_st","Load/Store Instructions",1106883,1106883,1106883
"GeForce GTX 1080 Ti (0)","void reduceSinglePass<unsigned int=128, bool=1>(float const *, float*, unsigned int)",100,"inst_misc","Misc Instructions",1143876,1143876,1143876
"GeForce GTX 1080 Ti (0)","void reduceSinglePass<unsigned int=128, bool=1>(float const *, float*, unsigned int)",100,"inst_inter_thread_communication","Inter-Thread Instructions",0,0,0
"GeForce GTX 1080 Ti (0)","void reduceSinglePass<unsigned int=128, bool=1>(float const *, float*, unsigned int)",100,"issue_slots","Issue Slots",208248,208248,208248
"GeForce GTX 1080 Ti (0)","void reduceSinglePass<unsigned int=128, bool=1>(float const *, float*, unsigned int)",100,"cf_issued","Issued Control-Flow Instructions",19372,19372,19372
"GeForce GTX 1080 Ti (0)","void reduceSinglePass<unsigned int=128, bool=1>(float const *, float*, unsigned int)",100,"cf_executed","Executed Control-Flow Instructions",19372,19372,19372
"GeForce GTX 1080 Ti (0)","void reduceSinglePass<unsigned int=128, bool=1>(float const *, float*, unsigned int)",100,"ldst_issued","Issued Load/Store Instructions",134891,134891,134891
"GeForce GTX 1080 Ti (0)","void reduceSinglePass<unsigned int=128, bool=1>(float const *, float*, unsigned int)",100,"ldst_executed","Executed Load/Store Instructions",37029,37029,37029
"GeForce GTX 1080 Ti (0)","void reduceSinglePass<unsigned int=128, bool=1>(float const *, float*, unsigned int)",100,"atomic_transactions","Atomic Transactions",64,64,64
"GeForce GTX 1080 Ti (0)","void reduceSinglePass<unsigned int=128, bool=1>(float const *, float*, unsigned int)",100,"atomic_transactions_per_request","Atomic Transactions Per Request",1.000000,1.000000,1.000000
"GeForce GTX 1080 Ti (0)","void reduceSinglePass<unsigned int=128, bool=1>(float const *, float*, unsigned int)",100,"l2_atomic_throughput","L2 Throughput (Atomic requests)",64.451062MB/s,65.383134MB/s,63.896179MB/s
"GeForce GTX 1080 Ti (0)","void reduceSinglePass<unsigned int=128, bool=1>(float const *, float*, unsigned int)",100,"l2_atomic_transactions","L2 Transactions (Atomic requests)",128,128,128
"GeForce GTX 1080 Ti (0)","void reduceSinglePass<unsigned int=128, bool=1>(float const *, float*, unsigned int)",100,"l2_tex_read_transactions","L2 Transactions (Texture Reads)",131080,131080,131080
"GeForce GTX 1080 Ti (0)","void reduceSinglePass<unsigned int=128, bool=1>(float const *, float*, unsigned int)",100,"stall_memory_throttle","Issue Stall Reasons (Memory Throttle)",0.000239%,0.000291%,0.000251%
"GeForce GTX 1080 Ti (0)","void reduceSinglePass<unsigned int=128, bool=1>(float const *, float*, unsigned int)",100,"stall_not_selected","Issue Stall Reasons (Not Selected)",0.074703%,0.085068%,0.080115%
"GeForce GTX 1080 Ti (0)","void reduceSinglePass<unsigned int=128, bool=1>(float const *, float*, unsigned int)",100,"l2_tex_write_transactions","L2 Transactions (Texture Writes)",66,66,66
"GeForce GTX 1080 Ti (0)","void reduceSinglePass<unsigned int=128, bool=1>(float const *, float*, unsigned int)",100,"flop_count_hp","Floating Point Operations(Half Precision)",0,0,0
"GeForce GTX 1080 Ti (0)","void reduceSinglePass<unsigned int=128, bool=1>(float const *, float*, unsigned int)",100,"flop_count_hp_add","Floating Point Operations(Half Precision Add)",0,0,0
"GeForce GTX 1080 Ti (0)","void reduceSinglePass<unsigned int=128, bool=1>(float const *, float*, unsigned int)",100,"flop_count_hp_mul","Floating Point Operation(Half Precision Mul)",0,0,0
"GeForce GTX 1080 Ti (0)","void reduceSinglePass<unsigned int=128, bool=1>(float const *, float*, unsigned int)",100,"flop_count_hp_fma","Floating Point Operations(Half Precision FMA)",0,0,0
"GeForce GTX 1080 Ti (0)","void reduceSinglePass<unsigned int=128, bool=1>(float const *, float*, unsigned int)",100,"inst_fp_16","HP Instructions(Half)",0,0,0
"GeForce GTX 1080 Ti (0)","void reduceSinglePass<unsigned int=128, bool=1>(float const *, float*, unsigned int)",100,"sysmem_read_utilization","System Memory Read Utilization","Idle (0)","Idle (0)","Idle (0)"
"GeForce GTX 1080 Ti (0)","void reduceSinglePass<unsigned int=128, bool=1>(float const *, float*, unsigned int)",100,"sysmem_write_utilization","System Memory Write Utilization","Low (1)","Low (1)","Low (1)"
"GeForce GTX 1080 Ti (0)","void reduceSinglePass<unsigned int=128, bool=1>(float const *, float*, unsigned int)",100,"sm_activity","Multiprocessor Activity",79.230136%,83.763515%,81.942893%
"GeForce GTX 1080 Ti (0)","void reduceSinglePass<unsigned int=128, bool=1>(float const *, float*, unsigned int)",100,"achieved_occupancy","Achieved Occupancy",0.142340,0.142837,0.142597
"GeForce GTX 1080 Ti (0)","void reduceSinglePass<unsigned int=128, bool=1>(float const *, float*, unsigned int)",100,"executed_ipc","Executed IPC",0.212766,0.219874,0.216587
"GeForce GTX 1080 Ti (0)","void reduceSinglePass<unsigned int=128, bool=1>(float const *, float*, unsigned int)",100,"issued_ipc","Issued IPC",0.213101,0.220425,0.217352
"GeForce GTX 1080 Ti (0)","void reduceSinglePass<unsigned int=128, bool=1>(float const *, float*, unsigned int)",100,"issue_slot_utilization","Issue Slot Utilization",4.573626%,4.730802%,4.664866%
"GeForce GTX 1080 Ti (0)","void reduceSinglePass<unsigned int=128, bool=1>(float const *, float*, unsigned int)",100,"eligible_warps_per_cycle","Eligible Warps Per Active Cycle",0.190020,0.196954,0.193448
"GeForce GTX 1080 Ti (0)","void reduceSinglePass<unsigned int=128, bool=1>(float const *, float*, unsigned int)",100,"tex_utilization","Unified Cache Utilization","Low (1)","Low (1)","Low (1)"
"GeForce GTX 1080 Ti (0)","void reduceSinglePass<unsigned int=128, bool=1>(float const *, float*, unsigned int)",100,"l2_utilization","L2 Cache Utilization","Low (2)","Low (2)","Low (2)"
"GeForce GTX 1080 Ti (0)","void reduceSinglePass<unsigned int=128, bool=1>(float const *, float*, unsigned int)",100,"shared_utilization","Shared Memory Utilization","Low (1)","Low (1)","Low (1)"
"GeForce GTX 1080 Ti (0)","void reduceSinglePass<unsigned int=128, bool=1>(float const *, float*, unsigned int)",100,"ldst_fu_utilization","Load/Store Function Unit Utilization","Low (1)","Low (1)","Low (1)"
"GeForce GTX 1080 Ti (0)","void reduceSinglePass<unsigned int=128, bool=1>(float const *, float*, unsigned int)",100,"cf_fu_utilization","Control-Flow Function Unit Utilization","Low (1)","Low (1)","Low (1)"
"GeForce GTX 1080 Ti (0)","void reduceSinglePass<unsigned int=128, bool=1>(float const *, float*, unsigned int)",100,"special_fu_utilization","Special Function Unit Utilization","Idle (0)","Idle (0)","Idle (0)"
"GeForce GTX 1080 Ti (0)","void reduceSinglePass<unsigned int=128, bool=1>(float const *, float*, unsigned int)",100,"tex_fu_utilization","Texture Function Unit Utilization","Low (1)","Low (1)","Low (1)"
"GeForce GTX 1080 Ti (0)","void reduceSinglePass<unsigned int=128, bool=1>(float const *, float*, unsigned int)",100,"single_precision_fu_utilization","Single-Precision Function Unit Utilization","Low (1)","Low (1)","Low (1)"
"GeForce GTX 1080 Ti (0)","void reduceSinglePass<unsigned int=128, bool=1>(float const *, float*, unsigned int)",100,"double_precision_fu_utilization","Double-Precision Function Unit Utilization","Idle (0)","Idle (0)","Idle (0)"
"GeForce GTX 1080 Ti (0)","void reduceSinglePass<unsigned int=128, bool=1>(float const *, float*, unsigned int)",100,"flop_hp_efficiency","FLOP Efficiency(Peak Half)",0.000000%,0.000000%,0.000000%
"GeForce GTX 1080 Ti (0)","void reduceSinglePass<unsigned int=128, bool=1>(float const *, float*, unsigned int)",100,"flop_sp_efficiency","FLOP Efficiency(Peak Single)",0.298315%,0.313108%,0.304495%
"GeForce GTX 1080 Ti (0)","void reduceSinglePass<unsigned int=128, bool=1>(float const *, float*, unsigned int)",100,"flop_dp_efficiency","FLOP Efficiency(Peak Double)",0.000000%,0.000000%,0.000000%
"GeForce GTX 1080 Ti (0)","void reduceSinglePass<unsigned int=128, bool=1>(float const *, float*, unsigned int)",100,"dram_read_transactions","Device Memory Read Transactions",130845,131169,131020
"GeForce GTX 1080 Ti (0)","void reduceSinglePass<unsigned int=128, bool=1>(float const *, float*, unsigned int)",100,"dram_write_transactions","Device Memory Write Transactions",42268,43356,42798
"GeForce GTX 1080 Ti (0)","void reduceSinglePass<unsigned int=128, bool=1>(float const *, float*, unsigned int)",100,"dram_read_throughput","Device Memory Read Throughput",128.706420GB/s,130.630987GB/s,129.706226GB/s
"GeForce GTX 1080 Ti (0)","void reduceSinglePass<unsigned int=128, bool=1>(float const *, float*, unsigned int)",100,"dram_write_throughput","Device Memory Write Throughput",41.829140GB/s,42.886365GB/s,42.368658GB/s
"GeForce GTX 1080 Ti (0)","void reduceSinglePass<unsigned int=128, bool=1>(float const *, float*, unsigned int)",100,"dram_utilization","Device Memory Utilization","Mid (4)","Mid (4)","Mid (4)"
"GeForce GTX 1080 Ti (0)","void reduceSinglePass<unsigned int=128, bool=1>(float const *, float*, unsigned int)",100,"half_precision_fu_utilization","Half-Precision Function Unit Utilization","Idle (0)","Idle (0)","Idle (0)"
"GeForce GTX 1080 Ti (0)","void reduceSinglePass<unsigned int=128, bool=1>(float const *, float*, unsigned int)",100,"ecc_transactions","ECC Transactions",0,0,0
"GeForce GTX 1080 Ti (0)","void reduceSinglePass<unsigned int=128, bool=1>(float const *, float*, unsigned int)",100,"ecc_throughput","ECC Throughput",0.000000B/s,0.000000B/s,0.000000B/s
